fecha,planta,energia_MWh
2022-01-01,CELEC_SUR,23746.29167
2022-01-01,MAZAR,1862.03881
2022-01-01,MOLINO,13859.547825
2022-01-01,MSF,1425.51
2022-01-01,SOPLADORA,6599.195035
2022-01-02,CELEC_SUR,28267.469919
2022-01-02,MAZAR,2585.779955
2022-01-02,MOLINO,15824.298616
2022-01-02,MSF,1607.12
2022-01-02,SOPLADORA,8250.271348
2022-01-03,CELEC_SUR,34108.420929
2022-01-03,MAZAR,3390.094742
2022-01-03,MOLINO,17448.299895
2022-01-03,MSF,3757.59
2022-01-03,SOPLADORA,9512.436292
2022-01-04,CELEC_SUR,38883.035484
2022-01-04,MAZAR,4077.811493
2022-01-04,MOLINO,19933.962062
2022-01-04,MSF,4275.38
2022-01-04,SOPLADORA,10595.881929
2022-01-05,CELEC_SUR,37736.038472
2022-01-05,MAZAR,4074.65852
2022-01-05,MOLINO,20339.712368
2022-01-05,MSF,2161.29
2022-01-05,SOPLADORA,11160.377584
2022-01-06,CELEC_SUR,33419.98198
2022-01-06,MAZAR,3904.869255
2022-01-06,MOLINO,18550.307005
2022-01-06,MSF,665.37
2022-01-06,SOPLADORA,10299.43572
2022-01-07,CELEC_SUR,29555.664122
2022-01-07,MAZAR,3814.819039
2022-01-07,MOLINO,16306.866681
2022-01-07,MSF,711.13
2022-01-07,SOPLADORA,8722.848402
2022-01-08,CELEC_SUR,37547.784687
2022-01-08,MAZAR,3336.635396
2022-01-08,MOLINO,21477.365655
2022-01-08,MSF,1660.88
2022-01-08,SOPLADORA,11072.903636
2022-01-09,CELEC_SUR,37089.841383
2022-01-09,MAZAR,3830.154249
2022-01-09,MOLINO,20970.13825
2022-01-09,MSF,1743.97
2022-01-09,SOPLADORA,10545.578884
2022-01-10,CELEC_SUR,37247.258333
2022-01-10,MAZAR,4062.208052
2022-01-10,MOLINO,20578.97452
2022-01-10,MSF,1405.77
2022-01-10,SOPLADORA,11200.305761
2022-01-11,CELEC_SUR,33008.132885
2022-01-11,MAZAR,2857.237844
2022-01-11,MOLINO,18692.658882
2022-01-11,MSF,1503.24
2022-01-11,SOPLADORA,9954.996159
2022-01-12,CELEC_SUR,22872.446559
2022-01-12,MAZAR,2011.819023
2022-01-12,MOLINO,13496.281077
2022-01-12,MSF,665.85
2022-01-12,SOPLADORA,6698.496459
2022-01-13,CELEC_SUR,19836.617816
2022-01-13,MAZAR,2654.388348
2022-01-13,MOLINO,11092.436197
2022-01-13,MSF,445.55
2022-01-13,SOPLADORA,5644.243271
2022-01-14,CELEC_SUR,19729.152456
2022-01-14,MAZAR,3607.215528
2022-01-14,MOLINO,10277.22844
2022-01-14,MSF,483.45
2022-01-14,SOPLADORA,5361.258488
2022-01-15,CELEC_SUR,17513.987006
2022-01-15,MAZAR,2515.268769
2022-01-15,MOLINO,9380.384917
2022-01-15,MSF,772.18
2022-01-15,SOPLADORA,4846.15332
2022-01-16,CELEC_SUR,14182.198404
2022-01-16,MAZAR,1427.971198
2022-01-16,MOLINO,7242.237094
2022-01-16,MSF,1716.48
2022-01-16,SOPLADORA,3795.510112
2022-01-17,CELEC_SUR,27836.580654
2022-01-17,MAZAR,2038.394844
2022-01-17,MOLINO,15788.66541
2022-01-17,MSF,1587.0
2022-01-17,SOPLADORA,8422.5204
2022-01-18,CELEC_SUR,26241.230241
2022-01-18,MAZAR,2375.964182
2022-01-18,MOLINO,14230.191668
2022-01-18,MSF,1741.225
2022-01-18,SOPLADORA,7893.849391
2022-01-19,CELEC_SUR,22792.500774
2022-01-19,MAZAR,1792.189976
2022-01-19,MOLINO,13136.356105
2022-01-19,MSF,638.87
2022-01-19,SOPLADORA,7225.084693
2022-01-20,CELEC_SUR,26098.787898
2022-01-20,MAZAR,2244.625276
2022-01-20,MOLINO,14849.560705
2022-01-20,MSF,1019.002
2022-01-20,SOPLADORA,7985.599917
2022-01-21,CELEC_SUR,24347.78264
2022-01-21,MAZAR,1764.799929
2022-01-21,MOLINO,13487.778927
2022-01-21,MSF,1892.12
2022-01-21,SOPLADORA,7203.083784
2022-01-22,CELEC_SUR,21044.851031
2022-01-22,MAZAR,1672.264097
2022-01-22,MOLINO,10660.218807
2022-01-22,MSF,3170.88
2022-01-22,SOPLADORA,5541.488127
2022-01-23,CELEC_SUR,18312.700532
2022-01-23,MAZAR,1854.794738
2022-01-23,MOLINO,9093.135358
2022-01-23,MSF,3376.75
2022-01-23,SOPLADORA,3988.020436
2022-01-24,CELEC_SUR,23560.856851
2022-01-24,MAZAR,2353.479912
2022-01-24,MOLINO,13194.941663
2022-01-24,MSF,979.83
2022-01-24,SOPLADORA,7032.605276
2022-01-25,CELEC_SUR,21877.801803
2022-01-25,MAZAR,1016.908361
2022-01-25,MOLINO,12227.239329
2022-01-25,MSF,2262.25
2022-01-25,SOPLADORA,6371.404113
2022-01-26,CELEC_SUR,23751.472566
2022-01-26,MAZAR,1154.168909
2022-01-26,MOLINO,11151.467679
2022-01-26,MSF,5757.12
2022-01-26,SOPLADORA,5688.715978
2022-01-27,CELEC_SUR,20621.594255
2022-01-27,MAZAR,1640.10419
2022-01-27,MOLINO,8977.313367
2022-01-27,MSF,5660.62
2022-01-27,SOPLADORA,4343.556698
2022-01-28,CELEC_SUR,20442.384451
2022-01-28,MAZAR,1704.482119
2022-01-28,MOLINO,8650.076754
2022-01-28,MSF,5466.26
2022-01-28,SOPLADORA,4621.565578
2022-01-29,CELEC_SUR,19666.082121
2022-01-29,MAZAR,1278.405659
2022-01-29,MOLINO,7961.413755
2022-01-29,MSF,6217.99
2022-01-29,SOPLADORA,4208.272707
2022-01-30,CELEC_SUR,21203.211611
2022-01-30,MAZAR,1833.768597
2022-01-30,MOLINO,8496.892918
2022-01-30,MSF,6492.57
2022-01-30,SOPLADORA,4379.980096
2022-01-31,CELEC_SUR,22871.286098
2022-01-31,MAZAR,1782.814775
2022-01-31,MOLINO,10464.582474
2022-01-31,MSF,5640.75
2022-01-31,SOPLADORA,4983.138849
2022-02-01,CELEC_SUR,19288.753487
2022-02-01,MAZAR,1567.475778
2022-02-01,MOLINO,8382.786663
2022-02-01,MSF,5329.51
2022-02-01,SOPLADORA,4008.981046
2022-02-02,CELEC_SUR,22298.627564
2022-02-02,MAZAR,1657.308719
2022-02-02,MOLINO,10432.074886
2022-02-02,MSF,4952.12
2022-02-02,SOPLADORA,5257.123959
2022-02-03,CELEC_SUR,24382.977977
2022-02-03,MAZAR,1634.350587
2022-02-03,MOLINO,12130.599959
2022-02-03,MSF,4531.75
2022-02-03,SOPLADORA,6086.277431
2022-02-04,CELEC_SUR,29759.375457
2022-02-04,MAZAR,2013.379654
2022-02-04,MOLINO,16428.014285
2022-02-04,MSF,4098.37
2022-02-04,SOPLADORA,7219.611518
2022-02-05,CELEC_SUR,23082.988888
2022-02-05,MAZAR,1885.441552
2022-02-05,MOLINO,12472.213303
2022-02-05,MSF,2281.38
2022-02-05,SOPLADORA,6443.954033
2022-02-06,CELEC_SUR,13451.830667
2022-02-06,MAZAR,1127.674883
2022-02-06,MOLINO,6066.847746
2022-02-06,MSF,3262.88
2022-02-06,SOPLADORA,2994.428038
2022-02-07,CELEC_SUR,18869.537077
2022-02-07,MAZAR,1581.424362
2022-02-07,MOLINO,8539.703385
2022-02-07,MSF,4381.99
2022-02-07,SOPLADORA,4366.41933
2022-02-08,CELEC_SUR,17804.344941
2022-02-08,MAZAR,1759.493404
2022-02-08,MOLINO,8204.976129
2022-02-08,MSF,3641.4
2022-02-08,SOPLADORA,4198.475408
2022-02-09,CELEC_SUR,19995.382102
2022-02-09,MAZAR,1909.513425
2022-02-09,MOLINO,8592.681974
2022-02-09,MSF,5068.28
2022-02-09,SOPLADORA,4424.906703
2022-02-10,CELEC_SUR,24268.80417
2022-02-10,MAZAR,2441.746826
2022-02-10,MOLINO,11265.035342
2022-02-10,MSF,4722.17
2022-02-10,SOPLADORA,5839.852002
2022-02-11,CELEC_SUR,25020.450034
2022-02-11,MAZAR,1858.485936
2022-02-11,MOLINO,13085.730025
2022-02-11,MSF,3807.87
2022-02-11,SOPLADORA,6268.364073
2022-02-12,CELEC_SUR,19886.365428
2022-02-12,MAZAR,1425.493008
2022-02-12,MOLINO,8397.16967
2022-02-12,MSF,5934.98
2022-02-12,SOPLADORA,4128.72275
2022-02-13,CELEC_SUR,17042.433091
2022-02-13,MAZAR,1614.970035
2022-02-13,MOLINO,6110.788568
2022-02-13,MSF,6339.49
2022-02-13,SOPLADORA,2977.184488
2022-02-14,CELEC_SUR,25507.238476
2022-02-14,MAZAR,2301.591361
2022-02-14,MOLINO,11672.288803
2022-02-14,MSF,5948.47
2022-02-14,SOPLADORA,5584.888312
2022-02-15,CELEC_SUR,26500.530491
2022-02-15,MAZAR,1836.963896
2022-02-15,MOLINO,12380.762055
2022-02-15,MSF,5987.38
2022-02-15,SOPLADORA,6295.42454
2022-02-16,CELEC_SUR,28206.014961
2022-02-16,MAZAR,2282.580958
2022-02-16,MOLINO,13279.204067
2022-02-16,MSF,5947.21
2022-02-16,SOPLADORA,6697.019936
2022-02-17,CELEC_SUR,28783.883359
2022-02-17,MAZAR,2414.436294
2022-02-17,MOLINO,13385.170718
2022-02-17,MSF,6184.38
2022-02-17,SOPLADORA,6799.896347
2022-02-18,CELEC_SUR,27430.877435
2022-02-18,MAZAR,2125.507026
2022-02-18,MOLINO,13529.664993
2022-02-18,MSF,4572.0
2022-02-18,SOPLADORA,7203.705416
2022-02-19,CELEC_SUR,23690.368974
2022-02-19,MAZAR,2200.648405
2022-02-19,MOLINO,10502.357459
2022-02-19,MSF,5432.63
2022-02-19,SOPLADORA,5554.73311
2022-02-20,CELEC_SUR,21766.498329
2022-02-20,MAZAR,1870.504325
2022-02-20,MOLINO,10085.103272
2022-02-20,MSF,4220.62
2022-02-20,SOPLADORA,5590.270732
2022-02-21,CELEC_SUR,26778.489384
2022-02-21,MAZAR,1857.895194
2022-02-21,MOLINO,13621.595438
2022-02-21,MSF,3995.653
2022-02-21,SOPLADORA,7303.345752
2022-02-22,CELEC_SUR,34031.4484
2022-02-22,MAZAR,2285.87139
2022-02-22,MOLINO,17690.901589
2022-02-22,MSF,4542.5
2022-02-22,SOPLADORA,9512.175421
2022-02-23,CELEC_SUR,22196.128207
2022-02-23,MAZAR,1378.963451
2022-02-23,MOLINO,11412.570365
2022-02-23,MSF,3722.57
2022-02-23,SOPLADORA,5682.024391
2022-02-24,CELEC_SUR,20305.413199
2022-02-24,MAZAR,1237.203479
2022-02-24,MOLINO,9576.329655
2022-02-24,MSF,4354.59
2022-02-24,SOPLADORA,5137.290065
2022-02-25,CELEC_SUR,19954.419618
2022-02-25,MAZAR,1047.123744
2022-02-25,MOLINO,8623.109622
2022-02-25,MSF,5993.38
2022-02-25,SOPLADORA,4290.806252
2022-02-26,CELEC_SUR,14806.024299
2022-02-26,MAZAR,459.328658
2022-02-26,MOLINO,5370.531406
2022-02-26,MSF,6328.745
2022-02-26,SOPLADORA,2647.419235
2022-02-27,CELEC_SUR,15458.413658
2022-02-27,MAZAR,1618.455722
2022-02-27,MOLINO,5302.877111
2022-02-27,MSF,5909.24
2022-02-27,SOPLADORA,2627.840825
2022-02-28,CELEC_SUR,16074.49043
2022-02-28,MAZAR,1797.753548
2022-02-28,MOLINO,5208.041144
2022-02-28,MSF,6414.04
2022-02-28,SOPLADORA,2654.655738
2022-03-01,CELEC_SUR,16674.651775
2022-03-01,MAZAR,938.16156
2022-03-01,MOLINO,6173.118395
2022-03-01,MSF,6534.87
2022-03-01,SOPLADORA,3028.50182
2022-03-02,CELEC_SUR,19567.794958
2022-03-02,MAZAR,825.519792
2022-03-02,MOLINO,8853.356354
2022-03-02,MSF,5324.08
2022-03-02,SOPLADORA,4564.838812
2022-03-03,CELEC_SUR,24655.307823
2022-03-03,MAZAR,1060.897349
2022-03-03,MOLINO,12512.902791
2022-03-03,MSF,4337.37
2022-03-03,SOPLADORA,6744.137683
2022-03-04,CELEC_SUR,24898.691038
2022-03-04,MAZAR,1886.744914
2022-03-04,MOLINO,11472.542291
2022-03-04,MSF,5564.13
2022-03-04,SOPLADORA,5975.273833
2022-03-05,CELEC_SUR,24799.198561
2022-03-05,MAZAR,1906.513616
2022-03-05,MOLINO,11302.815305
2022-03-05,MSF,5631.5
2022-03-05,SOPLADORA,5958.36964
2022-03-06,CELEC_SUR,19716.449975
2022-03-06,MAZAR,956.634541
2022-03-06,MOLINO,8570.827093
2022-03-06,MSF,5750.04
2022-03-06,SOPLADORA,4438.948341
2022-03-07,CELEC_SUR,30984.487569
2022-03-07,MAZAR,2794.775852
2022-03-07,MOLINO,15638.151831
2022-03-07,MSF,5585.63
2022-03-07,SOPLADORA,6965.929886
2022-03-08,CELEC_SUR,36434.65202
2022-03-08,MAZAR,3049.657937
2022-03-08,MOLINO,18003.769135
2022-03-08,MSF,5763.5
2022-03-08,SOPLADORA,9617.724948
2022-03-09,CELEC_SUR,39259.839434
2022-03-09,MAZAR,2865.884675
2022-03-09,MOLINO,20229.308714
2022-03-09,MSF,5575.14
2022-03-09,SOPLADORA,10589.506045
2022-03-10,CELEC_SUR,39477.563988
2022-03-10,MAZAR,3543.607888
2022-03-10,MOLINO,19824.669258
2022-03-10,MSF,5960.96
2022-03-10,SOPLADORA,10148.326842
2022-03-11,CELEC_SUR,38656.024081
2022-03-11,MAZAR,3593.688635
2022-03-11,MOLINO,18912.995301
2022-03-11,MSF,6101.09
2022-03-11,SOPLADORA,10048.250145
2022-03-12,CELEC_SUR,36441.657449
2022-03-12,MAZAR,2769.745839
2022-03-12,MOLINO,18726.839404
2022-03-12,MSF,4969.23
2022-03-12,SOPLADORA,9975.842206
2022-03-13,CELEC_SUR,30588.294837
2022-03-13,MAZAR,1938.387727
2022-03-13,MOLINO,15577.150132
2022-03-13,MSF,5037.29
2022-03-13,SOPLADORA,8035.466978
2022-03-14,CELEC_SUR,25095.350296
2022-03-14,MAZAR,1731.36581
2022-03-14,MOLINO,11465.479667
2022-03-14,MSF,5898.26
2022-03-14,SOPLADORA,6000.244819
2022-03-15,CELEC_SUR,29220.712855
2022-03-15,MAZAR,2356.06735
2022-03-15,MOLINO,13704.210685
2022-03-15,MSF,6127.12
2022-03-15,SOPLADORA,7033.31482
2022-03-16,CELEC_SUR,33238.820267
2022-03-16,MAZAR,3303.381453
2022-03-16,MOLINO,15553.944554
2022-03-16,MSF,5958.24
2022-03-16,SOPLADORA,8423.25426
2022-03-17,CELEC_SUR,31312.692911
2022-03-17,MAZAR,2768.943058
2022-03-17,MOLINO,15109.786639
2022-03-17,MSF,5752.89
2022-03-17,SOPLADORA,7681.073214
2022-03-18,CELEC_SUR,35310.066553
2022-03-18,MAZAR,2971.641603
2022-03-18,MOLINO,17587.248485
2022-03-18,MSF,5342.5
2022-03-18,SOPLADORA,9408.676465
2022-03-19,CELEC_SUR,31809.912493
2022-03-19,MAZAR,3105.852857
2022-03-19,MOLINO,15866.810828
2022-03-19,MSF,4991.88
2022-03-19,SOPLADORA,7845.368808
2022-03-20,CELEC_SUR,24991.718096
2022-03-20,MAZAR,705.214293
2022-03-20,MOLINO,12396.471015
2022-03-20,MSF,5581.72
2022-03-20,SOPLADORA,6308.312788
2022-03-21,CELEC_SUR,30003.089802
2022-03-21,MAZAR,1560.5047
2022-03-21,MOLINO,15327.55552
2022-03-21,MSF,5211.67
2022-03-21,SOPLADORA,7903.359582
2022-03-22,CELEC_SUR,30801.144751
2022-03-22,MAZAR,2035.044348
2022-03-22,MOLINO,14469.543189
2022-03-22,MSF,6249.99
2022-03-22,SOPLADORA,8046.567214
2022-03-23,CELEC_SUR,33393.975808
2022-03-23,MAZAR,2747.005988
2022-03-23,MOLINO,16087.14963
2022-03-23,MSF,5854.65
2022-03-23,SOPLADORA,8705.17019
2022-03-24,CELEC_SUR,33909.922056
2022-03-24,MAZAR,3082.465575
2022-03-24,MOLINO,16474.17139
2022-03-24,MSF,5729.57
2022-03-24,SOPLADORA,8623.715091
2022-03-25,CELEC_SUR,24659.243262
2022-03-25,MAZAR,2099.953217
2022-03-25,MOLINO,13691.319165
2022-03-25,MSF,1877.22
2022-03-25,SOPLADORA,6990.75088
2022-03-26,CELEC_SUR,24740.800033
2022-03-26,MAZAR,3273.751984
2022-03-26,MOLINO,14253.852157
2022-03-26,MSF,0.0
2022-03-26,SOPLADORA,7213.195892
2022-03-27,CELEC_SUR,20822.958338
2022-03-27,MAZAR,1198.014031
2022-03-27,MOLINO,13092.323365
2022-03-27,MSF,0.0
2022-03-27,SOPLADORA,6532.620942
2022-03-28,CELEC_SUR,24305.753398
2022-03-28,MAZAR,2158.112035
2022-03-28,MOLINO,14523.60195
2022-03-28,MSF,0.0
2022-03-28,SOPLADORA,7624.039413
2022-03-29,CELEC_SUR,27760.13014
2022-03-29,MAZAR,3298.583496
2022-03-29,MOLINO,16019.869203
2022-03-29,MSF,0.0
2022-03-29,SOPLADORA,8441.677441
2022-03-30,CELEC_SUR,28504.121118
2022-03-30,MAZAR,3290.072754
2022-03-30,MOLINO,16507.111199
2022-03-30,MSF,0.0
2022-03-30,SOPLADORA,8706.937165
2022-03-31,CELEC_SUR,27529.103629
2022-03-31,MAZAR,2894.932668
2022-03-31,MOLINO,16397.438567
2022-03-31,MSF,0.0
2022-03-31,SOPLADORA,8236.732394
2022-04-01,CELEC_SUR,28396.764018
2022-04-01,MAZAR,1299.381864
2022-04-01,MOLINO,18235.522432
2022-04-01,MSF,0.0
2022-04-01,SOPLADORA,8861.859722
2022-04-02,CELEC_SUR,19551.897466
2022-04-02,MAZAR,3166.08473
2022-04-02,MOLINO,10753.82886
2022-04-02,MSF,0.0
2022-04-02,SOPLADORA,5631.983876
2022-04-03,CELEC_SUR,17758.432601
2022-04-03,MAZAR,3122.155971
2022-04-03,MOLINO,11058.23975
2022-04-03,MSF,0.0
2022-04-03,SOPLADORA,3578.03688
2022-04-04,CELEC_SUR,24067.230465
2022-04-04,MAZAR,1746.581539
2022-04-04,MOLINO,15364.317736
2022-04-04,MSF,0.0
2022-04-04,SOPLADORA,6956.33119
2022-04-05,CELEC_SUR,28018.832415
2022-04-05,MAZAR,1801.571332
2022-04-05,MOLINO,17447.624183
2022-04-05,MSF,0.0
2022-04-05,SOPLADORA,8769.6369
2022-04-06,CELEC_SUR,24865.870742
2022-04-06,MAZAR,1801.47502
2022-04-06,MOLINO,15462.404625
2022-04-06,MSF,0.0
2022-04-06,SOPLADORA,7601.991097
2022-04-07,CELEC_SUR,29050.308776
2022-04-07,MAZAR,1802.112167
2022-04-07,MOLINO,17872.885177
2022-04-07,MSF,0.0
2022-04-07,SOPLADORA,9375.311432
2022-04-08,CELEC_SUR,30093.035526
2022-04-08,MAZAR,1719.521285
2022-04-08,MOLINO,18498.873865
2022-04-08,MSF,0.0
2022-04-08,SOPLADORA,9874.640376
2022-04-09,CELEC_SUR,23711.198401
2022-04-09,MAZAR,5.761
2022-04-09,MOLINO,15760.742706
2022-04-09,MSF,0.0
2022-04-09,SOPLADORA,7944.694695
2022-04-10,CELEC_SUR,19553.956526
2022-04-10,MAZAR,562.506374
2022-04-10,MOLINO,13067.792963
2022-04-10,MSF,0.0
2022-04-10,SOPLADORA,5923.657189
2022-04-11,CELEC_SUR,22834.031983
2022-04-11,MAZAR,1739.958423
2022-04-11,MOLINO,13911.806615
2022-04-11,MSF,0.0
2022-04-11,SOPLADORA,7182.266945
2022-04-12,CELEC_SUR,23693.465014
2022-04-12,MAZAR,1826.597004
2022-04-12,MOLINO,14147.530034
2022-04-12,MSF,0.0
2022-04-12,SOPLADORA,7719.337976
2022-04-13,CELEC_SUR,22465.971038
2022-04-13,MAZAR,1819.619549
2022-04-13,MOLINO,13384.354581
2022-04-13,MSF,0.0
2022-04-13,SOPLADORA,7261.996908
2022-04-14,CELEC_SUR,20321.599126
2022-04-14,MAZAR,1571.863733
2022-04-14,MOLINO,12444.945247
2022-04-14,MSF,0.0
2022-04-14,SOPLADORA,6304.790146
2022-04-15,CELEC_SUR,19890.470366
2022-04-15,MAZAR,988.368211
2022-04-15,MOLINO,12001.414673
2022-04-15,MSF,541.4
2022-04-15,SOPLADORA,6359.287482
2022-04-16,CELEC_SUR,24925.628548
2022-04-16,MAZAR,1720.161884
2022-04-16,MOLINO,13871.197872
2022-04-16,MSF,2111.72
2022-04-16,SOPLADORA,7222.548792
2022-04-17,CELEC_SUR,20072.489651
2022-04-17,MAZAR,1667.181348
2022-04-17,MOLINO,11122.696703
2022-04-17,MSF,1772.75
2022-04-17,SOPLADORA,5509.8616
2022-04-18,CELEC_SUR,27013.583507
2022-04-18,MAZAR,1745.656803
2022-04-18,MOLINO,15370.347517
2022-04-18,MSF,1904.97
2022-04-18,SOPLADORA,7992.609187
2022-04-19,CELEC_SUR,31050.186707
2022-04-19,MAZAR,1602.07954
2022-04-19,MOLINO,18086.658316
2022-04-19,MSF,1962.08
2022-04-19,SOPLADORA,9399.368851
2022-04-20,CELEC_SUR,23209.456277
2022-04-20,MAZAR,368.746234
2022-04-20,MOLINO,14322.437571
2022-04-20,MSF,2100.64
2022-04-20,SOPLADORA,6417.632472
2022-04-21,CELEC_SUR,27808.757383
2022-04-21,MAZAR,707.124875
2022-04-21,MOLINO,17504.628819
2022-04-21,MSF,2010.9
2022-04-21,SOPLADORA,7586.103689
2022-04-22,CELEC_SUR,29031.287531
2022-04-22,MAZAR,0.0
2022-04-22,MOLINO,18047.613231
2022-04-22,MSF,4069.98
2022-04-22,SOPLADORA,6913.6943
2022-04-23,CELEC_SUR,25201.688758
2022-04-23,MAZAR,232.160832
2022-04-23,MOLINO,15358.483731
2022-04-23,MSF,3201.663
2022-04-23,SOPLADORA,6409.381195
2022-04-24,CELEC_SUR,20537.899972
2022-04-24,MAZAR,685.554364
2022-04-24,MOLINO,12329.852504
2022-04-24,MSF,3133.25
2022-04-24,SOPLADORA,4389.243104
2022-04-25,CELEC_SUR,22798.693808
2022-04-25,MAZAR,2545.206249
2022-04-25,MOLINO,11994.582187
2022-04-25,MSF,2147.0
2022-04-25,SOPLADORA,6111.905372
2022-04-26,CELEC_SUR,24223.381882
2022-04-26,MAZAR,3753.539816
2022-04-26,MOLINO,11683.759052
2022-04-26,MSF,3035.6
2022-04-26,SOPLADORA,5750.483014
2022-04-27,CELEC_SUR,28462.520119
2022-04-27,MAZAR,2591.302807
2022-04-27,MOLINO,14841.393814
2022-04-27,MSF,3817.37
2022-04-27,SOPLADORA,7212.453498
2022-04-28,CELEC_SUR,26289.724442
2022-04-28,MAZAR,2063.542833
2022-04-28,MOLINO,13941.630726
2022-04-28,MSF,4086.75
2022-04-28,SOPLADORA,6197.800883
2022-04-29,CELEC_SUR,25929.119382
2022-04-29,MAZAR,1426.90333
2022-04-29,MOLINO,14073.440288
2022-04-29,MSF,4189.012
2022-04-29,SOPLADORA,6239.763764
2022-04-30,CELEC_SUR,37362.198678
2022-04-30,MAZAR,3745.919912
2022-04-30,MOLINO,18739.897512
2022-04-30,MSF,5063.13
2022-04-30,SOPLADORA,9813.251254
2022-05-01,CELEC_SUR,30980.221952
2022-05-01,MAZAR,448.778153
2022-05-01,MOLINO,17225.659437
2022-05-01,MSF,6158.38
2022-05-01,SOPLADORA,7147.404362
2022-05-02,CELEC_SUR,23280.078476
2022-05-02,MAZAR,1469.210432
2022-05-02,MOLINO,11520.051961
2022-05-02,MSF,4707.37
2022-05-02,SOPLADORA,5583.446083
2022-05-03,CELEC_SUR,27858.679169
2022-05-03,MAZAR,3801.598676
2022-05-03,MOLINO,13600.046485
2022-05-03,MSF,5226.34
2022-05-03,SOPLADORA,5230.694008
2022-05-04,CELEC_SUR,29096.02763
2022-05-04,MAZAR,2314.132112
2022-05-04,MOLINO,14901.620213
2022-05-04,MSF,4268.7
2022-05-04,SOPLADORA,7611.575305
2022-05-05,CELEC_SUR,29617.925505
2022-05-05,MAZAR,1742.522955
2022-05-05,MOLINO,15761.168186
2022-05-05,MSF,4807.81
2022-05-05,SOPLADORA,7306.424364
2022-05-06,CELEC_SUR,28659.801254
2022-05-06,MAZAR,1806.323535
2022-05-06,MOLINO,15884.508898
2022-05-06,MSF,4914.76
2022-05-06,SOPLADORA,6054.208821
2022-05-07,CELEC_SUR,23990.183412
2022-05-07,MAZAR,597.869091
2022-05-07,MOLINO,12305.554336
2022-05-07,MSF,5239.2
2022-05-07,SOPLADORA,5847.559985
2022-05-08,CELEC_SUR,21133.033397
2022-05-08,MAZAR,827.50561
2022-05-08,MOLINO,10720.415493
2022-05-08,MSF,4262.8
2022-05-08,SOPLADORA,5322.312294
2022-05-09,CELEC_SUR,25872.02224
2022-05-09,MAZAR,2113.951107
2022-05-09,MOLINO,12765.93376
2022-05-09,MSF,4590.88
2022-05-09,SOPLADORA,6401.257373
2022-05-10,CELEC_SUR,25701.293782
2022-05-10,MAZAR,2148.335815
2022-05-10,MOLINO,12494.00062
2022-05-10,MSF,5055.83
2022-05-10,SOPLADORA,6003.127347
2022-05-11,CELEC_SUR,27137.226059
2022-05-11,MAZAR,2612.866948
2022-05-11,MOLINO,12826.172906
2022-05-11,MSF,5821.88
2022-05-11,SOPLADORA,5876.306205
2022-05-12,CELEC_SUR,28492.175932
2022-05-12,MAZAR,2078.882036
2022-05-12,MOLINO,14685.06448
2022-05-12,MSF,5487.62
2022-05-12,SOPLADORA,6240.609416
2022-05-13,CELEC_SUR,27434.783235
2022-05-13,MAZAR,1419.548324
2022-05-13,MOLINO,14556.002386
2022-05-13,MSF,5233.5
2022-05-13,SOPLADORA,6225.732525
2022-05-14,CELEC_SUR,28311.483399
2022-05-14,MAZAR,1725.736686
2022-05-14,MOLINO,14378.062054
2022-05-14,MSF,6001.76
2022-05-14,SOPLADORA,6205.924659
2022-05-15,CELEC_SUR,28783.343291
2022-05-15,MAZAR,1217.400612
2022-05-15,MOLINO,15290.877073
2022-05-15,MSF,5838.48
2022-05-15,SOPLADORA,6436.585606
2022-05-16,CELEC_SUR,27349.820782
2022-05-16,MAZAR,1670.034487
2022-05-16,MOLINO,16171.732586
2022-05-16,MSF,4550.02
2022-05-16,SOPLADORA,4958.033709
2022-05-17,CELEC_SUR,28402.905422
2022-05-17,MAZAR,2128.123349
2022-05-17,MOLINO,15523.374207
2022-05-17,MSF,4457.44
2022-05-17,SOPLADORA,6293.967866
2022-05-18,CELEC_SUR,26897.060803
2022-05-18,MAZAR,2307.22196
2022-05-18,MOLINO,14779.073839
2022-05-18,MSF,4515.36
2022-05-18,SOPLADORA,5295.405004
2022-05-19,CELEC_SUR,30880.023729
2022-05-19,MAZAR,2323.563522
2022-05-19,MOLINO,17386.078875
2022-05-19,MSF,4633.61
2022-05-19,SOPLADORA,6536.771332
2022-05-20,CELEC_SUR,30009.01394
2022-05-20,MAZAR,3046.37681
2022-05-20,MOLINO,16294.250844
2022-05-20,MSF,4348.97
2022-05-20,SOPLADORA,6319.416286
2022-05-21,CELEC_SUR,27331.629493
2022-05-21,MAZAR,1628.219858
2022-05-21,MOLINO,14728.974558
2022-05-21,MSF,5280.43
2022-05-21,SOPLADORA,5694.005077
2022-05-22,CELEC_SUR,27882.80408
2022-05-22,MAZAR,454.004113
2022-05-22,MOLINO,17244.384945
2022-05-22,MSF,3811.004
2022-05-22,SOPLADORA,6373.411022
2022-05-23,CELEC_SUR,26897.00694
2022-05-23,MAZAR,645.11419
2022-05-23,MOLINO,16925.334879
2022-05-23,MSF,3274.87
2022-05-23,SOPLADORA,6051.687871
2022-05-24,CELEC_SUR,26867.621171
2022-05-24,MAZAR,221.551329
2022-05-24,MOLINO,16024.552375
2022-05-24,MSF,4567.5
2022-05-24,SOPLADORA,6054.017467
2022-05-25,CELEC_SUR,25329.07225
2022-05-25,MAZAR,192.697795
2022-05-25,MOLINO,15322.896448
2022-05-25,MSF,3057.13
2022-05-25,SOPLADORA,6756.348007
2022-05-26,CELEC_SUR,28273.693781
2022-05-26,MAZAR,0.0
2022-05-26,MOLINO,16120.024446
2022-05-26,MSF,4973.75
2022-05-26,SOPLADORA,7179.919335
2022-05-27,CELEC_SUR,28660.354305
2022-05-27,MAZAR,627.480616
2022-05-27,MOLINO,15705.543141
2022-05-27,MSF,5718.36
2022-05-27,SOPLADORA,6608.970548
2022-05-28,CELEC_SUR,25041.355071
2022-05-28,MAZAR,172.122171
2022-05-28,MOLINO,14438.323494
2022-05-28,MSF,4163.01
2022-05-28,SOPLADORA,6267.899406
2022-05-29,CELEC_SUR,23910.214191
2022-05-29,MAZAR,193.229554
2022-05-29,MOLINO,13947.626551
2022-05-29,MSF,3988.2
2022-05-29,SOPLADORA,5781.158086
2022-05-30,CELEC_SUR,25836.841953
2022-05-30,MAZAR,832.846454
2022-05-30,MOLINO,15343.080551
2022-05-30,MSF,2763.61
2022-05-30,SOPLADORA,6897.304948
2022-05-31,CELEC_SUR,28545.402631
2022-05-31,MAZAR,719.96109
2022-05-31,MOLINO,16270.778355
2022-05-31,MSF,4013.658
2022-05-31,SOPLADORA,7541.005186
2022-06-01,CELEC_SUR,29236.280192
2022-06-01,MAZAR,1078.161982
2022-06-01,MOLINO,16814.638812
2022-06-01,MSF,3232.02
2022-06-01,SOPLADORA,8111.459398
2022-06-02,CELEC_SUR,29243.250668
2022-06-02,MAZAR,3149.232301
2022-06-02,MOLINO,15936.210113
2022-06-02,MSF,3087.37
2022-06-02,SOPLADORA,7070.438254
2022-06-03,CELEC_SUR,25773.200181
2022-06-03,MAZAR,3029.76616
2022-06-03,MOLINO,14682.563083
2022-06-03,MSF,2472.5
2022-06-03,SOPLADORA,5588.370938
2022-06-04,CELEC_SUR,24795.596017
2022-06-04,MAZAR,1334.842736
2022-06-04,MOLINO,14511.788725
2022-06-04,MSF,4961.92
2022-06-04,SOPLADORA,3987.044556
2022-06-05,CELEC_SUR,23680.765685
2022-06-05,MAZAR,1801.646756
2022-06-05,MOLINO,14105.97672
2022-06-05,MSF,3925.79
2022-06-05,SOPLADORA,3847.352209
2022-06-06,CELEC_SUR,25371.882979
2022-06-06,MAZAR,1659.215626
2022-06-06,MOLINO,15103.269356
2022-06-06,MSF,2978.22
2022-06-06,SOPLADORA,5631.177997
2022-06-07,CELEC_SUR,26847.006746
2022-06-07,MAZAR,2455.317963
2022-06-07,MOLINO,15557.09147
2022-06-07,MSF,2498.25
2022-06-07,SOPLADORA,6336.347313
2022-06-08,CELEC_SUR,27520.334406
2022-06-08,MAZAR,2563.533231
2022-06-08,MOLINO,15599.132701
2022-06-08,MSF,3133.633
2022-06-08,SOPLADORA,6224.035474
2022-06-09,CELEC_SUR,28750.115469
2022-06-09,MAZAR,1931.561343
2022-06-09,MOLINO,15566.070685
2022-06-09,MSF,4753.87
2022-06-09,SOPLADORA,6498.613441
2022-06-10,CELEC_SUR,28305.287618
2022-06-10,MAZAR,2020.702319
2022-06-10,MOLINO,14812.608006
2022-06-10,MSF,4982.5
2022-06-10,SOPLADORA,6489.477293
2022-06-11,CELEC_SUR,25378.427868
2022-06-11,MAZAR,2043.437298
2022-06-11,MOLINO,13878.107148
2022-06-11,MSF,4104.16
2022-06-11,SOPLADORA,5352.723422
2022-06-12,CELEC_SUR,25251.488653
2022-06-12,MAZAR,2017.884089
2022-06-12,MOLINO,13120.627671
2022-06-12,MSF,5000.99
2022-06-12,SOPLADORA,5111.986893
2022-06-13,CELEC_SUR,27003.487493
2022-06-13,MAZAR,253.427459
2022-06-13,MOLINO,15815.355669
2022-06-13,MSF,4204.38
2022-06-13,SOPLADORA,6730.324365
2022-06-14,CELEC_SUR,25563.26747
2022-06-14,MAZAR,1891.24153
2022-06-14,MOLINO,14917.370843
2022-06-14,MSF,2320.62
2022-06-14,SOPLADORA,6434.035097
2022-06-15,CELEC_SUR,28675.085537
2022-06-15,MAZAR,2733.737233
2022-06-15,MOLINO,15508.21935
2022-06-15,MSF,3240.5
2022-06-15,SOPLADORA,7192.628954
2022-06-16,CELEC_SUR,31758.166381
2022-06-16,MAZAR,3466.489243
2022-06-16,MOLINO,17649.771766
2022-06-16,MSF,1941.57
2022-06-16,SOPLADORA,8700.335372
2022-06-17,CELEC_SUR,30513.711713
2022-06-17,MAZAR,3686.315963
2022-06-17,MOLINO,17813.689943
2022-06-17,MSF,2221.784
2022-06-17,SOPLADORA,6791.921807
2022-06-18,CELEC_SUR,23932.319497
2022-06-18,MAZAR,2659.18541
2022-06-18,MOLINO,14738.732418
2022-06-18,MSF,1816.48
2022-06-18,SOPLADORA,4717.921669
2022-06-19,CELEC_SUR,21282.541896
2022-06-19,MAZAR,992.100826
2022-06-19,MOLINO,13866.432505
2022-06-19,MSF,2051.9
2022-06-19,SOPLADORA,4372.108565
2022-06-20,CELEC_SUR,26224.84503
2022-06-20,MAZAR,3665.539509
2022-06-20,MOLINO,14619.033433
2022-06-20,MSF,3510.63
2022-06-20,SOPLADORA,4429.642088
2022-06-21,CELEC_SUR,25918.915452
2022-06-21,MAZAR,3015.17289
2022-06-21,MOLINO,13873.755621
2022-06-21,MSF,2547.328
2022-06-21,SOPLADORA,6482.658941
2022-06-22,CELEC_SUR,25871.042388
2022-06-22,MAZAR,2592.315417
2022-06-22,MOLINO,15331.404682
2022-06-22,MSF,2190.12
2022-06-22,SOPLADORA,5757.202289
2022-06-23,CELEC_SUR,27689.913602
2022-06-23,MAZAR,2038.908705
2022-06-23,MOLINO,14039.22075
2022-06-23,MSF,4664.25
2022-06-23,SOPLADORA,6947.534147
2022-06-24,CELEC_SUR,31552.009461
2022-06-24,MAZAR,2923.837862
2022-06-24,MOLINO,14965.439585
2022-06-24,MSF,6408.38
2022-06-24,SOPLADORA,7254.352014
2022-06-25,CELEC_SUR,30911.241297
2022-06-25,MAZAR,0.0
2022-06-25,MOLINO,16522.841532
2022-06-25,MSF,6464.25
2022-06-25,SOPLADORA,7924.149765
2022-06-26,CELEC_SUR,24841.310128
2022-06-26,MAZAR,336.028199
2022-06-26,MOLINO,13144.31866
2022-06-26,MSF,5919.76
2022-06-26,SOPLADORA,5441.203269
2022-06-27,CELEC_SUR,28431.036425
2022-06-27,MAZAR,1277.905963
2022-06-27,MOLINO,14360.627059
2022-06-27,MSF,6304.24
2022-06-27,SOPLADORA,6488.263403
2022-06-28,CELEC_SUR,30018.716164
2022-06-28,MAZAR,2692.715977
2022-06-28,MOLINO,16295.921783
2022-06-28,MSF,2957.63
2022-06-28,SOPLADORA,8072.448404
2022-06-29,CELEC_SUR,30257.945819
2022-06-29,MAZAR,2155.104701
2022-06-29,MOLINO,16198.920539
2022-06-29,MSF,3247.0
2022-06-29,SOPLADORA,8656.920579
2022-06-30,CELEC_SUR,28048.261197
2022-06-30,MAZAR,0.0
2022-06-30,MOLINO,16881.365547
2022-06-30,MSF,2662.4
2022-06-30,SOPLADORA,8504.49565
2022-07-01,CELEC_SUR,26480.207035
2022-07-01,MAZAR,1217.470229
2022-07-01,MOLINO,16277.928633
2022-07-01,MSF,2417.87
2022-07-01,SOPLADORA,6566.938173
2022-07-02,CELEC_SUR,23311.525577
2022-07-02,MAZAR,12.302391
2022-07-02,MOLINO,15747.000341
2022-07-02,MSF,2610.63
2022-07-02,SOPLADORA,4941.592845
2022-07-03,CELEC_SUR,25613.571566
2022-07-03,MAZAR,907.851544
2022-07-03,MOLINO,15588.523873
2022-07-03,MSF,2599.37
2022-07-03,SOPLADORA,6517.826149
2022-07-04,CELEC_SUR,39556.056944
2022-07-04,MAZAR,3772.447898
2022-07-04,MOLINO,19761.671286
2022-07-04,MSF,6526.88
2022-07-04,SOPLADORA,9495.05776
2022-07-05,CELEC_SUR,38626.314051
2022-07-05,MAZAR,3742.257091
2022-07-05,MOLINO,19110.631029
2022-07-05,MSF,6096.99
2022-07-05,SOPLADORA,9676.435931
2022-07-06,CELEC_SUR,32291.537446
2022-07-06,MAZAR,2047.513659
2022-07-06,MOLINO,16889.077281
2022-07-06,MSF,5950.15
2022-07-06,SOPLADORA,7404.796506
2022-07-07,CELEC_SUR,32860.744112
2022-07-07,MAZAR,2560.921397
2022-07-07,MOLINO,16525.88482
2022-07-07,MSF,6522.88
2022-07-07,SOPLADORA,7251.057895
2022-07-08,CELEC_SUR,33484.617362
2022-07-08,MAZAR,3149.343984
2022-07-08,MOLINO,16872.23314
2022-07-08,MSF,6473.74
2022-07-08,SOPLADORA,6989.300238
2022-07-09,CELEC_SUR,29406.884815
2022-07-09,MAZAR,1461.702187
2022-07-09,MOLINO,15954.844071
2022-07-09,MSF,5780.84
2022-07-09,SOPLADORA,6209.498557
2022-07-10,CELEC_SUR,25615.911186
2022-07-10,MAZAR,844.611872
2022-07-10,MOLINO,13569.896425
2022-07-10,MSF,5211.92
2022-07-10,SOPLADORA,5989.482889
2022-07-11,CELEC_SUR,29052.275338
2022-07-11,MAZAR,2455.826238
2022-07-11,MOLINO,15328.146618
2022-07-11,MSF,4836.66
2022-07-11,SOPLADORA,6431.642482
2022-07-12,CELEC_SUR,30935.880765
2022-07-12,MAZAR,2261.95445
2022-07-12,MOLINO,16685.907598
2022-07-12,MSF,4210.605
2022-07-12,SOPLADORA,7777.413717
2022-07-13,CELEC_SUR,30115.606497
2022-07-13,MAZAR,2549.693856
2022-07-13,MOLINO,16663.941136
2022-07-13,MSF,2922.5
2022-07-13,SOPLADORA,7979.471505
2022-07-14,CELEC_SUR,34395.423997
2022-07-14,MAZAR,2631.495051
2022-07-14,MOLINO,17439.436486
2022-07-14,MSF,5522.71
2022-07-14,SOPLADORA,8801.78246
2022-07-15,CELEC_SUR,34761.4971
2022-07-15,MAZAR,3743.628698
2022-07-15,MOLINO,18278.494229
2022-07-15,MSF,3854.27
2022-07-15,SOPLADORA,8885.104173
2022-07-16,CELEC_SUR,27059.908988
2022-07-16,MAZAR,1434.316728
2022-07-16,MOLINO,16200.134338
2022-07-16,MSF,1361.53
2022-07-16,SOPLADORA,8063.927922
2022-07-17,CELEC_SUR,21537.765446
2022-07-17,MAZAR,656.531661
2022-07-17,MOLINO,13087.973323
2022-07-17,MSF,1567.88
2022-07-17,SOPLADORA,6225.380462
2022-07-18,CELEC_SUR,30357.546895
2022-07-18,MAZAR,2348.007744
2022-07-18,MOLINO,16730.214534
2022-07-18,MSF,3537.89
2022-07-18,SOPLADORA,7741.434617
2022-07-19,CELEC_SUR,32368.151748
2022-07-19,MAZAR,509.210054
2022-07-19,MOLINO,19013.161719
2022-07-19,MSF,5081.87
2022-07-19,SOPLADORA,7763.909975
2022-07-20,CELEC_SUR,30084.123601
2022-07-20,MAZAR,250.663098
2022-07-20,MOLINO,18359.604971
2022-07-20,MSF,3500.37
2022-07-20,SOPLADORA,7973.485532
2022-07-21,CELEC_SUR,30541.874523
2022-07-21,MAZAR,981.785077
2022-07-21,MOLINO,19121.958486
2022-07-21,MSF,2199.0
2022-07-21,SOPLADORA,8239.13096
2022-07-22,CELEC_SUR,29698.696596
2022-07-22,MAZAR,189.509539
2022-07-22,MOLINO,17905.345299
2022-07-22,MSF,3585.18
2022-07-22,SOPLADORA,8018.661758
2022-07-23,CELEC_SUR,24751.711469
2022-07-23,MAZAR,0.0
2022-07-23,MOLINO,15875.533333
2022-07-23,MSF,2054.87
2022-07-23,SOPLADORA,6821.308136
2022-07-24,CELEC_SUR,22748.541498
2022-07-24,MAZAR,0.0
2022-07-24,MOLINO,14907.879371
2022-07-24,MSF,1236.75
2022-07-24,SOPLADORA,6603.912127
2022-07-25,CELEC_SUR,27698.052022
2022-07-25,MAZAR,236.807192
2022-07-25,MOLINO,16126.83826
2022-07-25,MSF,3816.84
2022-07-25,SOPLADORA,7517.56657
2022-07-26,CELEC_SUR,28920.946815
2022-07-26,MAZAR,127.539233
2022-07-26,MOLINO,16541.300454
2022-07-26,MSF,4109.05
2022-07-26,SOPLADORA,8143.057128
2022-07-27,CELEC_SUR,30468.026693
2022-07-27,MAZAR,428.257361
2022-07-27,MOLINO,16911.17595
2022-07-27,MSF,5070.84
2022-07-27,SOPLADORA,8057.753382
2022-07-28,CELEC_SUR,29996.527106
2022-07-28,MAZAR,533.718223
2022-07-28,MOLINO,16804.405024
2022-07-28,MSF,4586.868
2022-07-28,SOPLADORA,8071.535859
2022-07-29,CELEC_SUR,28776.501867
2022-07-29,MAZAR,429.209398
2022-07-29,MOLINO,17259.999969
2022-07-29,MSF,2997.04
2022-07-29,SOPLADORA,8090.2525
2022-07-30,CELEC_SUR,27119.430631
2022-07-30,MAZAR,224.953808
2022-07-30,MOLINO,16978.659681
2022-07-30,MSF,2043.19
2022-07-30,SOPLADORA,7872.627142
2022-07-31,CELEC_SUR,23595.856662
2022-07-31,MAZAR,470.029892
2022-07-31,MOLINO,15209.755927
2022-07-31,MSF,1524.5
2022-07-31,SOPLADORA,6391.570843
2022-08-01,CELEC_SUR,27563.701029
2022-08-01,MAZAR,921.483248
2022-08-01,MOLINO,16128.442738
2022-08-01,MSF,2407.55
2022-08-01,SOPLADORA,8106.225043
2022-08-02,CELEC_SUR,27760.714806
2022-08-02,MAZAR,685.411232
2022-08-02,MOLINO,16930.938564
2022-08-02,MSF,1578.62
2022-08-02,SOPLADORA,8565.74501
2022-08-03,CELEC_SUR,29044.936274
2022-08-03,MAZAR,606.472832
2022-08-03,MOLINO,17101.92154
2022-08-03,MSF,3186.0
2022-08-03,SOPLADORA,8150.541902
2022-08-04,CELEC_SUR,30710.780269
2022-08-04,MAZAR,1069.776319
2022-08-04,MOLINO,17460.171252
2022-08-04,MSF,4142.85
2022-08-04,SOPLADORA,8037.982698
2022-08-05,CELEC_SUR,30516.051105
2022-08-05,MAZAR,670.436778
2022-08-05,MOLINO,18235.574788
2022-08-05,MSF,3915.27
2022-08-05,SOPLADORA,7694.769539
2022-08-06,CELEC_SUR,25301.358297
2022-08-06,MAZAR,0.0
2022-08-06,MOLINO,15178.64816
2022-08-06,MSF,3253.44
2022-08-06,SOPLADORA,6869.270137
2022-08-07,CELEC_SUR,22600.3609
2022-08-07,MAZAR,171.13041
2022-08-07,MOLINO,14352.158433
2022-08-07,MSF,2331.69
2022-08-07,SOPLADORA,5745.382057
2022-08-08,CELEC_SUR,26773.854584
2022-08-08,MAZAR,356.928185
2022-08-08,MOLINO,16231.787306
2022-08-08,MSF,2886.26
2022-08-08,SOPLADORA,7298.879093
2022-08-09,CELEC_SUR,27682.2487
2022-08-09,MAZAR,853.499796
2022-08-09,MOLINO,17173.428561
2022-08-09,MSF,1176.43
2022-08-09,SOPLADORA,8478.890343
2022-08-10,CELEC_SUR,28772.336497
2022-08-10,MAZAR,627.403713
2022-08-10,MOLINO,16983.468371
2022-08-10,MSF,3109.94
2022-08-10,SOPLADORA,8051.524413
2022-08-11,CELEC_SUR,28145.742269
2022-08-11,MAZAR,946.069573
2022-08-11,MOLINO,16545.469728
2022-08-11,MSF,4358.56
2022-08-11,SOPLADORA,6295.642968
2022-08-12,CELEC_SUR,28449.561753
2022-08-12,MAZAR,3725.117446
2022-08-12,MOLINO,15030.766677
2022-08-12,MSF,5129.57
2022-08-12,SOPLADORA,4564.10763
2022-08-13,CELEC_SUR,23405.758701
2022-08-13,MAZAR,3175.085826
2022-08-13,MOLINO,14280.723756
2022-08-13,MSF,1880.95
2022-08-13,SOPLADORA,4068.999119
2022-08-14,CELEC_SUR,21036.78252
2022-08-14,MAZAR,405.795142
2022-08-14,MOLINO,15072.871295
2022-08-14,MSF,1669.61
2022-08-14,SOPLADORA,3888.506083
2022-08-15,CELEC_SUR,28187.420663
2022-08-15,MAZAR,1356.178414
2022-08-15,MOLINO,16497.854577
2022-08-15,MSF,2697.24
2022-08-15,SOPLADORA,7636.147672
2022-08-16,CELEC_SUR,28630.232793
2022-08-16,MAZAR,1744.403659
2022-08-16,MOLINO,16876.677381
2022-08-16,MSF,1899.13
2022-08-16,SOPLADORA,8110.021753
2022-08-17,CELEC_SUR,28080.561956
2022-08-17,MAZAR,2302.873757
2022-08-17,MOLINO,16348.047362
2022-08-17,MSF,1107.5
2022-08-17,SOPLADORA,8322.140837
2022-08-18,CELEC_SUR,30723.942078
2022-08-18,MAZAR,2579.901932
2022-08-18,MOLINO,17715.052552
2022-08-18,MSF,1370.65
2022-08-18,SOPLADORA,9058.337594
2022-08-19,CELEC_SUR,33530.441402
2022-08-19,MAZAR,2821.60611
2022-08-19,MOLINO,18479.44188
2022-08-19,MSF,2636.75
2022-08-19,SOPLADORA,9592.643412
2022-08-20,CELEC_SUR,27792.010084
2022-08-20,MAZAR,2423.82804
2022-08-20,MOLINO,15619.840282
2022-08-20,MSF,1452.0
2022-08-20,SOPLADORA,8296.341762
2022-08-21,CELEC_SUR,25108.688945
2022-08-21,MAZAR,602.802267
2022-08-21,MOLINO,12835.797062
2022-08-21,MSF,5195.5
2022-08-21,SOPLADORA,6474.589616
2022-08-22,CELEC_SUR,31499.604085
2022-08-22,MAZAR,2166.01747
2022-08-22,MOLINO,17580.986699
2022-08-22,MSF,2832.5
2022-08-22,SOPLADORA,8920.099916
2022-08-23,CELEC_SUR,33404.709235
2022-08-23,MAZAR,1980.769822
2022-08-23,MOLINO,19992.500625
2022-08-23,MSF,1192.31
2022-08-23,SOPLADORA,10239.128788
2022-08-24,CELEC_SUR,32689.589048
2022-08-24,MAZAR,2510.55483
2022-08-24,MOLINO,19266.166103
2022-08-24,MSF,806.66
2022-08-24,SOPLADORA,10106.208115
2022-08-25,CELEC_SUR,35051.406788
2022-08-25,MAZAR,2681.985179
2022-08-25,MOLINO,19943.27185
2022-08-25,MSF,2058.23
2022-08-25,SOPLADORA,10367.919759
2022-08-26,CELEC_SUR,35774.664736
2022-08-26,MAZAR,2748.174095
2022-08-26,MOLINO,20731.469477
2022-08-26,MSF,1741.92
2022-08-26,SOPLADORA,10553.101164
2022-08-27,CELEC_SUR,37869.0677
2022-08-27,MAZAR,4078.920032
2022-08-27,MOLINO,21185.097136
2022-08-27,MSF,1221.16
2022-08-27,SOPLADORA,11383.890532
2022-08-28,CELEC_SUR,35541.225977
2022-08-28,MAZAR,3394.375414
2022-08-28,MOLINO,20490.660913
2022-08-28,MSF,636.19
2022-08-28,SOPLADORA,11019.99965
2022-08-29,CELEC_SUR,29703.397395
2022-08-29,MAZAR,2615.508063
2022-08-29,MOLINO,17042.608632
2022-08-29,MSF,792.9
2022-08-29,SOPLADORA,9252.3807
2022-08-30,CELEC_SUR,30736.39277
2022-08-30,MAZAR,1700.637883
2022-08-30,MOLINO,16077.702127
2022-08-30,MSF,5153.63
2022-08-30,SOPLADORA,7804.42276
2022-08-31,CELEC_SUR,36480.283606
2022-08-31,MAZAR,1505.333442
2022-08-31,MOLINO,19952.061715
2022-08-31,MSF,5980.45
2022-08-31,SOPLADORA,9042.438449
2022-09-01,CELEC_SUR,35156.709594
2022-09-01,MAZAR,2504.006464
2022-09-01,MOLINO,20345.631704
2022-09-01,MSF,2540.14
2022-09-01,SOPLADORA,9766.931426
2022-09-02,CELEC_SUR,35839.670823
2022-09-02,MAZAR,3139.896528
2022-09-02,MOLINO,20328.025264
2022-09-02,MSF,1626.9
2022-09-02,SOPLADORA,10744.849031
2022-09-03,CELEC_SUR,30985.288353
2022-09-03,MAZAR,2648.220982
2022-09-03,MOLINO,17856.259494
2022-09-03,MSF,1336.25
2022-09-03,SOPLADORA,9144.557877
2022-09-04,CELEC_SUR,29235.355729
2022-09-04,MAZAR,1712.036446
2022-09-04,MOLINO,17486.34424
2022-09-04,MSF,1670.49
2022-09-04,SOPLADORA,8366.485043
2022-09-05,CELEC_SUR,34283.522751
2022-09-05,MAZAR,2161.522316
2022-09-05,MOLINO,18895.250426
2022-09-05,MSF,3211.82
2022-09-05,SOPLADORA,10014.930009
2022-09-06,CELEC_SUR,34687.046226
2022-09-06,MAZAR,2148.595427
2022-09-06,MOLINO,19515.088442
2022-09-06,MSF,2378.84
2022-09-06,SOPLADORA,10644.522357
2022-09-07,CELEC_SUR,33714.620899
2022-09-07,MAZAR,1904.275502
2022-09-07,MOLINO,19339.591854
2022-09-07,MSF,1821.64
2022-09-07,SOPLADORA,10649.113543
2022-09-08,CELEC_SUR,35423.872974
2022-09-08,MAZAR,2995.067525
2022-09-08,MOLINO,19611.564974
2022-09-08,MSF,2027.4
2022-09-08,SOPLADORA,10789.840475
2022-09-09,CELEC_SUR,35094.160803
2022-09-09,MAZAR,3319.000113
2022-09-09,MOLINO,19909.368128
2022-09-09,MSF,822.52
2022-09-09,SOPLADORA,11043.272562
2022-09-10,CELEC_SUR,26825.105542
2022-09-10,MAZAR,1262.788796
2022-09-10,MOLINO,16517.046142
2022-09-10,MSF,365.13
2022-09-10,SOPLADORA,8680.140604
2022-09-11,CELEC_SUR,20745.891809
2022-09-11,MAZAR,1197.068657
2022-09-11,MOLINO,12705.431126
2022-09-11,MSF,348.1
2022-09-11,SOPLADORA,6495.292026
2022-09-12,CELEC_SUR,27693.125395
2022-09-12,MAZAR,1984.02057
2022-09-12,MOLINO,16501.534876
2022-09-12,MSF,730.0
2022-09-12,SOPLADORA,8477.569949
2022-09-13,CELEC_SUR,32513.558714
2022-09-13,MAZAR,2770.990455
2022-09-13,MOLINO,18083.898959
2022-09-13,MSF,1719.98
2022-09-13,SOPLADORA,9938.6893
2022-09-14,CELEC_SUR,31505.189428
2022-09-14,MAZAR,3689.995637
2022-09-14,MOLINO,17824.061093
2022-09-14,MSF,561.63
2022-09-14,SOPLADORA,9429.502698
2022-09-15,CELEC_SUR,33489.159025
2022-09-15,MAZAR,3220.880408
2022-09-15,MOLINO,19146.606577
2022-09-15,MSF,1082.02
2022-09-15,SOPLADORA,10039.65204
2022-09-16,CELEC_SUR,26281.840825
2022-09-16,MAZAR,1966.648393
2022-09-16,MOLINO,14688.254446
2022-09-16,MSF,1754.25
2022-09-16,SOPLADORA,7872.687986
2022-09-17,CELEC_SUR,20322.832306
2022-09-17,MAZAR,1809.667998
2022-09-17,MOLINO,11180.787025
2022-09-17,MSF,1553.36
2022-09-17,SOPLADORA,5779.017283
2022-09-18,CELEC_SUR,16377.707002
2022-09-18,MAZAR,1421.690259
2022-09-18,MOLINO,9291.265368
2022-09-18,MSF,1114.5
2022-09-18,SOPLADORA,4550.251375
2022-09-19,CELEC_SUR,37090.130391
2022-09-19,MAZAR,3583.909533
2022-09-19,MOLINO,19974.581182
2022-09-19,MSF,2536.5
2022-09-19,SOPLADORA,10995.139676
2022-09-20,CELEC_SUR,32413.47959
2022-09-20,MAZAR,3160.548689
2022-09-20,MOLINO,18371.423717
2022-09-20,MSF,859.39
2022-09-20,SOPLADORA,10022.117184
2022-09-21,CELEC_SUR,31020.892852
2022-09-21,MAZAR,2694.357896
2022-09-21,MOLINO,17989.040324
2022-09-21,MSF,737.84
2022-09-21,SOPLADORA,9599.654632
2022-09-22,CELEC_SUR,31173.432635
2022-09-22,MAZAR,2460.750631
2022-09-22,MOLINO,18540.653823
2022-09-22,MSF,725.73
2022-09-22,SOPLADORA,9446.298181
2022-09-23,CELEC_SUR,25221.060324
2022-09-23,MAZAR,2094.833867
2022-09-23,MOLINO,14760.54182
2022-09-23,MSF,480.95
2022-09-23,SOPLADORA,7884.734637
2022-09-24,CELEC_SUR,17329.106883
2022-09-24,MAZAR,2546.051406
2022-09-24,MOLINO,9491.482476
2022-09-24,MSF,345.05
2022-09-24,SOPLADORA,4946.523001
2022-09-25,CELEC_SUR,16550.444336
2022-09-25,MAZAR,1437.224888
2022-09-25,MOLINO,10074.016548
2022-09-25,MSF,509.07
2022-09-25,SOPLADORA,4530.1329
2022-09-26,CELEC_SUR,22170.520394
2022-09-26,MAZAR,1933.844214
2022-09-26,MOLINO,12616.975343
2022-09-26,MSF,545.2
2022-09-26,SOPLADORA,7074.500837
2022-09-27,CELEC_SUR,27280.019902
2022-09-27,MAZAR,2274.038002
2022-09-27,MOLINO,15573.290989
2022-09-27,MSF,986.25
2022-09-27,SOPLADORA,8446.440911
2022-09-28,CELEC_SUR,26990.35272
2022-09-28,MAZAR,2261.350935
2022-09-28,MOLINO,15646.274125
2022-09-28,MSF,511.25
2022-09-28,SOPLADORA,8571.47766
2022-09-29,CELEC_SUR,26840.004659
2022-09-29,MAZAR,2410.370757
2022-09-29,MOLINO,15766.762898
2022-09-29,MSF,348.5
2022-09-29,SOPLADORA,8314.371004
2022-09-30,CELEC_SUR,27306.839051
2022-09-30,MAZAR,2169.063073
2022-09-30,MOLINO,15979.218464
2022-09-30,MSF,733.0
2022-09-30,SOPLADORA,8425.557514
2022-10-01,CELEC_SUR,22011.36812
2022-10-01,MAZAR,2125.422802
2022-10-01,MOLINO,12723.932234
2022-10-01,MSF,699.75
2022-10-01,SOPLADORA,6462.263084
2022-10-02,CELEC_SUR,13058.771956
2022-10-02,MAZAR,879.494066
2022-10-02,MOLINO,7790.879504
2022-10-02,MSF,640.75
2022-10-02,SOPLADORA,3747.648386
2022-10-03,CELEC_SUR,21329.513119
2022-10-03,MAZAR,1668.639099
2022-10-03,MOLINO,12379.501969
2022-10-03,MSF,977.24
2022-10-03,SOPLADORA,6304.132051
2022-10-04,CELEC_SUR,25823.002643
2022-10-04,MAZAR,2647.991883
2022-10-04,MOLINO,14685.095517
2022-10-04,MSF,796.36
2022-10-04,SOPLADORA,7693.555243
2022-10-05,CELEC_SUR,28113.916765
2022-10-05,MAZAR,2418.720602
2022-10-05,MOLINO,15851.841013
2022-10-05,MSF,1432.96
2022-10-05,SOPLADORA,8410.39515
2022-10-06,CELEC_SUR,24744.062495
2022-10-06,MAZAR,2639.871691
2022-10-06,MOLINO,13690.557105
2022-10-06,MSF,1159.63
2022-10-06,SOPLADORA,7254.003699
2022-10-07,CELEC_SUR,21223.138726
2022-10-07,MAZAR,3559.807767
2022-10-07,MOLINO,11242.322453
2022-10-07,MSF,345.58
2022-10-07,SOPLADORA,6075.428506
2022-10-08,CELEC_SUR,15113.129947
2022-10-08,MAZAR,2486.723791
2022-10-08,MOLINO,7974.162838
2022-10-08,MSF,362.37
2022-10-08,SOPLADORA,4289.873318
2022-10-09,CELEC_SUR,10662.072439
2022-10-09,MAZAR,1067.81345
2022-10-09,MOLINO,5931.66596
2022-10-09,MSF,537.63
2022-10-09,SOPLADORA,3124.963029
2022-10-10,CELEC_SUR,17083.475973
2022-10-10,MAZAR,1231.369908
2022-10-10,MOLINO,9663.920745
2022-10-10,MSF,868.49
2022-10-10,SOPLADORA,5319.69532
2022-10-11,CELEC_SUR,22454.162045
2022-10-11,MAZAR,1931.760156
2022-10-11,MOLINO,12547.756635
2022-10-11,MSF,948.87
2022-10-11,SOPLADORA,7025.775254
2022-10-12,CELEC_SUR,20761.256075
2022-10-12,MAZAR,2458.12487
2022-10-12,MOLINO,11173.705141
2022-10-12,MSF,730.0
2022-10-12,SOPLADORA,6399.426064
2022-10-13,CELEC_SUR,23077.671771
2022-10-13,MAZAR,2098.857403
2022-10-13,MOLINO,12605.242603
2022-10-13,MSF,1134.75
2022-10-13,SOPLADORA,7238.821765
2022-10-14,CELEC_SUR,23946.52611
2022-10-14,MAZAR,1233.266581
2022-10-14,MOLINO,13871.660932
2022-10-14,MSF,979.13
2022-10-14,SOPLADORA,7862.468597
2022-10-15,CELEC_SUR,12072.766023
2022-10-15,MAZAR,251.582203
2022-10-15,MOLINO,6826.020101
2022-10-15,MSF,1055.62
2022-10-15,SOPLADORA,3939.543719
2022-10-16,CELEC_SUR,17059.994011
2022-10-16,MAZAR,400.896931
2022-10-16,MOLINO,8948.358537
2022-10-16,MSF,2658.61
2022-10-16,SOPLADORA,5052.128543
2022-10-17,CELEC_SUR,22161.43322
2022-10-17,MAZAR,908.86044
2022-10-17,MOLINO,12771.862911
2022-10-17,MSF,1232.1
2022-10-17,SOPLADORA,7248.609869
2022-10-18,CELEC_SUR,20133.657685
2022-10-18,MAZAR,1568.778906
2022-10-18,MOLINO,11428.23942
2022-10-18,MSF,686.88
2022-10-18,SOPLADORA,6449.759359
2022-10-19,CELEC_SUR,20405.00131
2022-10-19,MAZAR,1762.328581
2022-10-19,MOLINO,10318.759304
2022-10-19,MSF,2551.13
2022-10-19,SOPLADORA,5772.783425
2022-10-20,CELEC_SUR,16323.375911
2022-10-20,MAZAR,1383.613291
2022-10-20,MOLINO,7776.732954
2022-10-20,MSF,2679.31
2022-10-20,SOPLADORA,4483.719666
2022-10-21,CELEC_SUR,21853.507138
2022-10-21,MAZAR,0.0
2022-10-21,MOLINO,10302.579267
2022-10-21,MSF,5653.05
2022-10-21,SOPLADORA,5897.877871
2022-10-22,CELEC_SUR,22370.976659
2022-10-22,MAZAR,0.0
2022-10-22,MOLINO,10994.713335
2022-10-22,MSF,5254.635
2022-10-22,SOPLADORA,6121.628324
2022-10-23,CELEC_SUR,16521.680518
2022-10-23,MAZAR,0.0
2022-10-23,MOLINO,7816.021571
2022-10-23,MSF,4285.24
2022-10-23,SOPLADORA,4420.418947
2022-10-24,CELEC_SUR,18257.031665
2022-10-24,MAZAR,549.193885
2022-10-24,MOLINO,9236.369427
2022-10-24,MSF,3238.63
2022-10-24,SOPLADORA,5232.838353
2022-10-25,CELEC_SUR,29120.829219
2022-10-25,MAZAR,1907.091865
2022-10-25,MOLINO,14846.640504
2022-10-25,MSF,3911.12
2022-10-25,SOPLADORA,8455.97685
2022-10-26,CELEC_SUR,32655.895542
2022-10-26,MAZAR,2533.477461
2022-10-26,MOLINO,16179.21554
2022-10-26,MSF,4678.63
2022-10-26,SOPLADORA,9264.572541
2022-10-27,CELEC_SUR,32034.188295
2022-10-27,MAZAR,2794.531161
2022-10-27,MOLINO,17141.501425
2022-10-27,MSF,2354.25
2022-10-27,SOPLADORA,9743.905709
2022-10-28,CELEC_SUR,32455.037064
2022-10-28,MAZAR,3090.287692
2022-10-28,MOLINO,17124.431159
2022-10-28,MSF,2462.5
2022-10-28,SOPLADORA,9777.818213
2022-10-29,CELEC_SUR,36619.453994
2022-10-29,MAZAR,3447.190874
2022-10-29,MOLINO,19838.992031
2022-10-29,MSF,2266.5
2022-10-29,SOPLADORA,11066.771089
2022-10-30,CELEC_SUR,19738.174839
2022-10-30,MAZAR,1587.787046
2022-10-30,MOLINO,11113.468826
2022-10-30,MSF,655.25
2022-10-30,SOPLADORA,6381.668967
2022-10-31,CELEC_SUR,25832.854613
2022-10-31,MAZAR,1495.36428
2022-10-31,MOLINO,14916.997489
2022-10-31,MSF,810.7
2022-10-31,SOPLADORA,8609.792844
2022-11-01,CELEC_SUR,26591.091047
2022-11-01,MAZAR,2565.649265
2022-11-01,MOLINO,14869.733694
2022-11-01,MSF,505.895
2022-11-01,SOPLADORA,8649.813088
2022-11-02,CELEC_SUR,17823.64149578
2022-11-02,MAZAR,1856.845098
2022-11-02,MOLINO,9862.85472
2022-11-02,MSF,405.25
2022-11-02,SOPLADORA,5698.69167778
2022-11-03,CELEC_SUR,13929.39180978
2022-11-03,MAZAR,223.023657
2022-11-03,MOLINO,8162.726592
2022-11-03,MSF,956.25
2022-11-03,SOPLADORA,4587.39156078
2022-11-04,CELEC_SUR,19912.458552
2022-11-04,MAZAR,2097.371264
2022-11-04,MOLINO,10924.839078
2022-11-04,MSF,646.0
2022-11-04,SOPLADORA,6244.24821
2022-11-05,CELEC_SUR,21775.274108
2022-11-05,MAZAR,2216.476915
2022-11-05,MOLINO,11769.52205
2022-11-05,MSF,1087.07
2022-11-05,SOPLADORA,6702.205143
2022-11-06,CELEC_SUR,20920.372881
2022-11-06,MAZAR,2577.794803
2022-11-06,MOLINO,10961.604448
2022-11-06,MSF,1118.01
2022-11-06,SOPLADORA,6262.96363
2022-11-07,CELEC_SUR,24438.63613178
2022-11-07,MAZAR,2024.25721
2022-11-07,MOLINO,13581.464119
2022-11-07,MSF,1202.33
2022-11-07,SOPLADORA,7630.58480278
2022-11-08,CELEC_SUR,24320.99477678
2022-11-08,MAZAR,1386.83208
2022-11-08,MOLINO,14138.761947
2022-11-08,MSF,574.63
2022-11-08,SOPLADORA,8220.77074978
2022-11-09,CELEC_SUR,23978.08013478
2022-11-09,MAZAR,2044.913056
2022-11-09,MOLINO,13558.548678
2022-11-09,MSF,609.12
2022-11-09,SOPLADORA,7765.49840078
2022-11-10,CELEC_SUR,21727.720089
2022-11-10,MAZAR,2707.303203
2022-11-10,MOLINO,11825.799539
2022-11-10,MSF,332.5
2022-11-10,SOPLADORA,6862.117347
2022-11-11,CELEC_SUR,18835.107782
2022-11-11,MAZAR,2352.47418
2022-11-11,MOLINO,10224.505179
2022-11-11,MSF,391.63
2022-11-11,SOPLADORA,5866.498423
2022-11-12,CELEC_SUR,19449.003104
2022-11-12,MAZAR,1811.301507
2022-11-12,MOLINO,11030.143244
2022-11-12,MSF,385.87
2022-11-12,SOPLADORA,6221.688353
2022-11-13,CELEC_SUR,15419.48412
2022-11-13,MAZAR,560.662324
2022-11-13,MOLINO,9324.23765
2022-11-13,MSF,335.62
2022-11-13,SOPLADORA,5198.964146
2022-11-14,CELEC_SUR,23445.261363
2022-11-14,MAZAR,1771.309562
2022-11-14,MOLINO,13508.965209
2022-11-14,MSF,499.88
2022-11-14,SOPLADORA,7665.106592
2022-11-15,CELEC_SUR,14612.580113
2022-11-15,MAZAR,1003.740332
2022-11-15,MOLINO,8425.222768
2022-11-15,MSF,363.88
2022-11-15,SOPLADORA,4819.737013
2022-11-16,CELEC_SUR,26839.774162
2022-11-16,MAZAR,2601.690624
2022-11-16,MOLINO,14051.466973
2022-11-16,MSF,2305.06
2022-11-16,SOPLADORA,7881.556565
2022-11-17,CELEC_SUR,19190.781141
2022-11-17,MAZAR,0.0
2022-11-17,MOLINO,8400.080289
2022-11-17,MSF,5964.34
2022-11-17,SOPLADORA,4826.360852
2022-11-18,CELEC_SUR,28138.755145
2022-11-18,MAZAR,2791.358717
2022-11-18,MOLINO,14502.637259
2022-11-18,MSF,2621.69
2022-11-18,SOPLADORA,8223.069169
2022-11-19,CELEC_SUR,24634.808118
2022-11-19,MAZAR,2018.148905
2022-11-19,MOLINO,13794.133228
2022-11-19,MSF,910.85
2022-11-19,SOPLADORA,7911.675985
2022-11-20,CELEC_SUR,22641.670072
2022-11-20,MAZAR,1592.528111
2022-11-20,MOLINO,13163.898376
2022-11-20,MSF,478.12
2022-11-20,SOPLADORA,7407.123585
2022-11-21,CELEC_SUR,19946.920068
2022-11-21,MAZAR,1402.860639
2022-11-21,MOLINO,11576.931528
2022-11-21,MSF,433.5
2022-11-21,SOPLADORA,6533.627901
2022-11-22,CELEC_SUR,19267.531677
2022-11-22,MAZAR,1834.045627
2022-11-22,MOLINO,10856.524896
2022-11-22,MSF,421.16
2022-11-22,SOPLADORA,6155.801154
2022-11-23,CELEC_SUR,23452.278117
2022-11-23,MAZAR,2315.328569
2022-11-23,MOLINO,12845.652085
2022-11-23,MSF,970.5
2022-11-23,SOPLADORA,7320.797463
2022-11-24,CELEC_SUR,26744.003628
2022-11-24,MAZAR,2913.721175
2022-11-24,MOLINO,14906.951299
2022-11-24,MSF,539.16
2022-11-24,SOPLADORA,8384.171154
2022-11-25,CELEC_SUR,23651.513758
2022-11-25,MAZAR,1904.347436
2022-11-25,MOLINO,13485.293164
2022-11-25,MSF,493.99
2022-11-25,SOPLADORA,7767.883158
2022-11-26,CELEC_SUR,20151.041438
2022-11-26,MAZAR,1044.89363
2022-11-26,MOLINO,11926.572515
2022-11-26,MSF,475.13
2022-11-26,SOPLADORA,6704.445293
2022-11-27,CELEC_SUR,18676.207023
2022-11-27,MAZAR,1493.694537
2022-11-27,MOLINO,10423.5354
2022-11-27,MSF,712.75
2022-11-27,SOPLADORA,6046.227086
2022-11-28,CELEC_SUR,28649.246337
2022-11-28,MAZAR,2593.313564
2022-11-28,MOLINO,16244.833746
2022-11-28,MSF,606.25
2022-11-28,SOPLADORA,9204.849027
2022-11-29,CELEC_SUR,28552.10643
2022-11-29,MAZAR,3120.869542
2022-11-29,MOLINO,15703.585671
2022-11-29,MSF,706.06
2022-11-29,SOPLADORA,9021.591217
2022-11-30,CELEC_SUR,29389.302258
2022-11-30,MAZAR,2880.641794
2022-11-30,MOLINO,16278.757348
2022-11-30,MSF,780.85
2022-11-30,SOPLADORA,9449.053116
2022-12-01,CELEC_SUR,28522.403827
2022-12-01,MAZAR,2706.567375
2022-12-01,MOLINO,15921.188317
2022-12-01,MSF,698.82
2022-12-01,SOPLADORA,9195.828135
2022-12-02,CELEC_SUR,27539.243198
2022-12-02,MAZAR,2550.109371
2022-12-02,MOLINO,15431.630551
2022-12-02,MSF,723.95
2022-12-02,SOPLADORA,8833.553276
2022-12-03,CELEC_SUR,18660.630328
2022-12-03,MAZAR,2194.372112
2022-12-03,MOLINO,10207.408946
2022-12-03,MSF,406.07
2022-12-03,SOPLADORA,5852.77927
2022-12-04,CELEC_SUR,14530.515907
2022-12-04,MAZAR,1182.541418
2022-12-04,MOLINO,8243.93046
2022-12-04,MSF,413.8
2022-12-04,SOPLADORA,4690.244029
2022-12-05,CELEC_SUR,20754.343143
2022-12-05,MAZAR,1976.485347
2022-12-05,MOLINO,11723.368176
2022-12-05,MSF,354.22
2022-12-05,SOPLADORA,6700.26962
2022-12-06,CELEC_SUR,23519.268105
2022-12-06,MAZAR,2157.977546
2022-12-06,MOLINO,13414.979957
2022-12-06,MSF,354.25
2022-12-06,SOPLADORA,7592.060602
2022-12-07,CELEC_SUR,22453.915159
2022-12-07,MAZAR,1768.769588
2022-12-07,MOLINO,12876.568358
2022-12-07,MSF,338.38
2022-12-07,SOPLADORA,7470.197213
2022-12-08,CELEC_SUR,24644.435214
2022-12-08,MAZAR,1432.659231
2022-12-08,MOLINO,14824.60722
2022-12-08,MSF,256.25
2022-12-08,SOPLADORA,8130.918763
2022-12-09,CELEC_SUR,26230.322619
2022-12-09,MAZAR,1962.574884
2022-12-09,MOLINO,15385.375952
2022-12-09,MSF,155.7
2022-12-09,SOPLADORA,8726.671783
2022-12-10,CELEC_SUR,18988.669074
2022-12-10,MAZAR,1399.056124
2022-12-10,MOLINO,11091.180812
2022-12-10,MSF,151.25
2022-12-10,SOPLADORA,6347.182138
2022-12-11,CELEC_SUR,12247.328586
2022-12-11,MAZAR,648.544993
2022-12-11,MOLINO,7197.665044
2022-12-11,MSF,234.12
2022-12-11,SOPLADORA,4166.998549
2022-12-12,CELEC_SUR,22557.074475
2022-12-12,MAZAR,1640.814113
2022-12-12,MOLINO,12980.859971
2022-12-12,MSF,535.7
2022-12-12,SOPLADORA,7399.700391
2022-12-13,CELEC_SUR,25690.844283
2022-12-13,MAZAR,2482.872128
2022-12-13,MOLINO,14318.306029
2022-12-13,MSF,724.76
2022-12-13,SOPLADORA,8164.906126
2022-12-14,CELEC_SUR,17255.737626
2022-12-14,MAZAR,2096.725418
2022-12-14,MOLINO,9388.106659
2022-12-14,MSF,340.5
2022-12-14,SOPLADORA,5430.405549
2022-12-15,CELEC_SUR,18413.739529
2022-12-15,MAZAR,1026.505562
2022-12-15,MOLINO,10594.967377
2022-12-15,MSF,762.11
2022-12-15,SOPLADORA,6030.15659
2022-12-16,CELEC_SUR,13534.562258
2022-12-16,MAZAR,932.506898
2022-12-16,MOLINO,7744.152748
2022-12-16,MSF,364.23
2022-12-16,SOPLADORA,4493.672612
2022-12-17,CELEC_SUR,11322.065113
2022-12-17,MAZAR,995.026484
2022-12-17,MOLINO,6325.820854
2022-12-17,MSF,408.55
2022-12-17,SOPLADORA,3592.667775
2022-12-18,CELEC_SUR,14224.997807
2022-12-18,MAZAR,743.913775
2022-12-18,MOLINO,7487.381553
2022-12-18,MSF,1736.63
2022-12-18,SOPLADORA,4257.072479
2022-12-19,CELEC_SUR,19359.104491
2022-12-19,MAZAR,1503.424356
2022-12-19,MOLINO,9298.976535
2022-12-19,MSF,3221.6
2022-12-19,SOPLADORA,5335.1036
2022-12-20,CELEC_SUR,20377.87544
2022-12-20,MAZAR,1763.376762
2022-12-20,MOLINO,11054.23181
2022-12-20,MSF,1496.13
2022-12-20,SOPLADORA,6064.136868
2022-12-21,CELEC_SUR,25417.050824
2022-12-21,MAZAR,1847.381569
2022-12-21,MOLINO,14618.076872
2022-12-21,MSF,1013.58
2022-12-21,SOPLADORA,7938.012383
2022-12-22,CELEC_SUR,27185.868056
2022-12-22,MAZAR,2980.485824
2022-12-22,MOLINO,14786.376704
2022-12-22,MSF,763.37
2022-12-22,SOPLADORA,8655.635528
2022-12-23,CELEC_SUR,27081.231576
2022-12-23,MAZAR,2134.185727
2022-12-23,MOLINO,14767.616064
2022-12-23,MSF,1618.17
2022-12-23,SOPLADORA,8561.259785
2022-12-24,CELEC_SUR,20097.447024
2022-12-24,MAZAR,1378.361533
2022-12-24,MOLINO,10865.99624
2022-12-24,MSF,1478.88
2022-12-24,SOPLADORA,6374.209251
2022-12-25,CELEC_SUR,11834.671386
2022-12-25,MAZAR,1678.161171
2022-12-25,MOLINO,6028.274002
2022-12-25,MSF,636.5
2022-12-25,SOPLADORA,3491.736213
2022-12-26,CELEC_SUR,8619.815248
2022-12-26,MAZAR,541.04144
2022-12-26,MOLINO,3923.097572
2022-12-26,MSF,1951.89
2022-12-26,SOPLADORA,2203.786236
2022-12-27,CELEC_SUR,17167.676656
2022-12-27,MAZAR,869.22654
2022-12-27,MOLINO,9672.37023
2022-12-27,MSF,1138.74
2022-12-27,SOPLADORA,5487.339886
2022-12-28,CELEC_SUR,18689.987666
2022-12-28,MAZAR,1431.517015
2022-12-28,MOLINO,9716.137464
2022-12-28,MSF,1919.08
2022-12-28,SOPLADORA,5623.253187
2022-12-29,CELEC_SUR,20223.680043
2022-12-29,MAZAR,1261.716887
2022-12-29,MOLINO,11713.028458
2022-12-29,MSF,407.4
2022-12-29,SOPLADORA,6841.534698
2022-12-30,CELEC_SUR,16933.683412
2022-12-30,MAZAR,2071.115676
2022-12-30,MOLINO,8710.743139
2022-12-30,MSF,1072.39
2022-12-30,SOPLADORA,5079.434597
2022-12-31,CELEC_SUR,7301.629823
2022-12-31,MAZAR,793.74661
2022-12-31,MOLINO,3226.675435
2022-12-31,MSF,1595.22
2022-12-31,SOPLADORA,1685.987778
2023-01-01,CELEC_SUR,2298.423974
2023-01-01,MAZAR,0.0
2023-01-01,MOLINO,170.048997
2023-01-01,MSF,2096.68
2023-01-01,SOPLADORA,31.694977
2023-01-02,CELEC_SUR,4874.552787
2023-01-02,MAZAR,226.952787
2023-01-02,MOLINO,0.0
2023-01-02,MSF,4647.6
2023-01-02,SOPLADORA,0.0
2023-01-03,CELEC_SUR,13715.555952
2023-01-03,MAZAR,712.32888
2023-01-03,MOLINO,6298.068331
2023-01-03,MSF,3068.62
2023-01-03,SOPLADORA,3636.538741
2023-01-04,CELEC_SUR,17559.209929
2023-01-04,MAZAR,1031.621572
2023-01-04,MOLINO,8986.826111
2023-01-04,MSF,2319.76
2023-01-04,SOPLADORA,5221.002246
2023-01-05,CELEC_SUR,14259.296014
2023-01-05,MAZAR,977.211122
2023-01-05,MOLINO,7604.241783
2023-01-05,MSF,1291.62
2023-01-05,SOPLADORA,4386.223109
2023-01-06,CELEC_SUR,17572.336242
2023-01-06,MAZAR,1076.144748
2023-01-06,MOLINO,9094.04694
2023-01-06,MSF,2122.75
2023-01-06,SOPLADORA,5279.394554
2023-01-07,CELEC_SUR,14133.573434
2023-01-07,MAZAR,951.729045
2023-01-07,MOLINO,7991.748458
2023-01-07,MSF,550.13
2023-01-07,SOPLADORA,4639.965931
2023-01-08,CELEC_SUR,10508.841428
2023-01-08,MAZAR,411.050253
2023-01-08,MOLINO,5869.125999
2023-01-08,MSF,836.52
2023-01-08,SOPLADORA,3392.145176
2023-01-09,CELEC_SUR,20125.921266
2023-01-09,MAZAR,1255.334662
2023-01-09,MOLINO,11168.961551
2023-01-09,MSF,1227.04
2023-01-09,SOPLADORA,6474.585053
2023-01-10,CELEC_SUR,18476.368206
2023-01-10,MAZAR,1099.653968
2023-01-10,MOLINO,9124.239613
2023-01-10,MSF,2885.15
2023-01-10,SOPLADORA,5367.324625
2023-01-11,CELEC_SUR,12583.164171
2023-01-11,MAZAR,708.371208
2023-01-11,MOLINO,4190.586739
2023-01-11,MSF,5653.98
2023-01-11,SOPLADORA,2030.226224
2023-01-12,CELEC_SUR,12317.224024
2023-01-12,MAZAR,357.914942
2023-01-12,MOLINO,3924.585515
2023-01-12,MSF,5761.92
2023-01-12,SOPLADORA,2272.803567
2023-01-13,CELEC_SUR,13738.451216
2023-01-13,MAZAR,0.0
2023-01-13,MOLINO,5988.822719
2023-01-13,MSF,4222.71
2023-01-13,SOPLADORA,3526.918497
2023-01-14,CELEC_SUR,14459.016599
2023-01-14,MAZAR,1477.860667
2023-01-14,MOLINO,6313.874149
2023-01-14,MSF,2980.205
2023-01-14,SOPLADORA,3687.076783
2023-01-15,CELEC_SUR,6905.734158
2023-01-15,MAZAR,326.05147
2023-01-15,MOLINO,1290.054825
2023-01-15,MSF,4551.66
2023-01-15,SOPLADORA,737.967863
2023-01-16,CELEC_SUR,18635.292265
2023-01-16,MAZAR,848.982958
2023-01-16,MOLINO,7147.462321
2023-01-16,MSF,6450.62
2023-01-16,SOPLADORA,4188.226986
2023-01-17,CELEC_SUR,22588.917378
2023-01-17,MAZAR,560.515946
2023-01-17,MOLINO,9905.480536
2023-01-17,MSF,6315.2
2023-01-17,SOPLADORA,5807.720896
2023-01-18,CELEC_SUR,18694.320349
2023-01-18,MAZAR,926.714768
2023-01-18,MOLINO,8432.18275
2023-01-18,MSF,4371.8
2023-01-18,SOPLADORA,4963.622831
2023-01-19,CELEC_SUR,16183.511719
2023-01-19,MAZAR,1170.629197
2023-01-19,MOLINO,5809.876218
2023-01-19,MSF,5843.62
2023-01-19,SOPLADORA,3359.386304
2023-01-20,CELEC_SUR,9929.474901
2023-01-20,MAZAR,0.0
2023-01-20,MOLINO,2380.142775
2023-01-20,MSF,6363.13
2023-01-20,SOPLADORA,1186.202126
2023-01-21,CELEC_SUR,15135.275949
2023-01-21,MAZAR,0.0
2023-01-21,MOLINO,5437.626865
2023-01-21,MSF,6527.63
2023-01-21,SOPLADORA,3170.019084
2023-01-22,CELEC_SUR,12990.275928
2023-01-22,MAZAR,413.27067
2023-01-22,MOLINO,3828.924709
2023-01-22,MSF,6513.37
2023-01-22,SOPLADORA,2234.710549
2023-01-23,CELEC_SUR,16480.537524
2023-01-23,MAZAR,855.820376
2023-01-23,MOLINO,6547.060004
2023-01-23,MSF,5221.16
2023-01-23,SOPLADORA,3856.497144
2023-01-24,CELEC_SUR,10036.135271
2023-01-24,MAZAR,833.284124
2023-01-24,MOLINO,3714.555609
2023-01-24,MSF,3338.49
2023-01-24,SOPLADORA,2149.805538
2023-01-25,CELEC_SUR,13401.059288
2023-01-25,MAZAR,785.117979
2023-01-25,MOLINO,5619.003631
2023-01-25,MSF,3788.71
2023-01-25,SOPLADORA,3208.227678
2023-01-26,CELEC_SUR,18666.696193
2023-01-26,MAZAR,582.787863
2023-01-26,MOLINO,9080.988291
2023-01-26,MSF,3677.33
2023-01-26,SOPLADORA,5325.590039
2023-01-27,CELEC_SUR,22650.745799
2023-01-27,MAZAR,958.904713
2023-01-27,MOLINO,12383.539048
2023-01-27,MSF,2062.84
2023-01-27,SOPLADORA,7245.462038
2023-01-28,CELEC_SUR,17458.522768
2023-01-28,MAZAR,967.894192
2023-01-28,MOLINO,8586.732231
2023-01-28,MSF,2884.15
2023-01-28,SOPLADORA,5019.746345
2023-01-29,CELEC_SUR,14493.49985
2023-01-29,MAZAR,902.329713
2023-01-29,MOLINO,7360.096761
2023-01-29,MSF,1937.928
2023-01-29,SOPLADORA,4293.145376
2023-01-30,CELEC_SUR,22595.739908
2023-01-30,MAZAR,2017.522461
2023-01-30,MOLINO,11515.52863
2023-01-30,MSF,2272.38
2023-01-30,SOPLADORA,6790.308817
2023-01-31,CELEC_SUR,24517.585131
2023-01-31,MAZAR,2826.06393
2023-01-31,MOLINO,12631.650961
2023-01-31,MSF,1677.87
2023-01-31,SOPLADORA,7382.00024
2023-02-01,CELEC_SUR,19152.417923
2023-02-01,MAZAR,1342.284494
2023-02-01,MOLINO,9965.075956
2023-02-01,MSF,2013.73
2023-02-01,SOPLADORA,5831.327473
2023-02-02,CELEC_SUR,22393.095805
2023-02-02,MAZAR,1550.802502
2023-02-02,MOLINO,10622.270744
2023-02-02,MSF,4021.038
2023-02-02,SOPLADORA,6198.984559
2023-02-03,CELEC_SUR,24431.504587
2023-02-03,MAZAR,1733.058955
2023-02-03,MOLINO,12498.820158
2023-02-03,MSF,2891.62
2023-02-03,SOPLADORA,7308.005474
2023-02-04,CELEC_SUR,17651.428557
2023-02-04,MAZAR,1474.829736
2023-02-04,MOLINO,9143.454237
2023-02-04,MSF,1690.61
2023-02-04,SOPLADORA,5342.534584
2023-02-05,CELEC_SUR,10058.15694
2023-02-05,MAZAR,939.702842
2023-02-05,MOLINO,5454.84758
2023-02-05,MSF,1057.0
2023-02-05,SOPLADORA,2606.606518
2023-02-06,CELEC_SUR,7702.898076
2023-02-06,MAZAR,514.19304
2023-02-06,MOLINO,3671.359066
2023-02-06,MSF,1450.4
2023-02-06,SOPLADORA,2066.94597
2023-02-07,CELEC_SUR,11138.488102
2023-02-07,MAZAR,553.079257
2023-02-07,MOLINO,5530.579453
2023-02-07,MSF,1859.62
2023-02-07,SOPLADORA,3195.209392
2023-02-08,CELEC_SUR,14252.453557
2023-02-08,MAZAR,1016.648924
2023-02-08,MOLINO,7188.925534
2023-02-08,MSF,1811.42
2023-02-08,SOPLADORA,4235.459099
2023-02-09,CELEC_SUR,14783.643118
2023-02-09,MAZAR,1149.008427
2023-02-09,MOLINO,6760.382483
2023-02-09,MSF,2939.62
2023-02-09,SOPLADORA,3934.632208
2023-02-10,CELEC_SUR,20228.820034
2023-02-10,MAZAR,1044.139276
2023-02-10,MOLINO,10135.477539
2023-02-10,MSF,3082.15
2023-02-10,SOPLADORA,5967.053219
2023-02-11,CELEC_SUR,17937.74126
2023-02-11,MAZAR,1422.089249
2023-02-11,MOLINO,9315.728812
2023-02-11,MSF,1752.17
2023-02-11,SOPLADORA,5447.753199
2023-02-12,CELEC_SUR,9568.110148
2023-02-12,MAZAR,951.04517
2023-02-12,MOLINO,4340.691749
2023-02-12,MSF,1731.2
2023-02-12,SOPLADORA,2545.173229
2023-02-13,CELEC_SUR,14043.994153
2023-02-13,MAZAR,1293.92793
2023-02-13,MOLINO,7166.98014
2023-02-13,MSF,1388.71
2023-02-13,SOPLADORA,4194.376083
2023-02-14,CELEC_SUR,16498.944374
2023-02-14,MAZAR,1087.521309
2023-02-14,MOLINO,8947.410681
2023-02-14,MSF,1181.71
2023-02-14,SOPLADORA,5282.302384
2023-02-15,CELEC_SUR,11483.322278
2023-02-15,MAZAR,1081.139365
2023-02-15,MOLINO,5484.762664
2023-02-15,MSF,1718.12
2023-02-15,SOPLADORA,3199.300249
2023-02-16,CELEC_SUR,10496.841925
2023-02-16,MAZAR,618.75544
2023-02-16,MOLINO,5116.792155
2023-02-16,MSF,1745.13
2023-02-16,SOPLADORA,3016.16433
2023-02-17,CELEC_SUR,10596.9841
2023-02-17,MAZAR,727.234214
2023-02-17,MOLINO,4813.757464
2023-02-17,MSF,2235.0
2023-02-17,SOPLADORA,2820.992422
2023-02-18,CELEC_SUR,7425.27663
2023-02-18,MAZAR,0.0
2023-02-18,MOLINO,3335.359317
2023-02-18,MSF,2193.0
2023-02-18,SOPLADORA,1896.917313
2023-02-19,CELEC_SUR,10558.934885
2023-02-19,MAZAR,0.0
2023-02-19,MOLINO,2710.219652
2023-02-19,MSF,6261.88
2023-02-19,SOPLADORA,1586.835233
2023-02-20,CELEC_SUR,9082.618778
2023-02-20,MAZAR,0.0
2023-02-20,MOLINO,3140.137697
2023-02-20,MSF,4104.13
2023-02-20,SOPLADORA,1838.351081
2023-02-21,CELEC_SUR,10190.990373
2023-02-21,MAZAR,1647.422592
2023-02-21,MOLINO,3117.482437
2023-02-21,MSF,3619.87
2023-02-21,SOPLADORA,1806.215344
2023-02-22,CELEC_SUR,11815.394506
2023-02-22,MAZAR,0.0
2023-02-22,MOLINO,3915.504396
2023-02-22,MSF,5614.88
2023-02-22,SOPLADORA,2285.01011
2023-02-23,CELEC_SUR,11932.368525
2023-02-23,MAZAR,0.0
2023-02-23,MOLINO,3898.456998
2023-02-23,MSF,5761.19
2023-02-23,SOPLADORA,2272.721527
2023-02-24,CELEC_SUR,11368.454472
2023-02-24,MAZAR,315.186431
2023-02-24,MOLINO,3690.779478
2023-02-24,MSF,5208.86
2023-02-24,SOPLADORA,2153.628563
2023-02-25,CELEC_SUR,19871.383439
2023-02-25,MAZAR,1168.728651
2023-02-25,MOLINO,9363.924599
2023-02-25,MSF,3921.23
2023-02-25,SOPLADORA,5417.500189
2023-02-26,CELEC_SUR,13271.583128
2023-02-26,MAZAR,887.355651
2023-02-26,MOLINO,5931.804169
2023-02-26,MSF,2966.6
2023-02-26,SOPLADORA,3485.823308
2023-02-27,CELEC_SUR,18796.34889
2023-02-27,MAZAR,1214.012839
2023-02-27,MOLINO,9375.778836
2023-02-27,MSF,2718.62
2023-02-27,SOPLADORA,5487.937215
2023-02-28,CELEC_SUR,15162.79134
2023-02-28,MAZAR,1216.922934
2023-02-28,MOLINO,8130.410261
2023-02-28,MSF,1048.612
2023-02-28,SOPLADORA,4766.846145
2023-03-01,CELEC_SUR,14865.799318
2023-03-01,MAZAR,544.107212
2023-03-01,MOLINO,7595.571664
2023-03-01,MSF,2276.24
2023-03-01,SOPLADORA,4449.880442
2023-03-02,CELEC_SUR,18958.986623
2023-03-02,MAZAR,709.796063
2023-03-02,MOLINO,8099.969602
2023-03-02,MSF,5374.52
2023-03-02,SOPLADORA,4774.700958
2023-03-03,CELEC_SUR,21700.600974
2023-03-03,MAZAR,1460.954031
2023-03-03,MOLINO,9606.656981
2023-03-03,MSF,5025.36
2023-03-03,SOPLADORA,5607.629962
2023-03-04,CELEC_SUR,27460.596172
2023-03-04,MAZAR,2010.094821
2023-03-04,MOLINO,14382.899405
2023-03-04,MSF,4518.61
2023-03-04,SOPLADORA,6548.991946
2023-03-05,CELEC_SUR,25528.688654
2023-03-05,MAZAR,2035.047618
2023-03-05,MOLINO,13841.52446
2023-03-05,MSF,2263.85
2023-03-05,SOPLADORA,7388.266576
2023-03-06,CELEC_SUR,25022.286997
2023-03-06,MAZAR,1444.940968
2023-03-06,MOLINO,13343.084917
2023-03-06,MSF,3444.43
2023-03-06,SOPLADORA,6789.831112
2023-03-07,CELEC_SUR,23959.33946
2023-03-07,MAZAR,1803.565936
2023-03-07,MOLINO,11058.222161
2023-03-07,MSF,4680.87
2023-03-07,SOPLADORA,6416.681363
2023-03-08,CELEC_SUR,28472.855726
2023-03-08,MAZAR,1763.375769
2023-03-08,MOLINO,13500.470425
2023-03-08,MSF,6529.87
2023-03-08,SOPLADORA,6679.139532
2023-03-09,CELEC_SUR,27117.006983
2023-03-09,MAZAR,806.837433
2023-03-09,MOLINO,12932.479477
2023-03-09,MSF,6516.16
2023-03-09,SOPLADORA,6861.530073
2023-03-10,CELEC_SUR,26774.826728
2023-03-10,MAZAR,1207.371337
2023-03-10,MOLINO,12568.041644
2023-03-10,MSF,6517.59
2023-03-10,SOPLADORA,6481.823747
2023-03-11,CELEC_SUR,27775.609382
2023-03-11,MAZAR,257.403903
2023-03-11,MOLINO,13868.399995
2023-03-11,MSF,6509.17
2023-03-11,SOPLADORA,7140.635484
2023-03-12,CELEC_SUR,23185.630855
2023-03-12,MAZAR,318.589177
2023-03-12,MOLINO,10945.60616
2023-03-12,MSF,6019.04
2023-03-12,SOPLADORA,5902.395518
2023-03-13,CELEC_SUR,27583.030017
2023-03-13,MAZAR,1686.29791
2023-03-13,MOLINO,13485.604726
2023-03-13,MSF,6358.22
2023-03-13,SOPLADORA,6052.907381
2023-03-14,CELEC_SUR,27647.863968
2023-03-14,MAZAR,1551.224356
2023-03-14,MOLINO,13400.284762
2023-03-14,MSF,6521.66
2023-03-14,SOPLADORA,6174.69485
2023-03-15,CELEC_SUR,29942.620935
2023-03-15,MAZAR,1474.609921
2023-03-15,MOLINO,15717.356745
2023-03-15,MSF,6299.88
2023-03-15,SOPLADORA,6450.774269
2023-03-16,CELEC_SUR,32835.712079
2023-03-16,MAZAR,2301.445906
2023-03-16,MOLINO,17497.019852
2023-03-16,MSF,6110.79
2023-03-16,SOPLADORA,6926.456321
2023-03-17,CELEC_SUR,32110.931855
2023-03-17,MAZAR,2418.687235
2023-03-17,MOLINO,16247.335658
2023-03-17,MSF,5982.28
2023-03-17,SOPLADORA,7462.628962
2023-03-18,CELEC_SUR,30229.760632
2023-03-18,MAZAR,2954.050326
2023-03-18,MOLINO,14837.416537
2023-03-18,MSF,4550.46
2023-03-18,SOPLADORA,7887.833769
2023-03-19,CELEC_SUR,32508.418163
2023-03-19,MAZAR,2589.07036
2023-03-19,MOLINO,18108.555153
2023-03-19,MSF,1945.902
2023-03-19,SOPLADORA,9864.89065
2023-03-20,CELEC_SUR,35651.185194
2023-03-20,MAZAR,3723.355668
2023-03-20,MOLINO,20998.599116
2023-03-20,MSF,0.0
2023-03-20,SOPLADORA,10929.23041
2023-03-21,CELEC_SUR,35729.144459
2023-03-21,MAZAR,3649.277599
2023-03-21,MOLINO,21066.679006
2023-03-21,MSF,0.0
2023-03-21,SOPLADORA,11013.187854
2023-03-22,CELEC_SUR,32593.135742
2023-03-22,MAZAR,3513.366045
2023-03-22,MOLINO,18535.510096
2023-03-22,MSF,0.0
2023-03-22,SOPLADORA,10544.259601
2023-03-23,CELEC_SUR,32522.462843
2023-03-23,MAZAR,3479.187397
2023-03-23,MOLINO,18431.778553
2023-03-23,MSF,0.0
2023-03-23,SOPLADORA,10611.496893
2023-03-24,CELEC_SUR,29205.299079
2023-03-24,MAZAR,2460.771355
2023-03-24,MOLINO,16907.609636
2023-03-24,MSF,0.0
2023-03-24,SOPLADORA,9836.918088
2023-03-25,CELEC_SUR,24909.768058
2023-03-25,MAZAR,2107.208774
2023-03-25,MOLINO,14488.204169
2023-03-25,MSF,0.0
2023-03-25,SOPLADORA,8314.355115
2023-03-26,CELEC_SUR,23064.176859
2023-03-26,MAZAR,1579.469478
2023-03-26,MOLINO,13546.551926
2023-03-26,MSF,0.0
2023-03-26,SOPLADORA,7938.155455
2023-03-27,CELEC_SUR,18835.520448
2023-03-27,MAZAR,979.487672
2023-03-27,MOLINO,11336.882893
2023-03-27,MSF,0.0
2023-03-27,SOPLADORA,6519.149883
2023-03-28,CELEC_SUR,21610.997875
2023-03-28,MAZAR,2194.447057
2023-03-28,MOLINO,12290.926632
2023-03-28,MSF,0.0
2023-03-28,SOPLADORA,7125.624186
2023-03-29,CELEC_SUR,24876.410995
2023-03-29,MAZAR,2578.062242
2023-03-29,MOLINO,14110.828624
2023-03-29,MSF,0.0
2023-03-29,SOPLADORA,8187.520129
2023-03-30,CELEC_SUR,23161.995084
2023-03-30,MAZAR,1916.715243
2023-03-30,MOLINO,13453.307032
2023-03-30,MSF,0.0
2023-03-30,SOPLADORA,7791.972809
2023-03-31,CELEC_SUR,18538.331891
2023-03-31,MAZAR,681.508181
2023-03-31,MOLINO,10149.088519
2023-03-31,MSF,1900.4
2023-03-31,SOPLADORA,5807.335191
2023-04-01,CELEC_SUR,16918.34827
2023-04-01,MAZAR,1328.942625
2023-04-01,MOLINO,6646.260803
2023-04-01,MSF,5303.73
2023-04-01,SOPLADORA,3639.414842
2023-04-02,CELEC_SUR,16494.666461
2023-04-02,MAZAR,877.807314
2023-04-02,MOLINO,6322.399169
2023-04-02,MSF,5712.59
2023-04-02,SOPLADORA,3581.869978
2023-04-03,CELEC_SUR,21282.899726
2023-04-03,MAZAR,950.920605
2023-04-03,MOLINO,9132.175977
2023-04-03,MSF,6112.78
2023-04-03,SOPLADORA,5087.023144
2023-04-04,CELEC_SUR,22677.203501
2023-04-04,MAZAR,2662.67955
2023-04-04,MOLINO,9336.23082
2023-04-04,MSF,5331.63
2023-04-04,SOPLADORA,5346.663131
2023-04-05,CELEC_SUR,24412.757062
2023-04-05,MAZAR,2424.36217
2023-04-05,MOLINO,10096.030046
2023-04-05,MSF,6123.305
2023-04-05,SOPLADORA,5769.059846
2023-04-06,CELEC_SUR,23303.749001
2023-04-06,MAZAR,907.464222
2023-04-06,MOLINO,10388.202795
2023-04-06,MSF,6143.32
2023-04-06,SOPLADORA,5864.761984
2023-04-07,CELEC_SUR,20047.762242
2023-04-07,MAZAR,1168.107174
2023-04-07,MOLINO,8020.556993
2023-04-07,MSF,6359.56
2023-04-07,SOPLADORA,4499.538075
2023-04-08,CELEC_SUR,21796.286159
2023-04-08,MAZAR,1622.102517
2023-04-08,MOLINO,9339.014065
2023-04-08,MSF,5806.38
2023-04-08,SOPLADORA,5028.789577
2023-04-09,CELEC_SUR,19650.807929
2023-04-09,MAZAR,2495.647164
2023-04-09,MOLINO,7556.860634
2023-04-09,MSF,5293.17
2023-04-09,SOPLADORA,4305.130131
2023-04-10,CELEC_SUR,29074.54704
2023-04-10,MAZAR,2065.370353
2023-04-10,MOLINO,13157.82494
2023-04-10,MSF,6336.77
2023-04-10,SOPLADORA,7514.581747
2023-04-11,CELEC_SUR,34485.936591
2023-04-11,MAZAR,1766.099174
2023-04-11,MOLINO,16976.357456
2023-04-11,MSF,6523.01
2023-04-11,SOPLADORA,9220.469961
2023-04-12,CELEC_SUR,33885.3441
2023-04-12,MAZAR,1793.293544
2023-04-12,MOLINO,16365.034126
2023-04-12,MSF,6527.08
2023-04-12,SOPLADORA,9199.93643
2023-04-13,CELEC_SUR,36677.469259
2023-04-13,MAZAR,1791.160876
2023-04-13,MOLINO,18674.518736
2023-04-13,MSF,6098.92
2023-04-13,SOPLADORA,10112.869647
2023-04-14,CELEC_SUR,38947.229897
2023-04-14,MAZAR,1789.35043
2023-04-14,MOLINO,21303.154342
2023-04-14,MSF,5101.17
2023-04-14,SOPLADORA,10753.555125
2023-04-15,CELEC_SUR,35359.447822
2023-04-15,MAZAR,549.623464
2023-04-15,MOLINO,19750.431241
2023-04-15,MSF,5080.36
2023-04-15,SOPLADORA,9979.033117
2023-04-16,CELEC_SUR,32260.05613
2023-04-16,MAZAR,535.187841
2023-04-16,MOLINO,16876.426421
2023-04-16,MSF,5098.13
2023-04-16,SOPLADORA,9750.311868
2023-04-17,CELEC_SUR,35041.63125
2023-04-17,MAZAR,1786.722609
2023-04-17,MOLINO,17528.376398
2023-04-17,MSF,6512.38
2023-04-17,SOPLADORA,9214.152243
2023-04-18,CELEC_SUR,37717.312881
2023-04-18,MAZAR,1787.418072
2023-04-18,MOLINO,19576.514644
2023-04-18,MSF,6520.11
2023-04-18,SOPLADORA,9833.270165
2023-04-19,CELEC_SUR,38724.402808
2023-04-19,MAZAR,1787.311304
2023-04-19,MOLINO,19853.717596
2023-04-19,MSF,6461.88
2023-04-19,SOPLADORA,10621.493908
2023-04-20,CELEC_SUR,33905.77567
2023-04-20,MAZAR,1526.380997
2023-04-20,MOLINO,16954.069332
2023-04-20,MSF,5727.7
2023-04-20,SOPLADORA,9697.625341
2023-04-21,CELEC_SUR,34509.971697
2023-04-21,MAZAR,1785.828165
2023-04-21,MOLINO,17113.399474
2023-04-21,MSF,6268.85
2023-04-21,SOPLADORA,9341.894058
2023-04-22,CELEC_SUR,31138.125607
2023-04-22,MAZAR,1784.841217
2023-04-22,MOLINO,15397.222245
2023-04-22,MSF,5075.61
2023-04-22,SOPLADORA,8880.452145
2023-04-23,CELEC_SUR,21190.367157
2023-04-23,MAZAR,1768.741849
2023-04-23,MOLINO,9283.569852
2023-04-23,MSF,4818.66
2023-04-23,SOPLADORA,5319.395456
2023-04-24,CELEC_SUR,32593.484901
2023-04-24,MAZAR,1800.922912
2023-04-24,MOLINO,15706.938453
2023-04-24,MSF,6213.42
2023-04-24,SOPLADORA,8872.203536
2023-04-25,CELEC_SUR,38162.647611
2023-04-25,MAZAR,1801.630939
2023-04-25,MOLINO,19519.119603
2023-04-25,MSF,6420.62
2023-04-25,SOPLADORA,10421.277069
2023-04-26,CELEC_SUR,33520.878229
2023-04-26,MAZAR,1796.899875
2023-04-26,MOLINO,16680.097787
2023-04-26,MSF,5779.51
2023-04-26,SOPLADORA,9264.370567
2023-04-27,CELEC_SUR,37077.638185
2023-04-27,MAZAR,1796.283082
2023-04-27,MOLINO,18997.093841
2023-04-27,MSF,6501.13
2023-04-27,SOPLADORA,9783.131262
2023-04-28,CELEC_SUR,31417.818648
2023-04-28,MAZAR,1867.613357
2023-04-28,MOLINO,14803.518572
2023-04-28,MSF,6426.248
2023-04-28,SOPLADORA,8320.438719
2023-04-29,CELEC_SUR,27534.594571
2023-04-29,MAZAR,1912.007999
2023-04-29,MOLINO,13005.497817
2023-04-29,MSF,5106.63
2023-04-29,SOPLADORA,7510.458755
2023-04-30,CELEC_SUR,31069.204483
2023-04-30,MAZAR,2382.505401
2023-04-30,MOLINO,14532.818264
2023-04-30,MSF,5852.02
2023-04-30,SOPLADORA,8301.860818
2023-05-01,CELEC_SUR,29496.082673
2023-05-01,MAZAR,1875.056056
2023-05-01,MOLINO,13610.925833
2023-05-01,MSF,6236.63
2023-05-01,SOPLADORA,7773.470784
2023-05-02,CELEC_SUR,35637.35384
2023-05-02,MAZAR,1379.030641
2023-05-02,MOLINO,17703.941296
2023-05-02,MSF,6520.5
2023-05-02,SOPLADORA,10033.881903
2023-05-03,CELEC_SUR,29810.246989
2023-05-03,MAZAR,961.396953
2023-05-03,MOLINO,14998.660378
2023-05-03,MSF,5131.55
2023-05-03,SOPLADORA,8718.639658
2023-05-04,CELEC_SUR,30499.529721
2023-05-04,MAZAR,2628.457534
2023-05-04,MOLINO,14230.655626
2023-05-04,MSF,5399.38
2023-05-04,SOPLADORA,8241.036561
2023-05-05,CELEC_SUR,34538.184302
2023-05-05,MAZAR,2037.1025
2023-05-05,MOLINO,17594.039982
2023-05-05,MSF,5195.79
2023-05-05,SOPLADORA,9711.25182
2023-05-06,CELEC_SUR,41901.505655
2023-05-06,MAZAR,3838.177484
2023-05-06,MOLINO,21151.33146
2023-05-06,MSF,5858.13
2023-05-06,SOPLADORA,11053.866711
2023-05-07,CELEC_SUR,40937.73463
2023-05-07,MAZAR,3797.197555
2023-05-07,MOLINO,21070.866739
2023-05-07,MSF,4788.97
2023-05-07,SOPLADORA,11280.700336
2023-05-08,CELEC_SUR,37721.801502
2023-05-08,MAZAR,3258.113494
2023-05-08,MOLINO,19771.102535
2023-05-08,MSF,4078.0
2023-05-08,SOPLADORA,10614.585473
2023-05-09,CELEC_SUR,34157.868064
2023-05-09,MAZAR,2655.996759
2023-05-09,MOLINO,18687.663453
2023-05-09,MSF,2188.87
2023-05-09,SOPLADORA,10625.337852
2023-05-10,CELEC_SUR,30180.957821
2023-05-10,MAZAR,1073.474135
2023-05-10,MOLINO,15189.944379
2023-05-10,MSF,5214.26
2023-05-10,SOPLADORA,8703.279307
2023-05-11,CELEC_SUR,31326.92045
2023-05-11,MAZAR,1835.289423
2023-05-11,MOLINO,15237.05906
2023-05-11,MSF,5444.857
2023-05-11,SOPLADORA,8809.714967
2023-05-12,CELEC_SUR,31169.918116
2023-05-12,MAZAR,1885.738781
2023-05-12,MOLINO,15803.659232
2023-05-12,MSF,4287.12
2023-05-12,SOPLADORA,9193.400103
2023-05-13,CELEC_SUR,28320.311924
2023-05-13,MAZAR,2418.779622
2023-05-13,MOLINO,15476.853413
2023-05-13,MSF,3513.37
2023-05-13,SOPLADORA,6911.308889
2023-05-14,CELEC_SUR,21718.349836
2023-05-14,MAZAR,1335.8
2023-05-14,MOLINO,11239.061958
2023-05-14,MSF,3987.82
2023-05-14,SOPLADORA,5155.667878
2023-05-15,CELEC_SUR,25606.423951
2023-05-15,MAZAR,2472.44969
2023-05-15,MOLINO,13507.23302
2023-05-15,MSF,4820.3
2023-05-15,SOPLADORA,4806.441241
2023-05-16,CELEC_SUR,27859.428448
2023-05-16,MAZAR,2789.415012
2023-05-16,MOLINO,16450.796207
2023-05-16,MSF,3551.17
2023-05-16,SOPLADORA,5068.047229
2023-05-17,CELEC_SUR,27722.714293
2023-05-17,MAZAR,1428.837225
2023-05-17,MOLINO,15836.668255
2023-05-17,MSF,2519.18
2023-05-17,SOPLADORA,7938.028813
2023-05-18,CELEC_SUR,34026.888025
2023-05-18,MAZAR,2206.639393
2023-05-18,MOLINO,18811.746323
2023-05-18,MSF,2298.41
2023-05-18,SOPLADORA,10710.092309
2023-05-19,CELEC_SUR,33222.113566
2023-05-19,MAZAR,2036.20117
2023-05-19,MOLINO,18065.099637
2023-05-19,MSF,2674.95
2023-05-19,SOPLADORA,10445.862759
2023-05-20,CELEC_SUR,31136.748236
2023-05-20,MAZAR,2179.932917
2023-05-20,MOLINO,16767.671929
2023-05-20,MSF,2408.01
2023-05-20,SOPLADORA,9781.13339
2023-05-21,CELEC_SUR,27100.059928
2023-05-21,MAZAR,2617.745894
2023-05-21,MOLINO,12616.43244
2023-05-21,MSF,4469.55
2023-05-21,SOPLADORA,7396.331594
2023-05-22,CELEC_SUR,34720.131165
2023-05-22,MAZAR,2563.987517
2023-05-22,MOLINO,17876.681179
2023-05-22,MSF,4741.88
2023-05-22,SOPLADORA,9537.582469
2023-05-23,CELEC_SUR,32592.365407
2023-05-23,MAZAR,2863.57756
2023-05-23,MOLINO,16203.811831
2023-05-23,MSF,6213.0
2023-05-23,SOPLADORA,7311.976016
2023-05-24,CELEC_SUR,31389.652373
2023-05-24,MAZAR,2480.47752
2023-05-24,MOLINO,15672.757782
2023-05-24,MSF,5923.5
2023-05-24,SOPLADORA,7312.917071
2023-05-25,CELEC_SUR,31259.161526
2023-05-25,MAZAR,2686.428971
2023-05-25,MOLINO,17506.433
2023-05-25,MSF,3345.12
2023-05-25,SOPLADORA,7721.179555
2023-05-26,CELEC_SUR,33363.641494
2023-05-26,MAZAR,1878.894056
2023-05-26,MOLINO,18107.852505
2023-05-26,MSF,5746.98
2023-05-26,SOPLADORA,7629.914933
2023-05-27,CELEC_SUR,33741.034385
2023-05-27,MAZAR,2598.466386
2023-05-27,MOLINO,17389.811332
2023-05-27,MSF,6076.83
2023-05-27,SOPLADORA,7675.926667
2023-05-28,CELEC_SUR,31306.216689
2023-05-28,MAZAR,956.963673
2023-05-28,MOLINO,17046.404888
2023-05-28,MSF,5786.38
2023-05-28,SOPLADORA,7516.468128
2023-05-29,CELEC_SUR,31658.495947
2023-05-29,MAZAR,2336.023425
2023-05-29,MOLINO,17815.859865
2023-05-29,MSF,3851.87
2023-05-29,SOPLADORA,7654.742657
2023-05-30,CELEC_SUR,29954.577134
2023-05-30,MAZAR,1865.413076
2023-05-30,MOLINO,18139.304793
2023-05-30,MSF,2213.14
2023-05-30,SOPLADORA,7736.719265
2023-05-31,CELEC_SUR,27706.581455
2023-05-31,MAZAR,1402.154538
2023-05-31,MOLINO,16117.732759
2023-05-31,MSF,2627.95
2023-05-31,SOPLADORA,7558.744158
2023-06-01,CELEC_SUR,28782.817603
2023-06-01,MAZAR,1715.948596
2023-06-01,MOLINO,14868.161294
2023-06-01,MSF,4810.33
2023-06-01,SOPLADORA,7388.377713
2023-06-02,CELEC_SUR,34051.005554
2023-06-02,MAZAR,2326.93923
2023-06-02,MOLINO,17979.039341
2023-06-02,MSF,6451.993
2023-06-02,SOPLADORA,7293.033983
2023-06-03,CELEC_SUR,28290.705209
2023-06-03,MAZAR,1835.867894
2023-06-03,MOLINO,15657.266023
2023-06-03,MSF,4607.73
2023-06-03,SOPLADORA,6189.841292
2023-06-04,CELEC_SUR,20133.469302
2023-06-04,MAZAR,708.76383
2023-06-04,MOLINO,11492.142529
2023-06-04,MSF,3071.63
2023-06-04,SOPLADORA,4860.932943
2023-06-05,CELEC_SUR,25464.399203
2023-06-05,MAZAR,2036.288534
2023-06-05,MOLINO,13925.345742
2023-06-05,MSF,3100.12
2023-06-05,SOPLADORA,6402.644927
2023-06-06,CELEC_SUR,26237.442598
2023-06-06,MAZAR,1952.515635
2023-06-06,MOLINO,12552.734953
2023-06-06,MSF,5246.0
2023-06-06,SOPLADORA,6486.19201
2023-06-07,CELEC_SUR,28685.23971
2023-06-07,MAZAR,1016.450507
2023-06-07,MOLINO,14941.416352
2023-06-07,MSF,5921.37
2023-06-07,SOPLADORA,6806.002851
2023-06-08,CELEC_SUR,30443.761338
2023-06-08,MAZAR,638.497355
2023-06-08,MOLINO,16291.336755
2023-06-08,MSF,6414.37
2023-06-08,SOPLADORA,7099.557228
2023-06-09,CELEC_SUR,30356.031036
2023-06-09,MAZAR,844.159905
2023-06-09,MOLINO,17172.518938
2023-06-09,MSF,4690.243
2023-06-09,SOPLADORA,7649.109193
2023-06-10,CELEC_SUR,25424.252797
2023-06-10,MAZAR,1180.945184
2023-06-10,MOLINO,12492.371317
2023-06-10,MSF,5109.23
2023-06-10,SOPLADORA,6641.706296
2023-06-11,CELEC_SUR,24605.667843
2023-06-11,MAZAR,522.231077
2023-06-11,MOLINO,12809.768051
2023-06-11,MSF,3930.71
2023-06-11,SOPLADORA,7342.958715
2023-06-12,CELEC_SUR,31101.048937
2023-06-12,MAZAR,2124.092049
2023-06-12,MOLINO,16082.153123
2023-06-12,MSF,3663.79
2023-06-12,SOPLADORA,9231.013765
2023-06-13,CELEC_SUR,34576.906278
2023-06-13,MAZAR,2679.39488
2023-06-13,MOLINO,18441.061462
2023-06-13,MSF,3382.87
2023-06-13,SOPLADORA,10073.579936
2023-06-14,CELEC_SUR,33025.344872
2023-06-14,MAZAR,3715.870055
2023-06-14,MOLINO,17481.463318
2023-06-14,MSF,1859.57
2023-06-14,SOPLADORA,9968.441499
2023-06-15,CELEC_SUR,27952.371647
2023-06-15,MAZAR,1351.85457
2023-06-15,MOLINO,14162.436607
2023-06-15,MSF,4286.69
2023-06-15,SOPLADORA,8151.39047
2023-06-16,CELEC_SUR,31787.316155
2023-06-16,MAZAR,1284.873282
2023-06-16,MOLINO,16431.089923
2023-06-16,MSF,4676.44
2023-06-16,SOPLADORA,9394.91295
2023-06-17,CELEC_SUR,31183.404859
2023-06-17,MAZAR,1149.201072
2023-06-17,MOLINO,15666.878488
2023-06-17,MSF,5678.46
2023-06-17,SOPLADORA,8688.865299
2023-06-18,CELEC_SUR,28553.775426
2023-06-18,MAZAR,501.211588
2023-06-18,MOLINO,14844.204796
2023-06-18,MSF,5243.0
2023-06-18,SOPLADORA,7965.359042
2023-06-19,CELEC_SUR,28994.232183
2023-06-19,MAZAR,664.912326
2023-06-19,MOLINO,16115.060755
2023-06-19,MSF,3271.75
2023-06-19,SOPLADORA,8942.509102
2023-06-20,CELEC_SUR,34336.57652
2023-06-20,MAZAR,1786.637995
2023-06-20,MOLINO,19447.281195
2023-06-20,MSF,3021.0
2023-06-20,SOPLADORA,10081.65733
2023-06-21,CELEC_SUR,34395.251102
2023-06-21,MAZAR,2753.553123
2023-06-21,MOLINO,18670.012943
2023-06-21,MSF,2397.75
2023-06-21,SOPLADORA,10573.935036
2023-06-22,CELEC_SUR,34151.963413
2023-06-22,MAZAR,3136.254094
2023-06-22,MOLINO,18601.163521
2023-06-22,MSF,1934.45
2023-06-22,SOPLADORA,10480.095798
2023-06-23,CELEC_SUR,34332.686643
2023-06-23,MAZAR,3078.401389
2023-06-23,MOLINO,18710.958092
2023-06-23,MSF,1975.98
2023-06-23,SOPLADORA,10567.347162
2023-06-24,CELEC_SUR,32922.649358
2023-06-24,MAZAR,2155.034972
2023-06-24,MOLINO,18690.434199
2023-06-24,MSF,1647.25
2023-06-24,SOPLADORA,10429.930187
2023-06-25,CELEC_SUR,30208.65469
2023-06-25,MAZAR,567.206286
2023-06-25,MOLINO,16773.940995
2023-06-25,MSF,3188.12
2023-06-25,SOPLADORA,9679.387409
2023-06-26,CELEC_SUR,34463.618069
2023-06-26,MAZAR,3082.598696
2023-06-26,MOLINO,17072.822905
2023-06-26,MSF,4872.34
2023-06-26,SOPLADORA,9435.856468
2023-06-27,CELEC_SUR,32466.185129
2023-06-27,MAZAR,2385.821049
2023-06-27,MOLINO,17915.323422
2023-06-27,MSF,2203.34
2023-06-27,SOPLADORA,9961.700658
2023-06-28,CELEC_SUR,34915.015432
2023-06-28,MAZAR,2492.982382
2023-06-28,MOLINO,19573.945815
2023-06-28,MSF,2254.5
2023-06-28,SOPLADORA,10593.587235
2023-06-29,CELEC_SUR,36469.61847
2023-06-29,MAZAR,2687.169277
2023-06-29,MOLINO,20697.456635
2023-06-29,MSF,1755.42
2023-06-29,SOPLADORA,11329.572558
2023-06-30,CELEC_SUR,33978.785865
2023-06-30,MAZAR,1468.965544
2023-06-30,MOLINO,19247.443155
2023-06-30,MSF,2626.68
2023-06-30,SOPLADORA,10635.697166
2023-07-01,CELEC_SUR,33394.768123
2023-07-01,MAZAR,180.787112
2023-07-01,MOLINO,18839.542169
2023-07-01,MSF,4064.77
2023-07-01,SOPLADORA,10309.668842
2023-07-02,CELEC_SUR,31355.562806
2023-07-02,MAZAR,617.314908
2023-07-02,MOLINO,18061.7744
2023-07-02,MSF,2883.06
2023-07-02,SOPLADORA,9793.413498
2023-07-03,CELEC_SUR,33035.645604
2023-07-03,MAZAR,857.636931
2023-07-03,MOLINO,19139.61366
2023-07-03,MSF,2448.24
2023-07-03,SOPLADORA,10590.155013
2023-07-04,CELEC_SUR,35200.409145
2023-07-04,MAZAR,2689.128193
2023-07-04,MOLINO,19805.251283
2023-07-04,MSF,1738.01
2023-07-04,SOPLADORA,10968.019669
2023-07-05,CELEC_SUR,38645.47614
2023-07-05,MAZAR,3477.081487
2023-07-05,MOLINO,21560.588305
2023-07-05,MSF,2119.62
2023-07-05,SOPLADORA,11488.186348
2023-07-06,CELEC_SUR,32853.609393
2023-07-06,MAZAR,2683.907876
2023-07-06,MOLINO,18622.615772
2023-07-06,MSF,1056.73
2023-07-06,SOPLADORA,10490.355745
2023-07-07,CELEC_SUR,29581.37913
2023-07-07,MAZAR,1152.61993
2023-07-07,MOLINO,17624.052537
2023-07-07,MSF,849.59
2023-07-07,SOPLADORA,9955.116663
2023-07-08,CELEC_SUR,25763.867003
2023-07-08,MAZAR,764.981283
2023-07-08,MOLINO,14485.334652
2023-07-08,MSF,2442.25
2023-07-08,SOPLADORA,8071.301068
2023-07-09,CELEC_SUR,31895.54888
2023-07-09,MAZAR,0.0
2023-07-09,MOLINO,17204.490341
2023-07-09,MSF,5070.12
2023-07-09,SOPLADORA,9620.938539
2023-07-10,CELEC_SUR,33454.732333
2023-07-10,MAZAR,2041.283347
2023-07-10,MOLINO,18589.619558
2023-07-10,MSF,2777.39
2023-07-10,SOPLADORA,10046.439428
2023-07-11,CELEC_SUR,35141.476307
2023-07-11,MAZAR,2541.180466
2023-07-11,MOLINO,19111.624542
2023-07-11,MSF,2836.47
2023-07-11,SOPLADORA,10652.201299
2023-07-12,CELEC_SUR,34560.036774
2023-07-12,MAZAR,2349.141469
2023-07-12,MOLINO,18229.259951
2023-07-12,MSF,3803.59
2023-07-12,SOPLADORA,10178.045354
2023-07-13,CELEC_SUR,36821.472146
2023-07-13,MAZAR,2897.515665
2023-07-13,MOLINO,19869.020609
2023-07-13,MSF,3126.46
2023-07-13,SOPLADORA,10928.475872
2023-07-14,CELEC_SUR,33803.559642
2023-07-14,MAZAR,3367.617612
2023-07-14,MOLINO,18530.38675
2023-07-14,MSF,1554.87
2023-07-14,SOPLADORA,10350.68528
2023-07-15,CELEC_SUR,31407.192438
2023-07-15,MAZAR,2920.059746
2023-07-15,MOLINO,17452.222911
2023-07-15,MSF,1053.29
2023-07-15,SOPLADORA,9981.619781
2023-07-16,CELEC_SUR,25692.107911
2023-07-16,MAZAR,824.295793
2023-07-16,MOLINO,15519.715205
2023-07-16,MSF,483.75
2023-07-16,SOPLADORA,8864.346913
2023-07-17,CELEC_SUR,31446.647281
2023-07-17,MAZAR,1468.505352
2023-07-17,MOLINO,18359.001234
2023-07-17,MSF,2757.5
2023-07-17,SOPLADORA,8861.640695
2023-07-18,CELEC_SUR,35983.04029
2023-07-18,MAZAR,2327.269852
2023-07-18,MOLINO,19319.261275
2023-07-18,MSF,3894.08
2023-07-18,SOPLADORA,10442.429163
2023-07-19,CELEC_SUR,35827.821775
2023-07-19,MAZAR,2427.463529
2023-07-19,MOLINO,18389.118722
2023-07-19,MSF,4962.12
2023-07-19,SOPLADORA,10049.119524
2023-07-20,CELEC_SUR,34428.92919
2023-07-20,MAZAR,3769.982684
2023-07-20,MOLINO,18017.364063
2023-07-20,MSF,2867.12
2023-07-20,SOPLADORA,9774.462443
2023-07-21,CELEC_SUR,35220.631683
2023-07-21,MAZAR,3775.803525
2023-07-21,MOLINO,18131.952459
2023-07-21,MSF,5041.382
2023-07-21,SOPLADORA,8271.493699
2023-07-22,CELEC_SUR,29869.945155
2023-07-22,MAZAR,3443.895053
2023-07-22,MOLINO,14823.55936
2023-07-22,MSF,4007.36
2023-07-22,SOPLADORA,7595.130742
2023-07-23,CELEC_SUR,27769.706201
2023-07-23,MAZAR,2195.511418
2023-07-23,MOLINO,15289.846598
2023-07-23,MSF,2734.88
2023-07-23,SOPLADORA,7549.468185
2023-07-24,CELEC_SUR,31262.124064
2023-07-24,MAZAR,2367.474334
2023-07-24,MOLINO,17667.264905
2023-07-24,MSF,2138.12
2023-07-24,SOPLADORA,9089.264825
2023-07-25,CELEC_SUR,36405.59179
2023-07-25,MAZAR,2562.688919
2023-07-25,MOLINO,20503.764498
2023-07-25,MSF,2310.477
2023-07-25,SOPLADORA,11028.661373
2023-07-26,CELEC_SUR,35942.004765
2023-07-26,MAZAR,2563.819566
2023-07-26,MOLINO,20466.421662
2023-07-26,MSF,1725.5
2023-07-26,SOPLADORA,11186.263537
2023-07-27,CELEC_SUR,34021.510672
2023-07-27,MAZAR,2191.726042
2023-07-27,MOLINO,19799.304103
2023-07-27,MSF,1068.55
2023-07-27,SOPLADORA,10961.930527
2023-07-28,CELEC_SUR,32137.972648
2023-07-28,MAZAR,1629.811695
2023-07-28,MOLINO,18491.720055
2023-07-28,MSF,1592.128
2023-07-28,SOPLADORA,10424.312898
2023-07-29,CELEC_SUR,33126.048574
2023-07-29,MAZAR,2256.035659
2023-07-29,MOLINO,17964.045032
2023-07-29,MSF,2651.99
2023-07-29,SOPLADORA,10253.977883
2023-07-30,CELEC_SUR,34051.517467
2023-07-30,MAZAR,1252.676802
2023-07-30,MOLINO,18327.128627
2023-07-30,MSF,3970.34
2023-07-30,SOPLADORA,10501.372038
2023-07-31,CELEC_SUR,35256.927283
2023-07-31,MAZAR,2268.644969
2023-07-31,MOLINO,18390.455615
2023-07-31,MSF,4779.91
2023-07-31,SOPLADORA,9817.916699
2023-08-01,CELEC_SUR,33847.829163
2023-08-01,MAZAR,1826.537776
2023-08-01,MOLINO,19241.664383
2023-08-01,MSF,2012.82
2023-08-01,SOPLADORA,10766.807004
2023-08-02,CELEC_SUR,33513.375403
2023-08-02,MAZAR,2345.04731
2023-08-02,MOLINO,19506.837666
2023-08-02,MSF,1034.343
2023-08-02,SOPLADORA,10627.147427
2023-08-03,CELEC_SUR,34055.374489
2023-08-03,MAZAR,2007.65415
2023-08-03,MOLINO,20182.162559
2023-08-03,MSF,1603.493
2023-08-03,SOPLADORA,10262.06478
2023-08-04,CELEC_SUR,27396.549656
2023-08-04,MAZAR,3441.172533
2023-08-04,MOLINO,14002.856423
2023-08-04,MSF,2094.48
2023-08-04,SOPLADORA,7858.0407
2023-08-05,CELEC_SUR,26120.706334
2023-08-05,MAZAR,2689.407243
2023-08-05,MOLINO,13991.510835
2023-08-05,MSF,1691.83
2023-08-05,SOPLADORA,7747.958256
2023-08-06,CELEC_SUR,21678.312091
2023-08-06,MAZAR,1216.211596
2023-08-06,MOLINO,12764.709214
2023-08-06,MSF,950.26
2023-08-06,SOPLADORA,6747.131281
2023-08-07,CELEC_SUR,25960.594264
2023-08-07,MAZAR,2622.758463
2023-08-07,MOLINO,13940.255757
2023-08-07,MSF,1648.5
2023-08-07,SOPLADORA,7749.080044
2023-08-08,CELEC_SUR,24380.276395
2023-08-08,MAZAR,2307.130722
2023-08-08,MOLINO,13818.564073
2023-08-08,MSF,608.3
2023-08-08,SOPLADORA,7646.2816
2023-08-09,CELEC_SUR,22493.183632
2023-08-09,MAZAR,852.456443
2023-08-09,MOLINO,13478.195211
2023-08-09,MSF,671.0
2023-08-09,SOPLADORA,7491.531978
2023-08-10,CELEC_SUR,24690.018062
2023-08-10,MAZAR,1090.716524
2023-08-10,MOLINO,13067.490633
2023-08-10,MSF,3187.02
2023-08-10,SOPLADORA,7344.790905
2023-08-11,CELEC_SUR,24098.089638
2023-08-11,MAZAR,1453.620611
2023-08-11,MOLINO,13850.805917
2023-08-11,MSF,1063.89
2023-08-11,SOPLADORA,7729.77311
2023-08-12,CELEC_SUR,22955.717281
2023-08-12,MAZAR,964.987557
2023-08-12,MOLINO,13874.692403
2023-08-12,MSF,907.64
2023-08-12,SOPLADORA,7208.397321
2023-08-13,CELEC_SUR,23060.060799
2023-08-13,MAZAR,970.847092
2023-08-13,MOLINO,13611.470778
2023-08-13,MSF,924.5
2023-08-13,SOPLADORA,7553.242929
2023-08-14,CELEC_SUR,23646.350146
2023-08-14,MAZAR,1735.558527
2023-08-14,MOLINO,13085.118379
2023-08-14,MSF,1457.28
2023-08-14,SOPLADORA,7368.39324
2023-08-15,CELEC_SUR,27598.555319
2023-08-15,MAZAR,2359.038696
2023-08-15,MOLINO,13567.674587
2023-08-15,MSF,4076.5
2023-08-15,SOPLADORA,7595.342036
2023-08-16,CELEC_SUR,28827.344721
2023-08-16,MAZAR,3598.211749
2023-08-16,MOLINO,13015.500115
2023-08-16,MSF,4940.75
2023-08-16,SOPLADORA,7272.882857
2023-08-17,CELEC_SUR,28410.27117
2023-08-17,MAZAR,3924.61115
2023-08-17,MOLINO,13906.476548
2023-08-17,MSF,2855.37
2023-08-17,SOPLADORA,7723.813472
2023-08-18,CELEC_SUR,25952.79585
2023-08-18,MAZAR,3973.938702
2023-08-18,MOLINO,13653.613818
2023-08-18,MSF,692.75
2023-08-18,SOPLADORA,7632.49333
2023-08-19,CELEC_SUR,23501.668656
2023-08-19,MAZAR,1816.701372
2023-08-19,MOLINO,13451.325255
2023-08-19,MSF,706.08
2023-08-19,SOPLADORA,7527.562029
2023-08-20,CELEC_SUR,18014.628784
2023-08-20,MAZAR,554.371813
2023-08-20,MOLINO,10755.881021
2023-08-20,MSF,643.63
2023-08-20,SOPLADORA,6060.74595
2023-08-21,CELEC_SUR,18825.808429
2023-08-21,MAZAR,826.44348
2023-08-21,MOLINO,11158.172193
2023-08-21,MSF,461.32
2023-08-21,SOPLADORA,6379.872756
2023-08-22,CELEC_SUR,23570.813494
2023-08-22,MAZAR,3321.047472
2023-08-22,MOLINO,11511.390504
2023-08-22,MSF,2204.82
2023-08-22,SOPLADORA,6533.555518
2023-08-23,CELEC_SUR,26232.293368
2023-08-23,MAZAR,3599.591668
2023-08-23,MOLINO,12315.875232
2023-08-23,MSF,3416.67
2023-08-23,SOPLADORA,6900.156468
2023-08-24,CELEC_SUR,26620.883753
2023-08-24,MAZAR,3788.81287
2023-08-24,MOLINO,12972.90359
2023-08-24,MSF,2578.82
2023-08-24,SOPLADORA,7280.347293
2023-08-25,CELEC_SUR,26534.514887
2023-08-25,MAZAR,3760.61558
2023-08-25,MOLINO,13473.883244
2023-08-25,MSF,1730.4
2023-08-25,SOPLADORA,7569.616063
2023-08-26,CELEC_SUR,25089.744678
2023-08-26,MAZAR,2696.12984
2023-08-26,MOLINO,13684.093748
2023-08-26,MSF,1038.25
2023-08-26,SOPLADORA,7671.27109
2023-08-27,CELEC_SUR,23825.905813
2023-08-27,MAZAR,1999.613621
2023-08-27,MOLINO,13291.55132
2023-08-27,MSF,1133.24
2023-08-27,SOPLADORA,7401.500872
2023-08-28,CELEC_SUR,21986.896405
2023-08-28,MAZAR,773.924841
2023-08-28,MOLINO,13235.216603
2023-08-28,MSF,505.5
2023-08-28,SOPLADORA,7472.254961
2023-08-29,CELEC_SUR,24380.941319
2023-08-29,MAZAR,2001.31725
2023-08-29,MOLINO,13465.27868
2023-08-29,MSF,1333.38
2023-08-29,SOPLADORA,7580.965389
2023-08-30,CELEC_SUR,24928.561678
2023-08-30,MAZAR,2787.267045
2023-08-30,MOLINO,13794.465717
2023-08-30,MSF,666.83
2023-08-30,SOPLADORA,7679.998916
2023-08-31,CELEC_SUR,25164.290641
2023-08-31,MAZAR,1769.847625
2023-08-31,MOLINO,15086.476123
2023-08-31,MSF,548.632
2023-08-31,SOPLADORA,7759.334893
2023-09-01,CELEC_SUR,31876.560077
2023-09-01,MAZAR,2152.096211
2023-09-01,MOLINO,21443.672721
2023-09-01,MSF,511.25
2023-09-01,SOPLADORA,7769.541145
2023-09-02,CELEC_SUR,33132.038055
2023-09-02,MAZAR,3131.298518
2023-09-02,MOLINO,21480.138713
2023-09-02,MSF,760.12
2023-09-02,SOPLADORA,7760.480824
2023-09-03,CELEC_SUR,31849.564351
2023-09-03,MAZAR,3404.764353
2023-09-03,MOLINO,21234.838285
2023-09-03,MSF,443.5
2023-09-03,SOPLADORA,6766.461713
2023-09-04,CELEC_SUR,18302.728463
2023-09-04,MAZAR,934.015595
2023-09-04,MOLINO,13555.662338
2023-09-04,MSF,466.68
2023-09-04,SOPLADORA,3346.37053
2023-09-05,CELEC_SUR,13641.052701
2023-09-05,MAZAR,289.341694
2023-09-05,MOLINO,9143.898799
2023-09-05,MSF,358.72
2023-09-05,SOPLADORA,3849.092208
2023-09-06,CELEC_SUR,13528.336542
2023-09-06,MAZAR,983.22881
2023-09-06,MOLINO,8023.029352
2023-09-06,MSF,1027.35
2023-09-06,SOPLADORA,3494.72838
2023-09-07,CELEC_SUR,20607.176544
2023-09-07,MAZAR,1920.692436
2023-09-07,MOLINO,13498.494944
2023-09-07,MSF,1451.0
2023-09-07,SOPLADORA,3736.989164
2023-09-08,CELEC_SUR,24133.509706
2023-09-08,MAZAR,2364.412003
2023-09-08,MOLINO,16936.783185
2023-09-08,MSF,939.95
2023-09-08,SOPLADORA,3892.364518
2023-09-09,CELEC_SUR,17021.079733
2023-09-09,MAZAR,1407.546245
2023-09-09,MOLINO,11379.199156
2023-09-09,MSF,382.5
2023-09-09,SOPLADORA,3851.834332
2023-09-10,CELEC_SUR,11653.79343
2023-09-10,MAZAR,725.958028
2023-09-10,MOLINO,6939.905881
2023-09-10,MSF,448.53
2023-09-10,SOPLADORA,3539.399521
2023-09-11,CELEC_SUR,12931.371112
2023-09-11,MAZAR,1065.767761
2023-09-11,MOLINO,7746.183336
2023-09-11,MSF,391.5
2023-09-11,SOPLADORA,3727.920015
2023-09-12,CELEC_SUR,18927.931016
2023-09-12,MAZAR,1097.223397
2023-09-12,MOLINO,11544.339714
2023-09-12,MSF,711.25
2023-09-12,SOPLADORA,5575.117905
2023-09-13,CELEC_SUR,26387.821958
2023-09-13,MAZAR,2559.054993
2023-09-13,MOLINO,15633.620732
2023-09-13,MSF,977.87
2023-09-13,SOPLADORA,7217.276233
2023-09-14,CELEC_SUR,17563.513349
2023-09-14,MAZAR,2472.593225
2023-09-14,MOLINO,9368.880587
2023-09-14,MSF,399.0
2023-09-14,SOPLADORA,5323.039537
2023-09-15,CELEC_SUR,12009.949435
2023-09-15,MAZAR,450.980827
2023-09-15,MOLINO,7082.984222
2023-09-15,MSF,349.75
2023-09-15,SOPLADORA,4126.234386
2023-09-16,CELEC_SUR,11973.925716
2023-09-16,MAZAR,608.357682
2023-09-16,MOLINO,7062.926075
2023-09-16,MSF,520.05
2023-09-16,SOPLADORA,3782.591959
2023-09-17,CELEC_SUR,13857.448667
2023-09-17,MAZAR,814.695088
2023-09-17,MOLINO,8173.701265
2023-09-17,MSF,792.0
2023-09-17,SOPLADORA,4077.052314
2023-09-18,CELEC_SUR,20745.447765
2023-09-18,MAZAR,2349.905365
2023-09-18,MOLINO,12044.557446
2023-09-18,MSF,363.75
2023-09-18,SOPLADORA,5987.234954
2023-09-19,CELEC_SUR,17991.719655
2023-09-19,MAZAR,1747.73421
2023-09-19,MOLINO,10031.409327
2023-09-19,MSF,399.02
2023-09-19,SOPLADORA,5813.556118
2023-09-20,CELEC_SUR,21184.203367
2023-09-20,MAZAR,1824.223745
2023-09-20,MOLINO,12584.078573
2023-09-20,MSF,387.25
2023-09-20,SOPLADORA,6388.651049
2023-09-21,CELEC_SUR,26822.062489
2023-09-21,MAZAR,2268.161297
2023-09-21,MOLINO,17021.170735
2023-09-21,MSF,644.25
2023-09-21,SOPLADORA,6888.480457
2023-09-22,CELEC_SUR,30648.771273
2023-09-22,MAZAR,2620.352718
2023-09-22,MOLINO,18570.690057
2023-09-22,MSF,1770.35
2023-09-22,SOPLADORA,7687.378498
2023-09-23,CELEC_SUR,24716.34863
2023-09-23,MAZAR,4022.786517
2023-09-23,MOLINO,13709.207577
2023-09-23,MSF,295.0
2023-09-23,SOPLADORA,6689.354536
2023-09-24,CELEC_SUR,14014.327514
2023-09-24,MAZAR,2247.112359
2023-09-24,MOLINO,7290.817017
2023-09-24,MSF,272.75
2023-09-24,SOPLADORA,4203.648138
2023-09-25,CELEC_SUR,24014.326942
2023-09-25,MAZAR,2203.40268
2023-09-25,MOLINO,15151.527329
2023-09-25,MSF,342.62
2023-09-25,SOPLADORA,6316.776933
2023-09-26,CELEC_SUR,22477.28959
2023-09-26,MAZAR,2367.248014
2023-09-26,MOLINO,14202.305343
2023-09-26,MSF,332.75
2023-09-26,SOPLADORA,5574.986233
2023-09-27,CELEC_SUR,28359.407383
2023-09-27,MAZAR,2682.601073
2023-09-27,MOLINO,18181.764339
2023-09-27,MSF,360.172
2023-09-27,SOPLADORA,7134.869971
2023-09-28,CELEC_SUR,32079.515101
2023-09-28,MAZAR,4080.846471
2023-09-28,MOLINO,20110.483004
2023-09-28,MSF,456.48
2023-09-28,SOPLADORA,7431.705626
2023-09-29,CELEC_SUR,29376.461081
2023-09-29,MAZAR,3394.72913
2023-09-29,MOLINO,18267.597012
2023-09-29,MSF,220.25
2023-09-29,SOPLADORA,7493.884939
2023-09-30,CELEC_SUR,15075.131251
2023-09-30,MAZAR,2091.518822
2023-09-30,MOLINO,8238.581723
2023-09-30,MSF,190.12
2023-09-30,SOPLADORA,4554.910706
2023-10-01,CELEC_SUR,8712.66377
2023-10-01,MAZAR,1344.094047
2023-10-01,MOLINO,5066.604933
2023-10-01,MSF,236.62
2023-10-01,SOPLADORA,2065.34479
2023-10-02,CELEC_SUR,26156.297983
2023-10-02,MAZAR,2781.871911
2023-10-02,MOLINO,18141.3344
2023-10-02,MSF,1415.63
2023-10-02,SOPLADORA,3817.461672
2023-10-03,CELEC_SUR,31475.834584
2023-10-03,MAZAR,3140.847825
2023-10-03,MOLINO,22873.68421
2023-10-03,MSF,1594.2
2023-10-03,SOPLADORA,3867.102549
2023-10-04,CELEC_SUR,30398.572538
2023-10-04,MAZAR,3614.884772
2023-10-04,MOLINO,22258.565544
2023-10-04,MSF,658.37
2023-10-04,SOPLADORA,3866.752222
2023-10-05,CELEC_SUR,28273.280991
2023-10-05,MAZAR,3743.717253
2023-10-05,MOLINO,17917.344966
2023-10-05,MSF,179.86
2023-10-05,SOPLADORA,6432.358772
2023-10-06,CELEC_SUR,32011.816514
2023-10-06,MAZAR,2847.790458
2023-10-06,MOLINO,20976.211278
2023-10-06,MSF,450.05
2023-10-06,SOPLADORA,7737.764778
2023-10-07,CELEC_SUR,28964.598202
2023-10-07,MAZAR,3090.055387
2023-10-07,MOLINO,18184.705443
2023-10-07,MSF,162.22
2023-10-07,SOPLADORA,7527.617372
2023-10-08,CELEC_SUR,20539.918419
2023-10-08,MAZAR,2432.15909
2023-10-08,MOLINO,11432.149475
2023-10-08,MSF,163.63
2023-10-08,SOPLADORA,6511.979854
2023-10-09,CELEC_SUR,18954.421008
2023-10-09,MAZAR,3062.319647
2023-10-09,MOLINO,10041.225268
2023-10-09,MSF,193.5
2023-10-09,SOPLADORA,5657.376093
2023-10-10,CELEC_SUR,23902.725599
2023-10-10,MAZAR,1713.267486
2023-10-10,MOLINO,14299.639328
2023-10-10,MSF,748.88
2023-10-10,SOPLADORA,7140.938785
2023-10-11,CELEC_SUR,26022.782563
2023-10-11,MAZAR,2184.228048
2023-10-11,MOLINO,13728.332922
2023-10-11,MSF,3729.49
2023-10-11,SOPLADORA,6380.731593
2023-10-12,CELEC_SUR,29816.70299
2023-10-12,MAZAR,2602.705547
2023-10-12,MOLINO,17693.26719
2023-10-12,MSF,1880.76
2023-10-12,SOPLADORA,7639.970253
2023-10-13,CELEC_SUR,31210.439946
2023-10-13,MAZAR,2694.799484
2023-10-13,MOLINO,19771.739015
2023-10-13,MSF,1037.37
2023-10-13,SOPLADORA,7706.531447
2023-10-14,CELEC_SUR,9926.209147
2023-10-14,MAZAR,1049.086494
2023-10-14,MOLINO,5542.826007
2023-10-14,MSF,292.25
2023-10-14,SOPLADORA,3042.046646
2023-10-15,CELEC_SUR,7083.749432
2023-10-15,MAZAR,1148.015109
2023-10-15,MOLINO,3276.023582
2023-10-15,MSF,764.62
2023-10-15,SOPLADORA,1895.090741
2023-10-16,CELEC_SUR,19517.36555
2023-10-16,MAZAR,1602.716176
2023-10-16,MOLINO,11004.896033
2023-10-16,MSF,755.9
2023-10-16,SOPLADORA,6153.853341
2023-10-17,CELEC_SUR,25167.08909
2023-10-17,MAZAR,1574.39213
2023-10-17,MOLINO,15540.063027
2023-10-17,MSF,895.42
2023-10-17,SOPLADORA,7157.213933
2023-10-18,CELEC_SUR,26092.619818
2023-10-18,MAZAR,1693.366892
2023-10-18,MOLINO,16186.462387
2023-10-18,MSF,1151.18
2023-10-18,SOPLADORA,7061.610539
2023-10-19,CELEC_SUR,19096.189575
2023-10-19,MAZAR,1855.181304
2023-10-19,MOLINO,10984.543254
2023-10-19,MSF,697.89
2023-10-19,SOPLADORA,5558.575017
2023-10-20,CELEC_SUR,17621.123071
2023-10-20,MAZAR,1101.676223
2023-10-20,MOLINO,9633.247176
2023-10-20,MSF,1753.96
2023-10-20,SOPLADORA,5132.239672
2023-10-21,CELEC_SUR,18597.09487
2023-10-21,MAZAR,752.364491
2023-10-21,MOLINO,10493.616354
2023-10-21,MSF,1232.88
2023-10-21,SOPLADORA,6118.234025
2023-10-22,CELEC_SUR,11099.589682
2023-10-22,MAZAR,1314.021683
2023-10-22,MOLINO,5668.615049
2023-10-22,MSF,1029.06
2023-10-22,SOPLADORA,3087.89295
2023-10-23,CELEC_SUR,19591.256383
2023-10-23,MAZAR,1489.185384
2023-10-23,MOLINO,11997.963175
2023-10-23,MSF,888.38
2023-10-23,SOPLADORA,5215.727824
2023-10-24,CELEC_SUR,24981.23654
2023-10-24,MAZAR,2029.060088
2023-10-24,MOLINO,15469.947046
2023-10-24,MSF,1090.18
2023-10-24,SOPLADORA,6392.049406
2023-10-25,CELEC_SUR,25589.185213
2023-10-25,MAZAR,2413.491642
2023-10-25,MOLINO,15905.943016
2023-10-25,MSF,728.62
2023-10-25,SOPLADORA,6541.130555
2023-10-26,CELEC_SUR,24634.129684
2023-10-26,MAZAR,2339.529206
2023-10-26,MOLINO,15232.611743
2023-10-26,MSF,763.25
2023-10-26,SOPLADORA,6298.738735
2023-10-27,CELEC_SUR,11467.143853
2023-10-27,MAZAR,811.783118
2023-10-27,MOLINO,5982.216039
2023-10-27,MSF,1212.75
2023-10-27,SOPLADORA,3460.394696
2023-10-28,CELEC_SUR,6163.801324
2023-10-28,MAZAR,343.847579
2023-10-28,MOLINO,3275.37069
2023-10-28,MSF,642.25
2023-10-28,SOPLADORA,1902.333055
2023-10-29,CELEC_SUR,9759.442272
2023-10-29,MAZAR,558.150003
2023-10-29,MOLINO,5362.557801
2023-10-29,MSF,682.51
2023-10-29,SOPLADORA,3156.224468
2023-10-30,CELEC_SUR,12804.093733
2023-10-30,MAZAR,1130.360334
2023-10-30,MOLINO,6239.21753
2023-10-30,MSF,1736.9
2023-10-30,SOPLADORA,3697.615869
2023-10-31,CELEC_SUR,10110.454104
2023-10-31,MAZAR,620.091634
2023-10-31,MOLINO,5257.41578
2023-10-31,MSF,1237.5
2023-10-31,SOPLADORA,2995.44669
2023-11-01,CELEC_SUR,11699.984215
2023-11-01,MAZAR,798.547554
2023-11-01,MOLINO,6573.401272
2023-11-01,MSF,478.55
2023-11-01,SOPLADORA,3849.485389
2023-11-02,CELEC_SUR,8035.631795
2023-11-02,MAZAR,735.073056
2023-11-02,MOLINO,4038.138295
2023-11-02,MSF,920.3
2023-11-02,SOPLADORA,2342.120444
2023-11-03,CELEC_SUR,9532.127219
2023-11-03,MAZAR,0.0
2023-11-03,MOLINO,5725.098157
2023-11-03,MSF,466.5
2023-11-03,SOPLADORA,3340.529062
2023-11-04,CELEC_SUR,3384.272707
2023-11-04,MAZAR,90.833493
2023-11-04,MOLINO,1825.027878
2023-11-04,MSF,440.5
2023-11-04,SOPLADORA,1027.911336
2023-11-05,CELEC_SUR,1965.834596
2023-11-05,MAZAR,0.0
2023-11-05,MOLINO,1092.624018
2023-11-05,MSF,242.37
2023-11-05,SOPLADORA,630.840578
2023-11-06,CELEC_SUR,5719.765297
2023-11-06,MAZAR,343.736442
2023-11-06,MOLINO,3155.016524
2023-11-06,MSF,375.0
2023-11-06,SOPLADORA,1846.012331
2023-11-07,CELEC_SUR,8314.733338
2023-11-07,MAZAR,260.36452
2023-11-07,MOLINO,4766.152967
2023-11-07,MSF,505.38
2023-11-07,SOPLADORA,2782.835851
2023-11-08,CELEC_SUR,11289.38847
2023-11-08,MAZAR,1152.809476
2023-11-08,MOLINO,5923.930027
2023-11-08,MSF,755.87
2023-11-08,SOPLADORA,3456.778967
2023-11-09,CELEC_SUR,8068.274815
2023-11-09,MAZAR,612.904907
2023-11-09,MOLINO,4446.291936
2023-11-09,MSF,413.5
2023-11-09,SOPLADORA,2595.577972
2023-11-10,CELEC_SUR,7155.965978
2023-11-10,MAZAR,633.051711
2023-11-10,MOLINO,3644.544771
2023-11-10,MSF,720.0
2023-11-10,SOPLADORA,2158.369496
2023-11-11,CELEC_SUR,4486.085761
2023-11-11,MAZAR,0.0
2023-11-11,MOLINO,2243.011173
2023-11-11,MSF,927.38
2023-11-11,SOPLADORA,1315.694588
2023-11-12,CELEC_SUR,1613.537938
2023-11-12,MAZAR,284.287938
2023-11-12,MOLINO,0.0
2023-11-12,MSF,1329.25
2023-11-12,SOPLADORA,0.0
2023-11-13,CELEC_SUR,5093.536501
2023-11-13,MAZAR,0.017818
2023-11-13,MOLINO,2636.066623
2023-11-13,MSF,904.25
2023-11-13,SOPLADORA,1553.20206
2023-11-14,CELEC_SUR,8931.375622
2023-11-14,MAZAR,0.0
2023-11-14,MOLINO,4940.899223
2023-11-14,MSF,1109.52
2023-11-14,SOPLADORA,2880.956399
2023-11-15,CELEC_SUR,3242.928502
2023-11-15,MAZAR,0.0
2023-11-15,MOLINO,1752.753879
2023-11-15,MSF,473.75
2023-11-15,SOPLADORA,1016.424623
2023-11-16,CELEC_SUR,5116.34728
2023-11-16,MAZAR,0.0
2023-11-16,MOLINO,2219.776437
2023-11-16,MSF,1588.92
2023-11-16,SOPLADORA,1307.650843
2023-11-17,CELEC_SUR,13337.852923
2023-11-17,MAZAR,384.206203
2023-11-17,MOLINO,7043.569069
2023-11-17,MSF,1790.283
2023-11-17,SOPLADORA,4119.794651
2023-11-18,CELEC_SUR,14637.638116
2023-11-18,MAZAR,729.496997
2023-11-18,MOLINO,8236.00474
2023-11-18,MSF,847.39
2023-11-18,SOPLADORA,4824.746379
2023-11-19,CELEC_SUR,12924.164769
2023-11-19,MAZAR,821.894062
2023-11-19,MOLINO,7092.165946
2023-11-19,MSF,867.42
2023-11-19,SOPLADORA,4142.684761
2023-11-20,CELEC_SUR,12362.175523
2023-11-20,MAZAR,1070.557671
2023-11-20,MOLINO,6565.449448
2023-11-20,MSF,877.0
2023-11-20,SOPLADORA,3849.168404
2023-11-21,CELEC_SUR,8077.163116
2023-11-21,MAZAR,701.887227
2023-11-21,MOLINO,4199.532196
2023-11-21,MSF,685.62
2023-11-21,SOPLADORA,2490.123693
2023-11-22,CELEC_SUR,19105.532476
2023-11-22,MAZAR,1558.743125
2023-11-22,MOLINO,10705.416768
2023-11-22,MSF,1062.63
2023-11-22,SOPLADORA,5778.742583
2023-11-23,CELEC_SUR,20282.766157
2023-11-23,MAZAR,1172.981459
2023-11-23,MOLINO,11881.465303
2023-11-23,MSF,308.25
2023-11-23,SOPLADORA,6920.069395
2023-11-24,CELEC_SUR,11661.948536
2023-11-24,MAZAR,287.225603
2023-11-24,MOLINO,6743.694389
2023-11-24,MSF,742.12
2023-11-24,SOPLADORA,3888.908544
2023-11-25,CELEC_SUR,11454.920402
2023-11-25,MAZAR,459.160287
2023-11-25,MOLINO,6535.816974
2023-11-25,MSF,594.5
2023-11-25,SOPLADORA,3865.443141
2023-11-26,CELEC_SUR,8194.060216
2023-11-26,MAZAR,563.737469
2023-11-26,MOLINO,4246.63912
2023-11-26,MSF,877.0
2023-11-26,SOPLADORA,2506.683627
2023-11-27,CELEC_SUR,6704.396108
2023-11-27,MAZAR,586.255898
2023-11-27,MOLINO,3427.38063
2023-11-27,MSF,712.88
2023-11-27,SOPLADORA,1977.87958
2023-11-28,CELEC_SUR,4687.927116
2023-11-28,MAZAR,74.362872
2023-11-28,MOLINO,2548.069446
2023-11-28,MSF,586.0
2023-11-28,SOPLADORA,1479.494798
2023-11-29,CELEC_SUR,6110.714849
2023-11-29,MAZAR,258.12176
2023-11-29,MOLINO,3387.423408
2023-11-29,MSF,498.25
2023-11-29,SOPLADORA,1966.919681
2023-11-30,CELEC_SUR,4127.750523
2023-11-30,MAZAR,0.0
2023-11-30,MOLINO,1735.590316
2023-11-30,MSF,1370.87
2023-11-30,SOPLADORA,1021.290207
2023-12-01,CELEC_SUR,6960.525438
2023-12-01,MAZAR,760.376666
2023-12-01,MOLINO,3104.903788
2023-12-01,MSF,1296.13
2023-12-01,SOPLADORA,1799.114984
2023-12-02,CELEC_SUR,8227.24742
2023-12-02,MAZAR,838.212629
2023-12-02,MOLINO,3839.160026
2023-12-02,MSF,1293.12
2023-12-02,SOPLADORA,2256.754765
2023-12-03,CELEC_SUR,9045.943773
2023-12-03,MAZAR,587.271096
2023-12-03,MOLINO,4302.502448
2023-12-03,MSF,1640.0
2023-12-03,SOPLADORA,2516.170229
2023-12-04,CELEC_SUR,17832.285302
2023-12-04,MAZAR,1812.759247
2023-12-04,MOLINO,9072.372153
2023-12-04,MSF,1644.0
2023-12-04,SOPLADORA,5303.153902
2023-12-05,CELEC_SUR,14021.507675
2023-12-05,MAZAR,726.747232
2023-12-05,MOLINO,8030.713453
2023-12-05,MSF,540.63
2023-12-05,SOPLADORA,4723.41699
2023-12-06,CELEC_SUR,11091.701184
2023-12-06,MAZAR,893.639988
2023-12-06,MOLINO,6078.500233
2023-12-06,MSF,566.0
2023-12-06,SOPLADORA,3553.560963
2023-12-07,CELEC_SUR,17188.655027
2023-12-07,MAZAR,653.964005
2023-12-07,MOLINO,9997.840356
2023-12-07,MSF,689.75
2023-12-07,SOPLADORA,5847.100666
2023-12-08,CELEC_SUR,15551.905838
2023-12-08,MAZAR,545.801932
2023-12-08,MOLINO,9058.670396
2023-12-08,MSF,711.0
2023-12-08,SOPLADORA,5236.43351
2023-12-09,CELEC_SUR,5672.949921
2023-12-09,MAZAR,377.325254
2023-12-09,MOLINO,3124.506683
2023-12-09,MSF,340.2
2023-12-09,SOPLADORA,1830.917984
2023-12-10,CELEC_SUR,5116.306896
2023-12-10,MAZAR,0.0
2023-12-10,MOLINO,2418.547719
2023-12-10,MSF,1264.85
2023-12-10,SOPLADORA,1432.909177
2023-12-11,CELEC_SUR,8375.13883
2023-12-11,MAZAR,526.250648
2023-12-11,MOLINO,4213.303941
2023-12-11,MSF,1143.65
2023-12-11,SOPLADORA,2491.934241
2023-12-12,CELEC_SUR,10052.794568
2023-12-12,MAZAR,591.440776
2023-12-12,MOLINO,4995.969757
2023-12-12,MSF,1509.0
2023-12-12,SOPLADORA,2956.384035
2023-12-13,CELEC_SUR,8028.854904
2023-12-13,MAZAR,521.92946
2023-12-13,MOLINO,4206.674401
2023-12-13,MSF,805.2
2023-12-13,SOPLADORA,2495.051043
2023-12-14,CELEC_SUR,8887.749252
2023-12-14,MAZAR,381.443262
2023-12-14,MOLINO,4911.902977
2023-12-14,MSF,692.25
2023-12-14,SOPLADORA,2902.153013
2023-12-15,CELEC_SUR,8938.604125
2023-12-15,MAZAR,631.016001
2023-12-15,MOLINO,4588.48089
2023-12-15,MSF,1053.74
2023-12-15,SOPLADORA,2665.367234
2023-12-16,CELEC_SUR,3487.588901
2023-12-16,MAZAR,480.853901
2023-12-16,MOLINO,838.402206
2023-12-16,MSF,1692.28
2023-12-16,SOPLADORA,476.052794
2023-12-17,CELEC_SUR,10476.999805
2023-12-17,MAZAR,0.0
2023-12-17,MOLINO,3946.337953
2023-12-17,MSF,4319.57
2023-12-17,SOPLADORA,2211.091852
2023-12-18,CELEC_SUR,8832.726978
2023-12-18,MAZAR,0.0
2023-12-18,MOLINO,1471.034939
2023-12-18,MSF,6506.51
2023-12-18,SOPLADORA,855.182039
2023-12-19,CELEC_SUR,11864.215708
2023-12-19,MAZAR,0.0
2023-12-19,MOLINO,5292.661345
2023-12-19,MSF,3483.79
2023-12-19,SOPLADORA,3087.764363
2023-12-20,CELEC_SUR,10731.27233
2023-12-20,MAZAR,0.0
2023-12-20,MOLINO,4748.325139
2023-12-20,MSF,3211.033
2023-12-20,SOPLADORA,2771.914191
2023-12-21,CELEC_SUR,12467.863814
2023-12-21,MAZAR,0.0
2023-12-21,MOLINO,5662.762818
2023-12-21,MSF,3482.61
2023-12-21,SOPLADORA,3322.490996
2023-12-22,CELEC_SUR,11484.513155
2023-12-22,MAZAR,524.826471
2023-12-22,MOLINO,5496.734921
2023-12-22,MSF,2234.7
2023-12-22,SOPLADORA,3228.251763
2023-12-23,CELEC_SUR,5485.823127
2023-12-23,MAZAR,0.0
2023-12-23,MOLINO,2775.733121
2023-12-23,MSF,1103.72
2023-12-23,SOPLADORA,1606.370006
2023-12-24,CELEC_SUR,6400.167645
2023-12-24,MAZAR,0.0
2023-12-24,MOLINO,2383.906314
2023-12-24,MSF,2601.13
2023-12-24,SOPLADORA,1415.131331
2023-12-25,CELEC_SUR,3871.186005
2023-12-25,MAZAR,0.0
2023-12-25,MOLINO,5e-06
2023-12-25,MSF,3871.186
2023-12-25,SOPLADORA,0.0
2023-12-26,CELEC_SUR,6756.551744
2023-12-26,MAZAR,0.0
2023-12-26,MOLINO,3475.255127
2023-12-26,MSF,1239.02
2023-12-26,SOPLADORA,2042.276617
2023-12-27,CELEC_SUR,9888.323596
2023-12-27,MAZAR,0.0
2023-12-27,MOLINO,2456.205258
2023-12-27,MSF,5997.99
2023-12-27,SOPLADORA,1434.128338
2023-12-28,CELEC_SUR,16563.620625
2023-12-28,MAZAR,0.0
2023-12-28,MOLINO,6510.031931
2023-12-28,MSF,6273.93
2023-12-28,SOPLADORA,3779.658694
2023-12-29,CELEC_SUR,25915.115365
2023-12-29,MAZAR,0.0
2023-12-29,MOLINO,13298.227239
2023-12-29,MSF,6265.44
2023-12-29,SOPLADORA,6351.448126
2023-12-30,CELEC_SUR,18396.854287
2023-12-30,MAZAR,0.0
2023-12-30,MOLINO,7692.751855
2023-12-30,MSF,6199.67
2023-12-30,SOPLADORA,4504.432432
2023-12-31,CELEC_SUR,15757.034235
2023-12-31,MAZAR,0.0
2023-12-31,MOLINO,6065.804245
2023-12-31,MSF,6254.35
2023-12-31,SOPLADORA,3436.87999
2024-01-01,CELEC_SUR,13675.60763
2024-01-01,MAZAR,0.0
2024-01-01,MOLINO,4591.505644
2024-01-01,MSF,6384.25
2024-01-01,SOPLADORA,2699.851986
2024-01-02,CELEC_SUR,11852.28678
2024-01-02,MAZAR,0.0
2024-01-02,MOLINO,3673.733152
2024-01-02,MSF,6027.01
2024-01-02,SOPLADORA,2151.543628
2024-01-03,CELEC_SUR,16637.783817
2024-01-03,MAZAR,512.262964
2024-01-03,MOLINO,6423.964857
2024-01-03,MSF,5932.02
2024-01-03,SOPLADORA,3769.535996
2024-01-04,CELEC_SUR,15937.507136
2024-01-04,MAZAR,857.650268
2024-01-04,MOLINO,5508.589459
2024-01-04,MSF,6354.973
2024-01-04,SOPLADORA,3216.294409
2024-01-05,CELEC_SUR,17738.300985
2024-01-05,MAZAR,796.93893
2024-01-05,MOLINO,6611.469809
2024-01-05,MSF,6463.93
2024-01-05,SOPLADORA,3865.962246
2024-01-06,CELEC_SUR,37619.753325
2024-01-06,MAZAR,3573.73013
2024-01-06,MOLINO,20154.398003
2024-01-06,MSF,6160.153
2024-01-06,SOPLADORA,7731.472192
2024-01-07,CELEC_SUR,35589.574065
2024-01-07,MAZAR,3820.67183
2024-01-07,MOLINO,18170.327278
2024-01-07,MSF,5896.96
2024-01-07,SOPLADORA,7701.614957
2024-01-08,CELEC_SUR,30642.705419
2024-01-08,MAZAR,2489.634894
2024-01-08,MOLINO,16835.457822
2024-01-08,MSF,3927.486
2024-01-08,SOPLADORA,7390.126703
2024-01-09,CELEC_SUR,27939.499414
2024-01-09,MAZAR,2559.404838
2024-01-09,MOLINO,15663.426335
2024-01-09,MSF,2128.09
2024-01-09,SOPLADORA,7588.578241
2024-01-10,CELEC_SUR,26914.230212
2024-01-10,MAZAR,1787.063804
2024-01-10,MOLINO,14313.615245
2024-01-10,MSF,3718.963
2024-01-10,SOPLADORA,7094.588163
2024-01-11,CELEC_SUR,30366.117275
2024-01-11,MAZAR,2382.763386
2024-01-11,MOLINO,16520.842752
2024-01-11,MSF,4352.98
2024-01-11,SOPLADORA,7109.531137
2024-01-12,CELEC_SUR,28317.415574
2024-01-12,MAZAR,2665.602708
2024-01-12,MOLINO,13971.429719
2024-01-12,MSF,4331.25
2024-01-12,SOPLADORA,7349.133147
2024-01-13,CELEC_SUR,20651.594659
2024-01-13,MAZAR,1638.603301
2024-01-13,MOLINO,9427.189145
2024-01-13,MSF,4344.12
2024-01-13,SOPLADORA,5241.682213
2024-01-14,CELEC_SUR,11585.590456
2024-01-14,MAZAR,148.519889
2024-01-14,MOLINO,4527.316097
2024-01-14,MSF,4297.42
2024-01-14,SOPLADORA,2612.33447
2024-01-15,CELEC_SUR,16690.032515
2024-01-15,MAZAR,929.255602
2024-01-15,MOLINO,7091.87717
2024-01-15,MSF,4502.09
2024-01-15,SOPLADORA,4166.809743
2024-01-16,CELEC_SUR,15203.535222
2024-01-16,MAZAR,601.140138
2024-01-16,MOLINO,6294.952028
2024-01-16,MSF,4624.3
2024-01-16,SOPLADORA,3683.143056
2024-01-17,CELEC_SUR,20877.785302
2024-01-17,MAZAR,1985.376438
2024-01-17,MOLINO,8690.104513
2024-01-17,MSF,5244.66
2024-01-17,SOPLADORA,4957.644351
2024-01-18,CELEC_SUR,34167.235769
2024-01-18,MAZAR,2493.277586
2024-01-18,MOLINO,17824.026946
2024-01-18,MSF,6079.34
2024-01-18,SOPLADORA,7770.591237
2024-01-19,CELEC_SUR,35577.608492
2024-01-19,MAZAR,2665.673687
2024-01-19,MOLINO,21837.508744
2024-01-19,MSF,3299.19
2024-01-19,SOPLADORA,7775.236061
2024-01-20,CELEC_SUR,30984.269735
2024-01-20,MAZAR,2403.837687
2024-01-20,MOLINO,18505.878386
2024-01-20,MSF,2335.65
2024-01-20,SOPLADORA,7738.903662
2024-01-21,CELEC_SUR,31128.142491
2024-01-21,MAZAR,1958.258352
2024-01-21,MOLINO,16437.056207
2024-01-21,MSF,5317.26
2024-01-21,SOPLADORA,7415.567932
2024-01-22,CELEC_SUR,31321.574418
2024-01-22,MAZAR,2769.339742
2024-01-22,MOLINO,16988.036903
2024-01-22,MSF,4292.28
2024-01-22,SOPLADORA,7271.917773
2024-01-23,CELEC_SUR,32882.879621
2024-01-23,MAZAR,3083.857352
2024-01-23,MOLINO,18843.90465
2024-01-23,MSF,3228.8
2024-01-23,SOPLADORA,7726.317619
2024-01-24,CELEC_SUR,33881.762307
2024-01-24,MAZAR,3744.399429
2024-01-24,MOLINO,19871.948845
2024-01-24,MSF,2511.24
2024-01-24,SOPLADORA,7754.174033
2024-01-25,CELEC_SUR,34563.792866
2024-01-25,MAZAR,3401.43829
2024-01-25,MOLINO,20794.335368
2024-01-25,MSF,2604.06
2024-01-25,SOPLADORA,7763.959208
2024-01-26,CELEC_SUR,36770.158662
2024-01-26,MAZAR,4081.815236
2024-01-26,MOLINO,22515.209211
2024-01-26,MSF,2410.78
2024-01-26,SOPLADORA,7762.354215
2024-01-27,CELEC_SUR,34777.864152
2024-01-27,MAZAR,3881.860709
2024-01-27,MOLINO,21367.418888
2024-01-27,MSF,2092.01
2024-01-27,SOPLADORA,7436.574555
2024-01-28,CELEC_SUR,31811.363531
2024-01-28,MAZAR,3958.229565
2024-01-28,MOLINO,18949.530378
2024-01-28,MSF,1134.49
2024-01-28,SOPLADORA,7769.113588
2024-01-29,CELEC_SUR,26895.140635
2024-01-29,MAZAR,3212.713496
2024-01-29,MOLINO,15295.579382
2024-01-29,MSF,704.05
2024-01-29,SOPLADORA,7682.797757
2024-01-30,CELEC_SUR,30956.349359
2024-01-30,MAZAR,3461.975419
2024-01-30,MOLINO,18448.976447
2024-01-30,MSF,1284.86
2024-01-30,SOPLADORA,7760.537493
2024-01-31,CELEC_SUR,30224.519165
2024-01-31,MAZAR,3521.162132
2024-01-31,MOLINO,17977.255878
2024-01-31,MSF,1083.82
2024-01-31,SOPLADORA,7642.281155
2024-02-01,CELEC_SUR,30607.464979
2024-02-01,MAZAR,3599.918414
2024-02-01,MOLINO,18315.444063
2024-02-01,MSF,1102.22
2024-02-01,SOPLADORA,7589.882502
2024-02-02,CELEC_SUR,28118.889783
2024-02-02,MAZAR,2793.579806
2024-02-02,MOLINO,17339.579249
2024-02-02,MSF,636.58
2024-02-02,SOPLADORA,7349.150728
2024-02-03,CELEC_SUR,32385.484417
2024-02-03,MAZAR,3140.820987
2024-02-03,MOLINO,18658.024436
2024-02-03,MSF,2873.34
2024-02-03,SOPLADORA,7713.298994
2024-02-04,CELEC_SUR,18661.947539
2024-02-04,MAZAR,819.374554
2024-02-04,MOLINO,10039.54052
2024-02-04,MSF,2096.74
2024-02-04,SOPLADORA,5706.292465
2024-02-05,CELEC_SUR,19465.680868
2024-02-05,MAZAR,1571.685412
2024-02-05,MOLINO,9789.547761
2024-02-05,MSF,2487.37
2024-02-05,SOPLADORA,5617.077695
2024-02-06,CELEC_SUR,25830.044112
2024-02-06,MAZAR,2274.698625
2024-02-06,MOLINO,12206.742545
2024-02-06,MSF,5325.84
2024-02-06,SOPLADORA,6022.762942
2024-02-07,CELEC_SUR,29162.016951
2024-02-07,MAZAR,2234.920795
2024-02-07,MOLINO,17177.210401
2024-02-07,MSF,2141.258
2024-02-07,SOPLADORA,7608.627755
2024-02-08,CELEC_SUR,23977.298818
2024-02-08,MAZAR,1687.189293
2024-02-08,MOLINO,13186.749542
2024-02-08,MSF,2674.25
2024-02-08,SOPLADORA,6429.109983
2024-02-09,CELEC_SUR,24986.409816
2024-02-09,MAZAR,1786.021561
2024-02-09,MOLINO,13532.633954
2024-02-09,MSF,2487.57
2024-02-09,SOPLADORA,7180.184301
2024-02-10,CELEC_SUR,17969.278926
2024-02-10,MAZAR,1416.68099
2024-02-10,MOLINO,9390.034385
2024-02-10,MSF,1619.05
2024-02-10,SOPLADORA,5543.513551
2024-02-11,CELEC_SUR,13764.760216
2024-02-11,MAZAR,1651.054292
2024-02-11,MOLINO,6254.067911
2024-02-11,MSF,2179.36
2024-02-11,SOPLADORA,3680.278013
2024-02-12,CELEC_SUR,16279.479488
2024-02-12,MAZAR,2226.738232
2024-02-12,MOLINO,7028.227609
2024-02-12,MSF,2950.86
2024-02-12,SOPLADORA,4073.653647
2024-02-13,CELEC_SUR,21429.349139
2024-02-13,MAZAR,1621.438452
2024-02-13,MOLINO,10861.005079
2024-02-13,MSF,2796.54
2024-02-13,SOPLADORA,6150.365608
2024-02-14,CELEC_SUR,26355.152535
2024-02-14,MAZAR,2394.779298
2024-02-14,MOLINO,14635.334931
2024-02-14,MSF,2207.17
2024-02-14,SOPLADORA,7117.868306
2024-02-15,CELEC_SUR,22919.770465
2024-02-15,MAZAR,2071.519471
2024-02-15,MOLINO,12347.235471
2024-02-15,MSF,1597.85
2024-02-15,SOPLADORA,6903.165523
2024-02-16,CELEC_SUR,28829.832939
2024-02-16,MAZAR,2340.574224
2024-02-16,MOLINO,14810.185404
2024-02-16,MSF,4681.83
2024-02-16,SOPLADORA,6997.243311
2024-02-17,CELEC_SUR,27209.527376
2024-02-17,MAZAR,1145.632001
2024-02-17,MOLINO,14913.730991
2024-02-17,MSF,4106.39
2024-02-17,SOPLADORA,7043.774384
2024-02-18,CELEC_SUR,27213.259703
2024-02-18,MAZAR,635.695709
2024-02-18,MOLINO,14705.805799
2024-02-18,MSF,4832.02
2024-02-18,SOPLADORA,7039.738195
2024-02-19,CELEC_SUR,27645.243547
2024-02-19,MAZAR,1876.067128
2024-02-19,MOLINO,15189.156132
2024-02-19,MSF,3346.49
2024-02-19,SOPLADORA,7233.530287
2024-02-20,CELEC_SUR,28819.705431
2024-02-20,MAZAR,2395.416083
2024-02-20,MOLINO,14654.780492
2024-02-20,MSF,4387.7
2024-02-20,SOPLADORA,7381.808856
2024-02-21,CELEC_SUR,32170.883017
2024-02-21,MAZAR,2350.200308
2024-02-21,MOLINO,16142.024319
2024-02-21,MSF,6331.25
2024-02-21,SOPLADORA,7347.40839
2024-02-22,CELEC_SUR,35557.800722
2024-02-22,MAZAR,2614.613588
2024-02-22,MOLINO,18635.755685
2024-02-22,MSF,6528.73
2024-02-22,SOPLADORA,7778.701449
2024-02-23,CELEC_SUR,34081.192968
2024-02-23,MAZAR,2715.481619
2024-02-23,MOLINO,17864.073798
2024-02-23,MSF,5870.79
2024-02-23,SOPLADORA,7630.847551
2024-02-24,CELEC_SUR,23369.126504
2024-02-24,MAZAR,1842.492542
2024-02-24,MOLINO,13432.262224
2024-02-24,MSF,1130.92
2024-02-24,SOPLADORA,6963.451738
2024-02-25,CELEC_SUR,20725.511309
2024-02-25,MAZAR,1684.231928
2024-02-25,MOLINO,11103.463365
2024-02-25,MSF,1672.77
2024-02-25,SOPLADORA,6265.046016
2024-02-26,CELEC_SUR,27955.43761
2024-02-26,MAZAR,2255.697713
2024-02-26,MOLINO,16129.783589
2024-02-26,MSF,2306.72
2024-02-26,SOPLADORA,7263.236308
2024-02-27,CELEC_SUR,28773.199262
2024-02-27,MAZAR,2102.236297
2024-02-27,MOLINO,16007.881366
2024-02-27,MSF,3187.8
2024-02-27,SOPLADORA,7475.281599
2024-02-28,CELEC_SUR,24352.655283
2024-02-28,MAZAR,2831.414646
2024-02-28,MOLINO,12583.831119
2024-02-28,MSF,2268.25
2024-02-28,SOPLADORA,6669.159518
2024-02-29,CELEC_SUR,17074.727253
2024-02-29,MAZAR,2226.787026
2024-02-29,MOLINO,8231.580298
2024-02-29,MSF,1847.98
2024-02-29,SOPLADORA,4768.379929
2024-03-01,CELEC_SUR,14411.427577
2024-03-01,MAZAR,1306.645952
2024-03-01,MOLINO,4637.610696
2024-03-01,MSF,5779.3
2024-03-01,SOPLADORA,2687.870929
2024-03-02,CELEC_SUR,16755.449948
2024-03-02,MAZAR,61.907278
2024-03-02,MOLINO,6450.662177
2024-03-02,MSF,6472.5
2024-03-02,SOPLADORA,3770.380493
2024-03-03,CELEC_SUR,12782.395891
2024-03-03,MAZAR,0.0
2024-03-03,MOLINO,4005.594346
2024-03-03,MSF,6456.14
2024-03-03,SOPLADORA,2320.661545
2024-03-04,CELEC_SUR,19184.979776
2024-03-04,MAZAR,1487.1252
2024-03-04,MOLINO,7207.387431
2024-03-04,MSF,6275.61
2024-03-04,SOPLADORA,4214.857145
2024-03-05,CELEC_SUR,17989.18922
2024-03-05,MAZAR,530.623309
2024-03-05,MOLINO,7290.364129
2024-03-05,MSF,5903.23
2024-03-05,SOPLADORA,4264.971782
2024-03-06,CELEC_SUR,18640.020427
2024-03-06,MAZAR,1840.047339
2024-03-06,MOLINO,8033.866538
2024-03-06,MSF,4077.91
2024-03-06,SOPLADORA,4688.19655
2024-03-07,CELEC_SUR,16443.24263
2024-03-07,MAZAR,1975.526519
2024-03-07,MOLINO,7403.779973
2024-03-07,MSF,2721.5
2024-03-07,SOPLADORA,4342.436138
2024-03-08,CELEC_SUR,20903.401831
2024-03-08,MAZAR,1684.412752
2024-03-08,MOLINO,10971.13723
2024-03-08,MSF,3846.92
2024-03-08,SOPLADORA,4400.931849
2024-03-09,CELEC_SUR,16576.218918
2024-03-09,MAZAR,728.437168
2024-03-09,MOLINO,8967.083826
2024-03-09,MSF,2435.005
2024-03-09,SOPLADORA,4445.692924
2024-03-10,CELEC_SUR,10467.838624
2024-03-10,MAZAR,465.611523
2024-03-10,MOLINO,5623.940409
2024-03-10,MSF,1126.57
2024-03-10,SOPLADORA,3251.716692
2024-03-11,CELEC_SUR,18325.04089
2024-03-11,MAZAR,974.476331
2024-03-11,MOLINO,11809.095478
2024-03-11,MSF,0.0
2024-03-11,SOPLADORA,5541.469081
2024-03-12,CELEC_SUR,23394.873719
2024-03-12,MAZAR,1526.311458
2024-03-12,MOLINO,15020.9298
2024-03-12,MSF,0.0
2024-03-12,SOPLADORA,6847.632461
2024-03-13,CELEC_SUR,21301.255516
2024-03-13,MAZAR,3296.393297
2024-03-13,MOLINO,11924.235582
2024-03-13,MSF,0.0
2024-03-13,SOPLADORA,6080.626637
2024-03-14,CELEC_SUR,21779.006715
2024-03-14,MAZAR,1744.295615
2024-03-14,MOLINO,13866.676885
2024-03-14,MSF,0.0
2024-03-14,SOPLADORA,6168.034215
2024-03-15,CELEC_SUR,21018.179387
2024-03-15,MAZAR,1656.488609
2024-03-15,MOLINO,13022.274645
2024-03-15,MSF,0.0
2024-03-15,SOPLADORA,6339.416133
2024-03-16,CELEC_SUR,24179.002999
2024-03-16,MAZAR,1074.606134
2024-03-16,MOLINO,15845.85852
2024-03-16,MSF,0.0
2024-03-16,SOPLADORA,7258.538345
2024-03-17,CELEC_SUR,15957.416967
2024-03-17,MAZAR,924.023881
2024-03-17,MOLINO,9509.517454
2024-03-17,MSF,0.0
2024-03-17,SOPLADORA,5523.875632
2024-03-18,CELEC_SUR,20373.753972
2024-03-18,MAZAR,1273.685623
2024-03-18,MOLINO,13065.537928
2024-03-18,MSF,0.0
2024-03-18,SOPLADORA,6034.530421
2024-03-19,CELEC_SUR,18598.295588
2024-03-19,MAZAR,1335.469589
2024-03-19,MOLINO,11396.871304
2024-03-19,MSF,0.0
2024-03-19,SOPLADORA,5865.954695
2024-03-20,CELEC_SUR,17926.267409
2024-03-20,MAZAR,1755.616505
2024-03-20,MOLINO,10569.981888
2024-03-20,MSF,0.0
2024-03-20,SOPLADORA,5600.669016
2024-03-21,CELEC_SUR,21957.04859
2024-03-21,MAZAR,1756.276439
2024-03-21,MOLINO,13908.556573
2024-03-21,MSF,0.0
2024-03-21,SOPLADORA,6292.215578
2024-03-22,CELEC_SUR,26915.029008
2024-03-22,MAZAR,1691.187565
2024-03-22,MOLINO,17691.913494
2024-03-22,MSF,0.0
2024-03-22,SOPLADORA,7531.927949
2024-03-23,CELEC_SUR,22121.955475
2024-03-23,MAZAR,516.250798
2024-03-23,MOLINO,15159.085776
2024-03-23,MSF,0.0
2024-03-23,SOPLADORA,6446.618901
2024-03-24,CELEC_SUR,15403.516125
2024-03-24,MAZAR,676.01169
2024-03-24,MOLINO,9276.695029
2024-03-24,MSF,0.0
2024-03-24,SOPLADORA,5450.809406
2024-03-25,CELEC_SUR,23935.323201
2024-03-25,MAZAR,1602.729711
2024-03-25,MOLINO,16225.067441
2024-03-25,MSF,0.0
2024-03-25,SOPLADORA,6107.526049
2024-03-26,CELEC_SUR,26096.92179
2024-03-26,MAZAR,1635.050525
2024-03-26,MOLINO,17626.766029
2024-03-26,MSF,0.0
2024-03-26,SOPLADORA,6835.105236
2024-03-27,CELEC_SUR,33456.096272
2024-03-27,MAZAR,1568.304959
2024-03-27,MOLINO,24122.911261
2024-03-27,MSF,0.0
2024-03-27,SOPLADORA,7764.880052
2024-03-28,CELEC_SUR,27334.757091
2024-03-28,MAZAR,1509.062771
2024-03-28,MOLINO,18523.955302
2024-03-28,MSF,537.93
2024-03-28,SOPLADORA,6763.809018
2024-03-29,CELEC_SUR,13429.350296
2024-03-29,MAZAR,1601.294359
2024-03-29,MOLINO,7329.76107
2024-03-29,MSF,290.86
2024-03-29,SOPLADORA,4207.434867
2024-03-30,CELEC_SUR,12528.326003
2024-03-30,MAZAR,1325.809499
2024-03-30,MOLINO,6773.859334
2024-03-30,MSF,427.87
2024-03-30,SOPLADORA,4000.78717
2024-03-31,CELEC_SUR,11763.716463
2024-03-31,MAZAR,985.858515
2024-03-31,MOLINO,6506.107751
2024-03-31,MSF,478.14
2024-03-31,SOPLADORA,3793.610197
2024-04-01,CELEC_SUR,15197.848235
2024-04-01,MAZAR,1505.26732
2024-04-01,MOLINO,8358.794903
2024-04-01,MSF,501.94
2024-04-01,SOPLADORA,4831.846012
2024-04-02,CELEC_SUR,26024.00333
2024-04-02,MAZAR,1530.129402
2024-04-02,MOLINO,13923.776223
2024-04-02,MSF,2454.15
2024-04-02,SOPLADORA,8115.947705
2024-04-03,CELEC_SUR,25373.734128
2024-04-03,MAZAR,978.14275
2024-04-03,MOLINO,11540.669532
2024-04-03,MSF,6517.126
2024-04-03,SOPLADORA,6337.795846
2024-04-04,CELEC_SUR,28099.473971
2024-04-04,MAZAR,1576.665508
2024-04-04,MOLINO,12834.391408
2024-04-04,MSF,6485.55
2024-04-04,SOPLADORA,7202.867055
2024-04-05,CELEC_SUR,20006.008703
2024-04-05,MAZAR,1258.641015
2024-04-05,MOLINO,8073.754692
2024-04-05,MSF,5921.63
2024-04-05,SOPLADORA,4751.982996
2024-04-06,CELEC_SUR,13585.324947
2024-04-06,MAZAR,889.001573
2024-04-06,MOLINO,4847.326371
2024-04-06,MSF,5036.25
2024-04-06,SOPLADORA,2812.747003
2024-04-07,CELEC_SUR,9674.961632
2024-04-07,MAZAR,1010.580911
2024-04-07,MOLINO,3080.180838
2024-04-07,MSF,3781.98
2024-04-07,SOPLADORA,1802.219883
2024-04-08,CELEC_SUR,20900.456079
2024-04-08,MAZAR,1160.265377
2024-04-08,MOLINO,10883.579512
2024-04-08,MSF,2488.42
2024-04-08,SOPLADORA,6368.19119
2024-04-09,CELEC_SUR,21004.503101
2024-04-09,MAZAR,1182.805722
2024-04-09,MOLINO,11180.97432
2024-04-09,MSF,2105.35
2024-04-09,SOPLADORA,6535.373059
2024-04-10,CELEC_SUR,22222.055896
2024-04-10,MAZAR,951.498635
2024-04-10,MOLINO,11484.252051
2024-04-10,MSF,3110.81
2024-04-10,SOPLADORA,6675.49521
2024-04-11,CELEC_SUR,29162.757292
2024-04-11,MAZAR,1579.848868
2024-04-11,MOLINO,15695.270307
2024-04-11,MSF,3505.67
2024-04-11,SOPLADORA,8381.968117
2024-04-12,CELEC_SUR,34550.855399
2024-04-12,MAZAR,2232.905542
2024-04-12,MOLINO,19919.676279
2024-04-12,MSF,2545.05
2024-04-12,SOPLADORA,9853.223578
2024-04-13,CELEC_SUR,29441.395859
2024-04-13,MAZAR,2087.921084
2024-04-13,MOLINO,16196.489174
2024-04-13,MSF,1626.47
2024-04-13,SOPLADORA,9530.515601
2024-04-14,CELEC_SUR,22497.524706
2024-04-14,MAZAR,1905.72954
2024-04-14,MOLINO,11797.237035
2024-04-14,MSF,1900.64
2024-04-14,SOPLADORA,6893.918131
2024-04-15,CELEC_SUR,24349.869072
2024-04-15,MAZAR,1331.638361
2024-04-15,MOLINO,13861.44859
2024-04-15,MSF,1324.6
2024-04-15,SOPLADORA,7832.182121
2024-04-16,CELEC_SUR,18355.378052
2024-04-16,MAZAR,891.182412
2024-04-16,MOLINO,9900.518749
2024-04-16,MSF,2280.68
2024-04-16,SOPLADORA,5282.996891
2024-04-17,CELEC_SUR,18598.911614
2024-04-17,MAZAR,0.0
2024-04-17,MOLINO,10977.16797
2024-04-17,MSF,1430.25
2024-04-17,SOPLADORA,6191.493644
2024-04-18,CELEC_SUR,10504.287671
2024-04-18,MAZAR,0.0
2024-04-18,MOLINO,5053.002781
2024-04-18,MSF,2474.69
2024-04-18,SOPLADORA,2976.59489
2024-04-19,CELEC_SUR,15605.224978
2024-04-19,MAZAR,0.0
2024-04-19,MOLINO,8478.392006
2024-04-19,MSF,2177.44
2024-04-19,SOPLADORA,4949.392972
2024-04-20,CELEC_SUR,6802.213904
2024-04-20,MAZAR,0.0
2024-04-20,MOLINO,2315.373005
2024-04-20,MSF,3146.2
2024-04-20,SOPLADORA,1340.640899
2024-04-21,CELEC_SUR,8561.872352
2024-04-21,MAZAR,418.884455
2024-04-21,MOLINO,2011.320334
2024-04-21,MSF,4944.92
2024-04-21,SOPLADORA,1186.747563
2024-04-22,CELEC_SUR,14509.421928
2024-04-22,MAZAR,883.573561
2024-04-22,MOLINO,6270.811692
2024-04-22,MSF,3737.57
2024-04-22,SOPLADORA,3617.466675
2024-04-23,CELEC_SUR,14537.978474
2024-04-23,MAZAR,569.954154
2024-04-23,MOLINO,6045.487236
2024-04-23,MSF,4820.96
2024-04-23,SOPLADORA,3101.577084
2024-04-24,CELEC_SUR,13836.946945
2024-04-24,MAZAR,1049.412944
2024-04-24,MOLINO,5446.861369
2024-04-24,MSF,4194.25
2024-04-24,SOPLADORA,3146.422632
2024-04-25,CELEC_SUR,8004.736239
2024-04-25,MAZAR,311.761998
2024-04-25,MOLINO,2133.284876
2024-04-25,MSF,4323.55
2024-04-25,SOPLADORA,1236.139365
2024-04-26,CELEC_SUR,10041.227804
2024-04-26,MAZAR,583.567265
2024-04-26,MOLINO,3219.076278
2024-04-26,MSF,4358.05
2024-04-26,SOPLADORA,1880.534261
2024-04-27,CELEC_SUR,24010.678248
2024-04-27,MAZAR,818.876057
2024-04-27,MOLINO,12058.745929
2024-04-27,MSF,4681.88
2024-04-27,SOPLADORA,6451.176262
2024-04-28,CELEC_SUR,10021.963125
2024-04-28,MAZAR,0.0
2024-04-28,MOLINO,4061.546876
2024-04-28,MSF,3588.83
2024-04-28,SOPLADORA,2371.586249
2024-04-29,CELEC_SUR,15151.125791
2024-04-29,MAZAR,969.870305
2024-04-29,MOLINO,6276.855542
2024-04-29,MSF,4257.83
2024-04-29,SOPLADORA,3646.569944
2024-04-30,CELEC_SUR,11297.376944
2024-04-30,MAZAR,697.195187
2024-04-30,MOLINO,4042.525476
2024-04-30,MSF,4210.747
2024-04-30,SOPLADORA,2346.909281
2024-05-01,CELEC_SUR,13091.290998
2024-05-01,MAZAR,370.313834
2024-05-01,MOLINO,5789.325324
2024-05-01,MSF,3542.42
2024-05-01,SOPLADORA,3389.23184
2024-05-02,CELEC_SUR,16084.873384
2024-05-02,MAZAR,495.162444
2024-05-02,MOLINO,7474.325833
2024-05-02,MSF,3745.77
2024-05-02,SOPLADORA,4369.615107
2024-05-03,CELEC_SUR,17337.140487
2024-05-03,MAZAR,868.753735
2024-05-03,MOLINO,8732.602209
2024-05-03,MSF,2633.2
2024-05-03,SOPLADORA,5102.584543
2024-05-04,CELEC_SUR,20526.836597
2024-05-04,MAZAR,879.568243
2024-05-04,MOLINO,9070.086046
2024-05-04,MSF,5230.85
2024-05-04,SOPLADORA,5346.332308
2024-05-05,CELEC_SUR,29047.909573
2024-05-05,MAZAR,1857.91942
2024-05-05,MOLINO,14492.350011
2024-05-05,MSF,6023.2
2024-05-05,SOPLADORA,6674.440142
2024-05-06,CELEC_SUR,19097.20892
2024-05-06,MAZAR,699.373772
2024-05-06,MOLINO,8534.418115
2024-05-06,MSF,4861.6
2024-05-06,SOPLADORA,5001.817033
2024-05-07,CELEC_SUR,13834.610513
2024-05-07,MAZAR,0.0
2024-05-07,MOLINO,5330.912724
2024-05-07,MSF,5402.93
2024-05-07,SOPLADORA,3100.767789
2024-05-08,CELEC_SUR,23968.043329
2024-05-08,MAZAR,1252.068053
2024-05-08,MOLINO,10840.124477
2024-05-08,MSF,6490.28
2024-05-08,SOPLADORA,5385.570799
2024-05-09,CELEC_SUR,26677.160266
2024-05-09,MAZAR,0.0
2024-05-09,MOLINO,12841.295318
2024-05-09,MSF,6477.37
2024-05-09,SOPLADORA,7358.494948
2024-05-10,CELEC_SUR,23145.516004
2024-05-10,MAZAR,1049.577642
2024-05-10,MOLINO,10737.207964
2024-05-10,MSF,5121.61
2024-05-10,SOPLADORA,6237.120398
2024-05-11,CELEC_SUR,16648.783509
2024-05-11,MAZAR,832.416283
2024-05-11,MOLINO,7756.971582
2024-05-11,MSF,3554.79
2024-05-11,SOPLADORA,4504.605644
2024-05-12,CELEC_SUR,12235.96253
2024-05-12,MAZAR,995.113662
2024-05-12,MOLINO,5316.725076
2024-05-12,MSF,2848.35
2024-05-12,SOPLADORA,3075.773792
2024-05-13,CELEC_SUR,19607.859364
2024-05-13,MAZAR,1802.574962
2024-05-13,MOLINO,8544.221337
2024-05-13,MSF,4243.072
2024-05-13,SOPLADORA,5017.991065
2024-05-14,CELEC_SUR,24371.494849
2024-05-14,MAZAR,1171.405518
2024-05-14,MOLINO,12423.890466
2024-05-14,MSF,3556.82
2024-05-14,SOPLADORA,7219.378865
2024-05-15,CELEC_SUR,24235.61698
2024-05-15,MAZAR,1471.730364
2024-05-15,MOLINO,11416.231789
2024-05-15,MSF,4771.47
2024-05-15,SOPLADORA,6576.184827
2024-05-16,CELEC_SUR,23335.567248
2024-05-16,MAZAR,1584.712774
2024-05-16,MOLINO,11191.298068
2024-05-16,MSF,4053.14
2024-05-16,SOPLADORA,6506.416406
2024-05-17,CELEC_SUR,23949.681287
2024-05-17,MAZAR,1219.102867
2024-05-17,MOLINO,11193.231845
2024-05-17,MSF,5076.56
2024-05-17,SOPLADORA,6460.786575
2024-05-18,CELEC_SUR,22067.078017
2024-05-18,MAZAR,1295.765023
2024-05-18,MOLINO,10535.255138
2024-05-18,MSF,4081.06
2024-05-18,SOPLADORA,6154.997856
2024-05-19,CELEC_SUR,11313.360732
2024-05-19,MAZAR,502.012723
2024-05-19,MOLINO,5257.224984
2024-05-19,MSF,2500.8
2024-05-19,SOPLADORA,3053.323025
2024-05-20,CELEC_SUR,17609.888466
2024-05-20,MAZAR,208.531325
2024-05-20,MOLINO,8928.435223
2024-05-20,MSF,3307.33
2024-05-20,SOPLADORA,5165.591918
2024-05-21,CELEC_SUR,36181.272101
2024-05-21,MAZAR,1093.250524
2024-05-21,MOLINO,18788.02784
2024-05-21,MSF,6193.15
2024-05-21,SOPLADORA,10106.843737
2024-05-22,CELEC_SUR,26603.483568
2024-05-22,MAZAR,322.646727
2024-05-22,MOLINO,12932.025087
2024-05-22,MSF,5918.328
2024-05-22,SOPLADORA,7430.483754
2024-05-23,CELEC_SUR,30777.364896
2024-05-23,MAZAR,587.724058
2024-05-23,MOLINO,15820.533573
2024-05-23,MSF,5163.75
2024-05-23,SOPLADORA,9205.357265
2024-05-24,CELEC_SUR,36888.245057
2024-05-24,MAZAR,2109.507676
2024-05-24,MOLINO,19846.401917
2024-05-24,MSF,4270.12
2024-05-24,SOPLADORA,10662.215464
2024-05-25,CELEC_SUR,34592.133448
2024-05-25,MAZAR,1635.734643
2024-05-25,MOLINO,19567.657571
2024-05-25,MSF,2622.23
2024-05-25,SOPLADORA,10766.511234
2024-05-26,CELEC_SUR,22593.907365
2024-05-26,MAZAR,0.0
2024-05-26,MOLINO,12927.070677
2024-05-26,MSF,2214.02
2024-05-26,SOPLADORA,7452.816688
2024-05-27,CELEC_SUR,16476.829121
2024-05-27,MAZAR,1057.344436
2024-05-27,MOLINO,7951.568211
2024-05-27,MSF,2790.61
2024-05-27,SOPLADORA,4677.306474
2024-05-28,CELEC_SUR,21159.470729
2024-05-28,MAZAR,512.370553
2024-05-28,MOLINO,12220.832445
2024-05-28,MSF,1333.8
2024-05-28,SOPLADORA,7092.467731
2024-05-29,CELEC_SUR,24190.49675
2024-05-29,MAZAR,0.0
2024-05-29,MOLINO,12229.299712
2024-05-29,MSF,4899.4
2024-05-29,SOPLADORA,7061.797038
2024-05-30,CELEC_SUR,24219.349547
2024-05-30,MAZAR,0.0
2024-05-30,MOLINO,13290.061128
2024-05-30,MSF,3352.93
2024-05-30,SOPLADORA,7576.358419
2024-05-31,CELEC_SUR,23661.474841
2024-05-31,MAZAR,1174.933907
2024-05-31,MOLINO,12216.556195
2024-05-31,MSF,3207.61
2024-05-31,SOPLADORA,7062.374739
2024-06-01,CELEC_SUR,23307.378047
2024-06-01,MAZAR,2142.102682
2024-06-01,MOLINO,12523.664352
2024-06-01,MSF,2035.12
2024-06-01,SOPLADORA,6606.491013
2024-06-02,CELEC_SUR,20424.239358
2024-06-02,MAZAR,1425.796066
2024-06-02,MOLINO,10764.191803
2024-06-02,MSF,2126.85
2024-06-02,SOPLADORA,6107.401489
2024-06-03,CELEC_SUR,28390.609388
2024-06-03,MAZAR,3175.576127
2024-06-03,MOLINO,16479.819267
2024-06-03,MSF,1771.03
2024-06-03,SOPLADORA,6964.183994
2024-06-04,CELEC_SUR,25974.933565
2024-06-04,MAZAR,1788.34611
2024-06-04,MOLINO,15914.257701
2024-06-04,MSF,1300.38
2024-06-04,SOPLADORA,6971.949754
2024-06-05,CELEC_SUR,22333.705267
2024-06-05,MAZAR,1675.140512
2024-06-05,MOLINO,12004.683187
2024-06-05,MSF,2004.17
2024-06-05,SOPLADORA,6649.711568
2024-06-06,CELEC_SUR,22971.123355
2024-06-06,MAZAR,425.306124
2024-06-06,MOLINO,12405.903462
2024-06-06,MSF,4494.23
2024-06-06,SOPLADORA,5645.683769
2024-06-07,CELEC_SUR,25122.762734
2024-06-07,MAZAR,153.902318
2024-06-07,MOLINO,12900.262505
2024-06-07,MSF,6385.0
2024-06-07,SOPLADORA,5683.597911
2024-06-08,CELEC_SUR,18629.46295
2024-06-08,MAZAR,0.0
2024-06-08,MOLINO,9358.976939
2024-06-08,MSF,4945.0
2024-06-08,SOPLADORA,4325.486011
2024-06-09,CELEC_SUR,16664.659218
2024-06-09,MAZAR,403.010891
2024-06-09,MOLINO,11756.074106
2024-06-09,MSF,3782.5
2024-06-09,SOPLADORA,723.074221
2024-06-10,CELEC_SUR,22827.911136
2024-06-10,MAZAR,920.133504
2024-06-10,MOLINO,12901.14976
2024-06-10,MSF,3392.62
2024-06-10,SOPLADORA,5614.007872
2024-06-11,CELEC_SUR,23260.569016
2024-06-11,MAZAR,1160.962314
2024-06-11,MOLINO,13618.290942
2024-06-11,MSF,2196.85
2024-06-11,SOPLADORA,6284.46576
2024-06-12,CELEC_SUR,24642.603963
2024-06-12,MAZAR,1320.256705
2024-06-12,MOLINO,13919.970783
2024-06-12,MSF,2761.998
2024-06-12,SOPLADORA,6640.378475
2024-06-13,CELEC_SUR,29248.134924
2024-06-13,MAZAR,2045.888016
2024-06-13,MOLINO,15607.208222
2024-06-13,MSF,4841.43
2024-06-13,SOPLADORA,6753.608686
2024-06-14,CELEC_SUR,29995.635375
2024-06-14,MAZAR,530.413539
2024-06-14,MOLINO,18345.76055
2024-06-14,MSF,4104.2
2024-06-14,SOPLADORA,7015.261286
2024-06-15,CELEC_SUR,30210.436217
2024-06-15,MAZAR,2423.50518
2024-06-15,MOLINO,17654.227853
2024-06-15,MSF,3131.7
2024-06-15,SOPLADORA,7001.003184
2024-06-16,CELEC_SUR,32414.934355
2024-06-16,MAZAR,2685.703499
2024-06-16,MOLINO,19853.149318
2024-06-16,MSF,3148.26
2024-06-16,SOPLADORA,6727.821538
2024-06-17,CELEC_SUR,39627.891511
2024-06-17,MAZAR,3552.97473
2024-06-17,MOLINO,26156.155303
2024-06-17,MSF,3274.84
2024-06-17,SOPLADORA,6643.921478
2024-06-18,CELEC_SUR,35741.470701
2024-06-18,MAZAR,2699.904567
2024-06-18,MOLINO,22966.257259
2024-06-18,MSF,3074.47
2024-06-18,SOPLADORA,7000.838875
2024-06-19,CELEC_SUR,31647.239263
2024-06-19,MAZAR,3116.817684
2024-06-19,MOLINO,19163.8274
2024-06-19,MSF,3344.88
2024-06-19,SOPLADORA,6021.714179
2024-06-20,CELEC_SUR,32388.402758
2024-06-20,MAZAR,1497.201642
2024-06-20,MOLINO,20559.123628
2024-06-20,MSF,3324.62
2024-06-20,SOPLADORA,7007.457488
2024-06-21,CELEC_SUR,37329.543256
2024-06-21,MAZAR,3608.617229
2024-06-21,MOLINO,24248.840922
2024-06-21,MSF,2456.597
2024-06-21,SOPLADORA,7015.488105
2024-06-22,CELEC_SUR,35232.164228
2024-06-22,MAZAR,4085.233469
2024-06-22,MOLINO,21266.139151
2024-06-22,MSF,2877.1
2024-06-22,SOPLADORA,7003.691608
2024-06-23,CELEC_SUR,30224.545619
2024-06-23,MAZAR,2999.038138
2024-06-23,MOLINO,18721.324111
2024-06-23,MSF,1481.76
2024-06-23,SOPLADORA,7022.42337
2024-06-24,CELEC_SUR,31201.410185
2024-06-24,MAZAR,2758.42087
2024-06-24,MOLINO,19259.610153
2024-06-24,MSF,1434.25
2024-06-24,SOPLADORA,7749.129162
2024-06-25,CELEC_SUR,34371.335421
2024-06-25,MAZAR,2523.78061
2024-06-25,MOLINO,20010.158279
2024-06-25,MSF,1102.39
2024-06-25,SOPLADORA,10735.006532
2024-06-26,CELEC_SUR,35992.324548
2024-06-26,MAZAR,2614.255339
2024-06-26,MOLINO,20861.400945
2024-06-26,MSF,1946.48
2024-06-26,SOPLADORA,10570.188264
2024-06-27,CELEC_SUR,29969.297843
2024-06-27,MAZAR,1496.618101
2024-06-27,MOLINO,16444.278748
2024-06-27,MSF,2507.79
2024-06-27,SOPLADORA,9520.610994
2024-06-28,CELEC_SUR,27021.63008
2024-06-28,MAZAR,2245.088659
2024-06-28,MOLINO,15377.154836
2024-06-28,MSF,712.47
2024-06-28,SOPLADORA,8686.916585
2024-06-29,CELEC_SUR,27539.600122
2024-06-29,MAZAR,2242.801893
2024-06-29,MOLINO,15646.333889
2024-06-29,MSF,1100.33
2024-06-29,SOPLADORA,8550.13434
2024-06-30,CELEC_SUR,22727.931049
2024-06-30,MAZAR,1068.956525
2024-06-30,MOLINO,13254.564092
2024-06-30,MSF,752.07
2024-06-30,SOPLADORA,7652.340432
2024-07-01,CELEC_SUR,27332.364054
2024-07-01,MAZAR,2732.550282
2024-07-01,MOLINO,14998.091046
2024-07-01,MSF,983.63
2024-07-01,SOPLADORA,8618.092726
2024-07-02,CELEC_SUR,31850.506949
2024-07-02,MAZAR,2807.60212
2024-07-02,MOLINO,17777.571818
2024-07-02,MSF,1992.35
2024-07-02,SOPLADORA,9272.983011
2024-07-03,CELEC_SUR,38266.024096
2024-07-03,MAZAR,3460.669948
2024-07-03,MOLINO,20241.780634
2024-07-03,MSF,3929.25
2024-07-03,SOPLADORA,10634.323514
2024-07-04,CELEC_SUR,31550.541948
2024-07-04,MAZAR,1592.543073
2024-07-04,MOLINO,17685.440887
2024-07-04,MSF,2115.26
2024-07-04,SOPLADORA,10157.297988
2024-07-05,CELEC_SUR,28822.271457
2024-07-05,MAZAR,2327.482263
2024-07-05,MOLINO,16335.605263
2024-07-05,MSF,757.5
2024-07-05,SOPLADORA,9401.683931
2024-07-06,CELEC_SUR,35242.825883
2024-07-06,MAZAR,3427.146315
2024-07-06,MOLINO,19136.154105
2024-07-06,MSF,2851.86
2024-07-06,SOPLADORA,9827.665463
2024-07-07,CELEC_SUR,24322.918393
2024-07-07,MAZAR,1787.672484
2024-07-07,MOLINO,13631.207487
2024-07-07,MSF,1267.38
2024-07-07,SOPLADORA,7636.658422
2024-07-08,CELEC_SUR,23539.772445
2024-07-08,MAZAR,1706.674699
2024-07-08,MOLINO,11873.84237
2024-07-08,MSF,3129.12
2024-07-08,SOPLADORA,6830.135376
2024-07-09,CELEC_SUR,21698.792119
2024-07-09,MAZAR,1388.379016
2024-07-09,MOLINO,11129.210718
2024-07-09,MSF,2770.04
2024-07-09,SOPLADORA,6411.162385
2024-07-10,CELEC_SUR,18709.678801
2024-07-10,MAZAR,1193.837411
2024-07-10,MOLINO,10450.255705
2024-07-10,MSF,952.33
2024-07-10,SOPLADORA,6113.255685
2024-07-11,CELEC_SUR,18622.16174
2024-07-11,MAZAR,1076.585626
2024-07-11,MOLINO,9767.114604
2024-07-11,MSF,2105.123
2024-07-11,SOPLADORA,5673.33851
2024-07-12,CELEC_SUR,18472.398105
2024-07-12,MAZAR,1090.547483
2024-07-12,MOLINO,9954.597876
2024-07-12,MSF,1613.0
2024-07-12,SOPLADORA,5814.252746
2024-07-13,CELEC_SUR,30009.18883
2024-07-13,MAZAR,2429.331313
2024-07-13,MOLINO,16383.490264
2024-07-13,MSF,2924.48
2024-07-13,SOPLADORA,8271.887253
2024-07-14,CELEC_SUR,22567.174975
2024-07-14,MAZAR,869.084421
2024-07-14,MOLINO,10455.061824
2024-07-14,MSF,5188.07
2024-07-14,SOPLADORA,6054.95873
2024-07-15,CELEC_SUR,22169.790005
2024-07-15,MAZAR,2686.320872
2024-07-15,MOLINO,11086.023499
2024-07-15,MSF,2048.06
2024-07-15,SOPLADORA,6349.385634
2024-07-16,CELEC_SUR,26564.254098
2024-07-16,MAZAR,973.961458
2024-07-16,MOLINO,14374.236954
2024-07-16,MSF,2927.652
2024-07-16,SOPLADORA,8288.403686
2024-07-17,CELEC_SUR,27187.924601
2024-07-17,MAZAR,1204.130966
2024-07-17,MOLINO,14957.697746
2024-07-17,MSF,2541.37
2024-07-17,SOPLADORA,8484.725889
2024-07-18,CELEC_SUR,25014.805456
2024-07-18,MAZAR,1173.115925
2024-07-18,MOLINO,14383.878436
2024-07-18,MSF,1099.43
2024-07-18,SOPLADORA,8358.381095
2024-07-19,CELEC_SUR,21221.18585
2024-07-19,MAZAR,1035.717785
2024-07-19,MOLINO,11689.774642
2024-07-19,MSF,1635.77
2024-07-19,SOPLADORA,6859.923423
2024-07-20,CELEC_SUR,19096.324728
2024-07-20,MAZAR,1391.120877
2024-07-20,MOLINO,10388.12106
2024-07-20,MSF,1335.312
2024-07-20,SOPLADORA,5981.770791
2024-07-21,CELEC_SUR,16498.370308
2024-07-21,MAZAR,1385.955602
2024-07-21,MOLINO,9002.700304
2024-07-21,MSF,1036.3
2024-07-21,SOPLADORA,5073.414402
2024-07-22,CELEC_SUR,20946.731089
2024-07-22,MAZAR,1375.720685
2024-07-22,MOLINO,11884.747958
2024-07-22,MSF,803.5
2024-07-22,SOPLADORA,6882.762446
2024-07-23,CELEC_SUR,23716.896147
2024-07-23,MAZAR,1880.330373
2024-07-23,MOLINO,12948.366626
2024-07-23,MSF,1533.18
2024-07-23,SOPLADORA,7355.019148
2024-07-24,CELEC_SUR,27173.38261
2024-07-24,MAZAR,2585.197688
2024-07-24,MOLINO,14489.680263
2024-07-24,MSF,1868.02
2024-07-24,SOPLADORA,8230.484659
2024-07-25,CELEC_SUR,24102.872328
2024-07-25,MAZAR,1163.989765
2024-07-25,MOLINO,14159.315699
2024-07-25,MSF,563.08
2024-07-25,SOPLADORA,8216.486864
2024-07-26,CELEC_SUR,12385.799615
2024-07-26,MAZAR,1062.966883
2024-07-26,MOLINO,6771.146238
2024-07-26,MSF,649.8
2024-07-26,SOPLADORA,3901.886494
2024-07-27,CELEC_SUR,11128.921959
2024-07-27,MAZAR,877.386626
2024-07-27,MOLINO,5733.166752
2024-07-27,MSF,1173.82
2024-07-27,SOPLADORA,3344.548581
2024-07-28,CELEC_SUR,12867.391834
2024-07-28,MAZAR,959.781966
2024-07-28,MOLINO,7018.675151
2024-07-28,MSF,772.55
2024-07-28,SOPLADORA,4116.384717
2024-07-29,CELEC_SUR,18225.754526
2024-07-29,MAZAR,1265.999128
2024-07-29,MOLINO,9929.838141
2024-07-29,MSF,1217.33
2024-07-29,SOPLADORA,5812.587257
2024-07-30,CELEC_SUR,17941.755805
2024-07-30,MAZAR,1637.591198
2024-07-30,MOLINO,9263.225365
2024-07-30,MSF,1704.87
2024-07-30,SOPLADORA,5336.069242
2024-07-31,CELEC_SUR,17510.72886
2024-07-31,MAZAR,1496.325902
2024-07-31,MOLINO,9503.869637
2024-07-31,MSF,992.12
2024-07-31,SOPLADORA,5518.413321
2024-08-01,CELEC_SUR,21031.668808
2024-08-01,MAZAR,1873.360289
2024-08-01,MOLINO,12784.427528
2024-08-01,MSF,805.0
2024-08-01,SOPLADORA,5568.880991
2024-08-02,CELEC_SUR,22477.811723
2024-08-02,MAZAR,2091.424475
2024-08-02,MOLINO,13115.258432
2024-08-02,MSF,730.0
2024-08-02,SOPLADORA,6541.128816
2024-08-03,CELEC_SUR,18033.456773
2024-08-03,MAZAR,1837.997812
2024-08-03,MOLINO,9958.800589
2024-08-03,MSF,472.38
2024-08-03,SOPLADORA,5764.278372
2024-08-04,CELEC_SUR,10150.989411
2024-08-04,MAZAR,756.467418
2024-08-04,MOLINO,5687.674867
2024-08-04,MSF,366.5
2024-08-04,SOPLADORA,3340.347126
2024-08-05,CELEC_SUR,19341.425311
2024-08-05,MAZAR,2540.03302
2024-08-05,MOLINO,11705.543363
2024-08-05,MSF,501.25
2024-08-05,SOPLADORA,4594.598928
2024-08-06,CELEC_SUR,13591.597499
2024-08-06,MAZAR,2155.641437
2024-08-06,MOLINO,6917.346499
2024-08-06,MSF,486.78
2024-08-06,SOPLADORA,4031.829563
2024-08-07,CELEC_SUR,16806.398358
2024-08-07,MAZAR,1835.711501
2024-08-07,MOLINO,9129.27031
2024-08-07,MSF,523.0
2024-08-07,SOPLADORA,5318.416547
2024-08-08,CELEC_SUR,18487.345366
2024-08-08,MAZAR,2380.734152
2024-08-08,MOLINO,10194.620172
2024-08-08,MSF,447.75
2024-08-08,SOPLADORA,5464.241042
2024-08-09,CELEC_SUR,15559.16839
2024-08-09,MAZAR,724.683709
2024-08-09,MOLINO,9122.439497
2024-08-09,MSF,368.6
2024-08-09,SOPLADORA,5343.445184
2024-08-10,CELEC_SUR,7446.739276
2024-08-10,MAZAR,1316.45706
2024-08-10,MOLINO,3652.728696
2024-08-10,MSF,368.93
2024-08-10,SOPLADORA,2108.62352
2024-08-11,CELEC_SUR,8031.885563
2024-08-11,MAZAR,246.544032
2024-08-11,MOLINO,4692.206533
2024-08-11,MSF,377.49
2024-08-11,SOPLADORA,2715.644998
2024-08-12,CELEC_SUR,17365.372581
2024-08-12,MAZAR,1228.489055
2024-08-12,MOLINO,10958.163507
2024-08-12,MSF,412.4
2024-08-12,SOPLADORA,4766.320019
2024-08-13,CELEC_SUR,12256.283721
2024-08-13,MAZAR,1280.055959
2024-08-13,MOLINO,6699.552862
2024-08-13,MSF,352.5
2024-08-13,SOPLADORA,3924.1749
2024-08-14,CELEC_SUR,20232.411099
2024-08-14,MAZAR,2544.313296
2024-08-14,MOLINO,11743.89813
2024-08-14,MSF,326.75
2024-08-14,SOPLADORA,5617.449673
2024-08-15,CELEC_SUR,23847.17662
2024-08-15,MAZAR,2440.954914
2024-08-15,MOLINO,14774.292548
2024-08-15,MSF,260.75
2024-08-15,SOPLADORA,6371.179158
2024-08-16,CELEC_SUR,15298.851817
2024-08-16,MAZAR,2117.675469
2024-08-16,MOLINO,8207.815616
2024-08-16,MSF,226.0
2024-08-16,SOPLADORA,4747.360732
2024-08-17,CELEC_SUR,13434.574733
2024-08-17,MAZAR,284.389924
2024-08-17,MOLINO,8189.289642
2024-08-17,MSF,208.756
2024-08-17,SOPLADORA,4752.139167
2024-08-18,CELEC_SUR,15824.820493
2024-08-18,MAZAR,777.042603
2024-08-18,MOLINO,9307.536758
2024-08-18,MSF,444.05
2024-08-18,SOPLADORA,5296.191132
2024-08-19,CELEC_SUR,26287.402813
2024-08-19,MAZAR,3203.58593
2024-08-19,MOLINO,15021.095256
2024-08-19,MSF,766.0
2024-08-19,SOPLADORA,7296.721627
2024-08-20,CELEC_SUR,29686.694664
2024-08-20,MAZAR,2737.065222
2024-08-20,MOLINO,17060.199521
2024-08-20,MSF,490.05
2024-08-20,SOPLADORA,9399.379921
2024-08-21,CELEC_SUR,27517.40215
2024-08-21,MAZAR,2732.691866
2024-08-21,MOLINO,15668.07143
2024-08-21,MSF,501.0
2024-08-21,SOPLADORA,8615.638854
2024-08-22,CELEC_SUR,33743.985561
2024-08-22,MAZAR,3286.979041
2024-08-22,MOLINO,20292.635821
2024-08-22,MSF,375.5
2024-08-22,SOPLADORA,9788.870699
2024-08-23,CELEC_SUR,31698.930202
2024-08-23,MAZAR,3761.410762
2024-08-23,MOLINO,18164.924705
2024-08-23,MSF,197.05
2024-08-23,SOPLADORA,9575.544735
2024-08-24,CELEC_SUR,32417.497251
2024-08-24,MAZAR,4019.269263
2024-08-24,MOLINO,17692.462025
2024-08-24,MSF,848.06
2024-08-24,SOPLADORA,9857.705963
2024-08-25,CELEC_SUR,22289.541862
2024-08-25,MAZAR,1485.57445
2024-08-25,MOLINO,13089.614676
2024-08-25,MSF,144.2
2024-08-25,SOPLADORA,7570.152736
2024-08-26,CELEC_SUR,10340.669133
2024-08-26,MAZAR,864.994043
2024-08-26,MOLINO,5909.829037
2024-08-26,MSF,150.85
2024-08-26,SOPLADORA,3414.996053
2024-08-27,CELEC_SUR,14179.775255
2024-08-27,MAZAR,1281.932323
2024-08-27,MOLINO,7752.591643
2024-08-27,MSF,648.0
2024-08-27,SOPLADORA,4497.251289
2024-08-28,CELEC_SUR,23358.966745
2024-08-28,MAZAR,1869.994632
2024-08-28,MOLINO,13170.896819
2024-08-28,MSF,701.25
2024-08-28,SOPLADORA,7616.825294
2024-08-29,CELEC_SUR,26304.167709
2024-08-29,MAZAR,2355.178705
2024-08-29,MOLINO,14395.410445
2024-08-29,MSF,1285.87
2024-08-29,SOPLADORA,8267.708559
2024-08-30,CELEC_SUR,28122.639422
2024-08-30,MAZAR,1953.982018
2024-08-30,MOLINO,16539.258802
2024-08-30,MSF,446.5
2024-08-30,SOPLADORA,9182.898602
2024-08-31,CELEC_SUR,23997.331831
2024-08-31,MAZAR,2752.849215
2024-08-31,MOLINO,13189.447372
2024-08-31,MSF,423.25
2024-08-31,SOPLADORA,7631.785244
2024-09-01,CELEC_SUR,16382.05307
2024-09-01,MAZAR,1542.461979
2024-09-01,MOLINO,9174.611104
2024-09-01,MSF,361.5
2024-09-01,SOPLADORA,5303.479987
2024-09-02,CELEC_SUR,25306.856616
2024-09-02,MAZAR,2860.385708
2024-09-02,MOLINO,14017.632423
2024-09-02,MSF,420.017
2024-09-02,SOPLADORA,8008.821485
2024-09-03,CELEC_SUR,28386.81311
2024-09-03,MAZAR,2962.016645
2024-09-03,MOLINO,16121.893452
2024-09-03,MSF,380.0
2024-09-03,SOPLADORA,8922.903013
2024-09-04,CELEC_SUR,32680.985228
2024-09-04,MAZAR,2942.291815
2024-09-04,MOLINO,19619.578617
2024-09-04,MSF,332.05
2024-09-04,SOPLADORA,9787.064796
2024-09-05,CELEC_SUR,29282.994993
2024-09-05,MAZAR,3572.076793
2024-09-05,MOLINO,16291.68758
2024-09-05,MSF,288.0
2024-09-05,SOPLADORA,9131.23062
2024-09-06,CELEC_SUR,24949.419227
2024-09-06,MAZAR,2746.474404
2024-09-06,MOLINO,14184.792205
2024-09-06,MSF,178.47
2024-09-06,SOPLADORA,7839.682618
2024-09-07,CELEC_SUR,21665.059439
2024-09-07,MAZAR,1724.710589
2024-09-07,MOLINO,12665.398263
2024-09-07,MSF,502.56
2024-09-07,SOPLADORA,6772.390587
2024-09-08,CELEC_SUR,22305.520249
2024-09-08,MAZAR,2064.91565
2024-09-08,MOLINO,12596.173071
2024-09-08,MSF,343.78
2024-09-08,SOPLADORA,7300.651528
2024-09-09,CELEC_SUR,23787.987037
2024-09-09,MAZAR,2788.841605
2024-09-09,MOLINO,13330.606444
2024-09-09,MSF,209.0
2024-09-09,SOPLADORA,7459.538988
2024-09-10,CELEC_SUR,21319.737477
2024-09-10,MAZAR,1326.029288
2024-09-10,MOLINO,12618.829516
2024-09-10,MSF,308.13
2024-09-10,SOPLADORA,7066.748673
2024-09-11,CELEC_SUR,34088.499479
2024-09-11,MAZAR,2778.964568
2024-09-11,MOLINO,20870.033829
2024-09-11,MSF,750.25
2024-09-11,SOPLADORA,9689.251082
2024-09-12,CELEC_SUR,37181.801223
2024-09-12,MAZAR,3450.767868
2024-09-12,MOLINO,22539.640162
2024-09-12,MSF,794.87
2024-09-12,SOPLADORA,10396.523193
2024-09-13,CELEC_SUR,35780.308974
2024-09-13,MAZAR,3322.141717
2024-09-13,MOLINO,21869.770137
2024-09-13,MSF,210.25
2024-09-13,SOPLADORA,10378.14712
2024-09-14,CELEC_SUR,28968.910206
2024-09-14,MAZAR,2384.02972
2024-09-14,MOLINO,16827.787618
2024-09-14,MSF,183.88
2024-09-14,SOPLADORA,9573.212868
2024-09-15,CELEC_SUR,27489.628098
2024-09-15,MAZAR,2049.067066
2024-09-15,MOLINO,15974.326929
2024-09-15,MSF,178.5
2024-09-15,SOPLADORA,9287.734103
2024-09-16,CELEC_SUR,25766.137923
2024-09-16,MAZAR,2454.486924
2024-09-16,MOLINO,14895.21322
2024-09-16,MSF,177.12
2024-09-16,SOPLADORA,8239.317779
2024-09-17,CELEC_SUR,26583.357746
2024-09-17,MAZAR,1591.859097
2024-09-17,MOLINO,16557.958839
2024-09-17,MSF,181.5
2024-09-17,SOPLADORA,8252.03981
2024-09-18,CELEC_SUR,28103.949198
2024-09-18,MAZAR,2362.349508
2024-09-18,MOLINO,16777.608822
2024-09-18,MSF,349.83
2024-09-18,SOPLADORA,8614.160868
2024-09-19,CELEC_SUR,23325.494548
2024-09-19,MAZAR,1803.389236
2024-09-19,MOLINO,13927.599525
2024-09-19,MSF,564.5
2024-09-19,SOPLADORA,7030.005787
2024-09-20,CELEC_SUR,28948.981657
2024-09-20,MAZAR,2380.811196
2024-09-20,MOLINO,19961.580458
2024-09-20,MSF,265.0
2024-09-20,SOPLADORA,6341.590003
2024-09-21,CELEC_SUR,24605.033584
2024-09-21,MAZAR,2311.841341
2024-09-21,MOLINO,14430.527922
2024-09-21,MSF,279.25
2024-09-21,SOPLADORA,7583.414321
2024-09-22,CELEC_SUR,5439.110618
2024-09-22,MAZAR,319.662407
2024-09-22,MOLINO,2975.149632
2024-09-22,MSF,463.75
2024-09-22,SOPLADORA,1680.548579
2024-09-23,CELEC_SUR,696.264639
2024-09-23,MAZAR,74.264639
2024-09-23,MOLINO,0.0
2024-09-23,MSF,622.0
2024-09-23,SOPLADORA,0.0
2024-09-24,CELEC_SUR,4956.714273
2024-09-24,MAZAR,536.731579
2024-09-24,MOLINO,2170.953348
2024-09-24,MSF,980.45
2024-09-24,SOPLADORA,1268.579346
2024-09-25,CELEC_SUR,9188.51685
2024-09-25,MAZAR,1422.150929
2024-09-25,MOLINO,4493.618827
2024-09-25,MSF,639.25
2024-09-25,SOPLADORA,2633.497094
2024-09-26,CELEC_SUR,10705.069629
2024-09-26,MAZAR,205.589707
2024-09-26,MOLINO,6504.998634
2024-09-26,MSF,201.5
2024-09-26,SOPLADORA,3792.981288
2024-09-27,CELEC_SUR,11319.441165
2024-09-27,MAZAR,442.640871
2024-09-27,MOLINO,6758.504048
2024-09-27,MSF,174.25
2024-09-27,SOPLADORA,3944.046246
2024-09-28,CELEC_SUR,1821.777295
2024-09-28,MAZAR,0.0
2024-09-28,MOLINO,996.913524
2024-09-28,MSF,239.0
2024-09-28,SOPLADORA,585.863771
2024-09-29,CELEC_SUR,2704.476553
2024-09-29,MAZAR,0.0
2024-09-29,MOLINO,1201.147854
2024-09-29,MSF,799.2
2024-09-29,SOPLADORA,704.128699
2024-09-30,CELEC_SUR,1714.321402
2024-09-30,MAZAR,83.38192
2024-09-30,MOLINO,599.610446
2024-09-30,MSF,689.63
2024-09-30,SOPLADORA,341.699036
2024-10-01,CELEC_SUR,1999.95317
2024-10-01,MAZAR,0.0
2024-10-01,MOLINO,896.063475
2024-10-01,MSF,566.85
2024-10-01,SOPLADORA,537.039695
2024-10-02,CELEC_SUR,5374.579501
2024-10-02,MAZAR,0.0
2024-10-02,MOLINO,2739.148609
2024-10-02,MSF,1044.71
2024-10-02,SOPLADORA,1590.720892
2024-10-03,CELEC_SUR,5909.644301
2024-10-03,MAZAR,0.0
2024-10-03,MOLINO,3346.765049
2024-10-03,MSF,605.25
2024-10-03,SOPLADORA,1957.629252
2024-10-04,CELEC_SUR,27546.455923
2024-10-04,MAZAR,1922.920468
2024-10-04,MOLINO,16489.276511
2024-10-04,MSF,1442.65
2024-10-04,SOPLADORA,7691.608944
2024-10-05,CELEC_SUR,22729.301906
2024-10-05,MAZAR,1754.675293
2024-10-05,MOLINO,12786.661435
2024-10-05,MSF,1346.0
2024-10-05,SOPLADORA,6841.965178
2024-10-06,CELEC_SUR,18189.603341
2024-10-06,MAZAR,1723.717591
2024-10-06,MOLINO,10170.439279
2024-10-06,MSF,766.61
2024-10-06,SOPLADORA,5528.836471
2024-10-07,CELEC_SUR,28277.209781
2024-10-07,MAZAR,2256.168033
2024-10-07,MOLINO,17167.881934
2024-10-07,MSF,551.13
2024-10-07,SOPLADORA,8302.029814
2024-10-08,CELEC_SUR,30702.647219
2024-10-08,MAZAR,2500.356859
2024-10-08,MOLINO,18670.794013
2024-10-08,MSF,552.6
2024-10-08,SOPLADORA,8978.896347
2024-10-09,CELEC_SUR,19844.572565
2024-10-09,MAZAR,771.311041
2024-10-09,MOLINO,11888.375734
2024-10-09,MSF,368.75
2024-10-09,SOPLADORA,6816.13579
2024-10-10,CELEC_SUR,8982.601743
2024-10-10,MAZAR,514.646958
2024-10-10,MOLINO,5118.47012
2024-10-10,MSF,380.13
2024-10-10,SOPLADORA,2969.354665
2024-10-11,CELEC_SUR,4039.939487
2024-10-11,MAZAR,75.854778
2024-10-11,MOLINO,2211.30786
2024-10-11,MSF,484.37
2024-10-11,SOPLADORA,1268.406849
2024-10-12,CELEC_SUR,6646.755823
2024-10-12,MAZAR,0.0
2024-10-12,MOLINO,3915.445659
2024-10-12,MSF,463.75
2024-10-12,SOPLADORA,2267.560164
2024-10-13,CELEC_SUR,2286.495724
2024-10-13,MAZAR,0.0
2024-10-13,MOLINO,386.156659
2024-10-13,MSF,1671.88
2024-10-13,SOPLADORA,228.459065
2024-10-14,CELEC_SUR,1910.538254
2024-10-14,MAZAR,81.611587
2024-10-14,MOLINO,146.956207
2024-10-14,MSF,1599.74
2024-10-14,SOPLADORA,82.23046
2024-10-15,CELEC_SUR,5852.367062
2024-10-15,MAZAR,556.409966
2024-10-15,MOLINO,2794.462243
2024-10-15,MSF,879.19
2024-10-15,SOPLADORA,1622.304853
2024-10-16,CELEC_SUR,8193.883921
2024-10-16,MAZAR,510.754372
2024-10-16,MOLINO,4414.900822
2024-10-16,MSF,684.86
2024-10-16,SOPLADORA,2583.368727
2024-10-17,CELEC_SUR,10384.061489
2024-10-17,MAZAR,557.661655
2024-10-17,MOLINO,5860.720282
2024-10-17,MSF,552.39
2024-10-17,SOPLADORA,3413.289552
2024-10-18,CELEC_SUR,14658.498214
2024-10-18,MAZAR,687.596999
2024-10-18,MOLINO,8493.35952
2024-10-18,MSF,537.87
2024-10-18,SOPLADORA,4939.671695
2024-10-19,CELEC_SUR,15724.410052
2024-10-19,MAZAR,802.516342
2024-10-19,MOLINO,9090.454876
2024-10-19,MSF,538.17
2024-10-19,SOPLADORA,5293.268834
2024-10-20,CELEC_SUR,15680.352248
2024-10-20,MAZAR,1323.320369
2024-10-20,MOLINO,8741.088449
2024-10-20,MSF,462.7
2024-10-20,SOPLADORA,5153.24343
2024-10-21,CELEC_SUR,20715.088564
2024-10-21,MAZAR,1303.689808
2024-10-21,MOLINO,12123.928004
2024-10-21,MSF,201.12
2024-10-21,SOPLADORA,7086.350752
2024-10-22,CELEC_SUR,21642.115185
2024-10-22,MAZAR,1413.564416
2024-10-22,MOLINO,12665.155373
2024-10-22,MSF,141.24
2024-10-22,SOPLADORA,7422.155396
2024-10-23,CELEC_SUR,17858.490915
2024-10-23,MAZAR,1128.589283
2024-10-23,MOLINO,10422.063456
2024-10-23,MSF,168.16
2024-10-23,SOPLADORA,6139.678176
2024-10-24,CELEC_SUR,17420.18857
2024-10-24,MAZAR,1348.04104
2024-10-24,MOLINO,10010.941246
2024-10-24,MSF,176.64
2024-10-24,SOPLADORA,5884.566284
2024-10-25,CELEC_SUR,4689.702936
2024-10-25,MAZAR,583.241792
2024-10-25,MOLINO,2467.013797
2024-10-25,MSF,193.0
2024-10-25,SOPLADORA,1446.447347
2024-10-26,CELEC_SUR,3562.005743
2024-10-26,MAZAR,0.0
2024-10-26,MOLINO,2110.183003
2024-10-26,MSF,218.88
2024-10-26,SOPLADORA,1232.94274
2024-10-27,CELEC_SUR,2407.966986
2024-10-27,MAZAR,0.0
2024-10-27,MOLINO,1398.897545
2024-10-27,MSF,184.38
2024-10-27,SOPLADORA,824.689441
2024-10-28,CELEC_SUR,4229.322541
2024-10-28,MAZAR,0.0
2024-10-28,MOLINO,2580.978897
2024-10-28,MSF,171.25
2024-10-28,SOPLADORA,1477.093644
2024-10-29,CELEC_SUR,2002.948455
2024-10-29,MAZAR,0.0
2024-10-29,MOLINO,1098.566106
2024-10-29,MSF,277.49
2024-10-29,SOPLADORA,626.892349
2024-10-30,CELEC_SUR,515.74
2024-10-30,MAZAR,0.0
2024-10-30,MOLINO,0.0
2024-10-30,MSF,515.74
2024-10-30,SOPLADORA,0.0
2024-10-31,CELEC_SUR,1013.88
2024-10-31,MAZAR,0.0
2024-10-31,MOLINO,0.0
2024-10-31,MSF,1013.88
2024-10-31,SOPLADORA,0.0
2024-11-01,CELEC_SUR,5375.076082
2024-11-01,MAZAR,238.556942
2024-11-01,MOLINO,3044.396778
2024-11-01,MSF,299.88
2024-11-01,SOPLADORA,1792.242362
2024-11-02,CELEC_SUR,7997.288266
2024-11-02,MAZAR,349.966364
2024-11-02,MOLINO,4262.044232
2024-11-02,MSF,854.77
2024-11-02,SOPLADORA,2530.50767
2024-11-03,CELEC_SUR,1086.720323
2024-11-03,MAZAR,0.0
2024-11-03,MOLINO,285.257679
2024-11-03,MSF,638.26
2024-11-03,SOPLADORA,163.202644
2024-11-04,CELEC_SUR,7601.334456
2024-11-04,MAZAR,409.351029
2024-11-04,MOLINO,4257.234755
2024-11-04,MSF,417.55
2024-11-04,SOPLADORA,2517.198672
2024-11-05,CELEC_SUR,16256.637121
2024-11-05,MAZAR,989.567356
2024-11-05,MOLINO,9373.193789
2024-11-05,MSF,344.1
2024-11-05,SOPLADORA,5549.775976
2024-11-06,CELEC_SUR,17615.559414
2024-11-06,MAZAR,1871.907798
2024-11-06,MOLINO,9732.461156
2024-11-06,MSF,266.4
2024-11-06,SOPLADORA,5744.79046
2024-11-07,CELEC_SUR,18843.87168
2024-11-07,MAZAR,1734.441519
2024-11-07,MOLINO,10653.162211
2024-11-07,MSF,212.17
2024-11-07,SOPLADORA,6244.09795
2024-11-08,CELEC_SUR,18192.271392
2024-11-08,MAZAR,1699.500146
2024-11-08,MOLINO,10295.86375
2024-11-08,MSF,162.75
2024-11-08,SOPLADORA,6034.157496
2024-11-09,CELEC_SUR,10012.533419
2024-11-09,MAZAR,686.172472
2024-11-09,MOLINO,5773.288084
2024-11-09,MSF,191.5
2024-11-09,SOPLADORA,3361.572863
2024-11-10,CELEC_SUR,3797.644487
2024-11-10,MAZAR,0.0
2024-11-10,MOLINO,2278.074613
2024-11-10,MSF,170.01
2024-11-10,SOPLADORA,1349.559874
2024-11-11,CELEC_SUR,6395.961942
2024-11-11,MAZAR,0.0
2024-11-11,MOLINO,3913.973941
2024-11-11,MSF,162.75
2024-11-11,SOPLADORA,2319.238001
2024-11-12,CELEC_SUR,9281.693001
2024-11-12,MAZAR,213.013896
2024-11-12,MOLINO,5653.962909
2024-11-12,MSF,61.75
2024-11-12,SOPLADORA,3352.966196
2024-11-13,CELEC_SUR,9335.435745
2024-11-13,MAZAR,504.463597
2024-11-13,MOLINO,5548.179562
2024-11-13,MSF,0.0
2024-11-13,SOPLADORA,3282.792586
2024-11-14,CELEC_SUR,6488.14178
2024-11-14,MAZAR,669.613648
2024-11-14,MOLINO,3666.679327
2024-11-14,MSF,13.31
2024-11-14,SOPLADORA,2138.538805
2024-11-15,CELEC_SUR,7560.872797
2024-11-15,MAZAR,703.330635
2024-11-15,MOLINO,4321.479615
2024-11-15,MSF,21.43
2024-11-15,SOPLADORA,2514.632547
2024-11-16,CELEC_SUR,905.065281
2024-11-16,MAZAR,0.0
2024-11-16,MOLINO,584.578974
2024-11-16,MSF,0.0
2024-11-16,SOPLADORA,320.486307
2024-11-17,CELEC_SUR,188.552404
2024-11-17,MAZAR,0.0
2024-11-17,MOLINO,132.443991
2024-11-17,MSF,0.0
2024-11-17,SOPLADORA,56.108413
2024-11-18,CELEC_SUR,1366.888926
2024-11-18,MAZAR,0.0
2024-11-18,MOLINO,859.274429
2024-11-18,MSF,0.0
2024-11-18,SOPLADORA,507.614497
2024-11-19,CELEC_SUR,3223.360226
2024-11-19,MAZAR,219.12646
2024-11-19,MOLINO,1889.788619
2024-11-19,MSF,0.0
2024-11-19,SOPLADORA,1114.445147
2024-11-20,CELEC_SUR,5542.492169
2024-11-20,MAZAR,213.061011
2024-11-20,MOLINO,3363.35612
2024-11-20,MSF,0.0
2024-11-20,SOPLADORA,1966.075038
2024-11-21,CELEC_SUR,4267.762088
2024-11-21,MAZAR,476.406921
2024-11-21,MOLINO,2397.715895
2024-11-21,MSF,0.0
2024-11-21,SOPLADORA,1393.639272
2024-11-22,CELEC_SUR,630.838751
2024-11-22,MAZAR,0.0
2024-11-22,MOLINO,403.684581
2024-11-22,MSF,0.0
2024-11-22,SOPLADORA,227.15417
2024-11-23,CELEC_SUR,34.63
2024-11-23,MAZAR,0.0
2024-11-23,MOLINO,0.0
2024-11-23,MSF,34.63
2024-11-23,SOPLADORA,0.0
2024-11-24,CELEC_SUR,0.0
2024-11-24,MAZAR,0.0
2024-11-24,MOLINO,0.0
2024-11-24,MSF,0.0
2024-11-24,SOPLADORA,0.0
2024-11-25,CELEC_SUR,8066.678221
2024-11-25,MAZAR,322.04926
2024-11-25,MOLINO,4844.790505
2024-11-25,MSF,58.3
2024-11-25,SOPLADORA,2841.538456
2024-11-26,CELEC_SUR,11082.860177
2024-11-26,MAZAR,547.365009
2024-11-26,MOLINO,6625.192827
2024-11-26,MSF,0.0
2024-11-26,SOPLADORA,3910.302341
2024-11-27,CELEC_SUR,6526.147523
2024-11-27,MAZAR,545.272256
2024-11-27,MOLINO,3767.072829
2024-11-27,MSF,0.0
2024-11-27,SOPLADORA,2213.802438
2024-11-28,CELEC_SUR,4980.524412
2024-11-28,MAZAR,449.357201
2024-11-28,MOLINO,2864.335097
2024-11-28,MSF,0.0
2024-11-28,SOPLADORA,1666.832114
2024-11-29,CELEC_SUR,138.25
2024-11-29,MAZAR,0.0
2024-11-29,MOLINO,0.0
2024-11-29,MSF,138.25
2024-11-29,SOPLADORA,0.0
2024-11-30,CELEC_SUR,0.0
2024-11-30,MAZAR,0.0
2024-11-30,MOLINO,0.0
2024-11-30,MSF,0.0
2024-11-30,SOPLADORA,0.0
2024-12-01,CELEC_SUR,1831.359531
2024-12-01,MAZAR,0.0
2024-12-01,MOLINO,1124.021186
2024-12-01,MSF,62.23
2024-12-01,SOPLADORA,645.108345
2024-12-02,CELEC_SUR,12790.38475
2024-12-02,MAZAR,206.43228
2024-12-02,MOLINO,7839.736703
2024-12-02,MSF,175.6
2024-12-02,SOPLADORA,4568.615767
2024-12-03,CELEC_SUR,15606.367468
2024-12-03,MAZAR,1599.420324
2024-12-03,MOLINO,8732.732543
2024-12-03,MSF,171.5
2024-12-03,SOPLADORA,5102.714601
2024-12-04,CELEC_SUR,1159.51414
2024-12-04,MAZAR,0.0
2024-12-04,MOLINO,688.759076
2024-12-04,MSF,82.92
2024-12-04,SOPLADORA,387.835064
2024-12-05,CELEC_SUR,5709.978414
2024-12-05,MAZAR,192.703967
2024-12-05,MOLINO,3460.913334
2024-12-05,MSF,34.63
2024-12-05,SOPLADORA,2021.731113
2024-12-06,CELEC_SUR,10485.061013
2024-12-06,MAZAR,532.621928
2024-12-06,MOLINO,6255.851124
2024-12-06,MSF,44.5
2024-12-06,SOPLADORA,3652.087961
2024-12-07,CELEC_SUR,3509.065122
2024-12-07,MAZAR,426.533385
2024-12-07,MOLINO,1770.112072
2024-12-07,MSF,280.05
2024-12-07,SOPLADORA,1032.369665
2024-12-08,CELEC_SUR,1818.636249
2024-12-08,MAZAR,103.636249
2024-12-08,MOLINO,0.0
2024-12-08,MSF,1715.0
2024-12-08,SOPLADORA,0.0
2024-12-09,CELEC_SUR,8536.028761
2024-12-09,MAZAR,220.650196
2024-12-09,MOLINO,5096.749578
2024-12-09,MSF,268.0
2024-12-09,SOPLADORA,2950.628987
2024-12-10,CELEC_SUR,11389.326111
2024-12-10,MAZAR,446.812308
2024-12-10,MOLINO,6725.23553
2024-12-10,MSF,297.2
2024-12-10,SOPLADORA,3920.078273
2024-12-11,CELEC_SUR,3506.978671
2024-12-11,MAZAR,107.925637
2024-12-11,MOLINO,1768.194515
2024-12-11,MSF,617.12
2024-12-11,SOPLADORA,1013.738519
2024-12-12,CELEC_SUR,11856.010991
2024-12-12,MAZAR,266.630539
2024-12-12,MOLINO,6161.254245
2024-12-12,MSF,1902.39
2024-12-12,SOPLADORA,3525.736207
2024-12-13,CELEC_SUR,16452.64544
2024-12-13,MAZAR,497.606949
2024-12-13,MOLINO,9909.17937
2024-12-13,MSF,272.47
2024-12-13,SOPLADORA,5773.389121
2024-12-14,CELEC_SUR,11670.73431
2024-12-14,MAZAR,1116.054527
2024-12-14,MOLINO,6378.23499
2024-12-14,MSF,490.07
2024-12-14,SOPLADORA,3686.374793
2024-12-15,CELEC_SUR,4820.321532
2024-12-15,MAZAR,293.089306
2024-12-15,MOLINO,2701.551225
2024-12-15,MSF,239.64
2024-12-15,SOPLADORA,1586.041001
2024-12-16,CELEC_SUR,5366.622589
2024-12-16,MAZAR,495.623727
2024-12-16,MOLINO,2861.882975
2024-12-16,MSF,287.313
2024-12-16,SOPLADORA,1721.802887
2024-12-17,CELEC_SUR,3720.374255
2024-12-17,MAZAR,268.320925
2024-12-17,MOLINO,1907.487414
2024-12-17,MSF,424.52
2024-12-17,SOPLADORA,1120.045916
2024-12-18,CELEC_SUR,6504.725123
2024-12-18,MAZAR,211.076155
2024-12-18,MOLINO,3490.454828
2024-12-18,MSF,780.438
2024-12-18,SOPLADORA,2022.75614
2024-12-19,CELEC_SUR,6101.574658
2024-12-19,MAZAR,0.0
2024-12-19,MOLINO,3509.141295
2024-12-19,MSF,535.63
2024-12-19,SOPLADORA,2056.803363
2024-12-20,CELEC_SUR,12838.767194
2024-12-20,MAZAR,766.30232
2024-12-20,MOLINO,7417.698909
2024-12-20,MSF,361.53
2024-12-20,SOPLADORA,4293.235965
2024-12-21,CELEC_SUR,17729.819568
2024-12-21,MAZAR,1273.650548
2024-12-21,MOLINO,10005.782405
2024-12-21,MSF,675.41
2024-12-21,SOPLADORA,5774.976615
2024-12-22,CELEC_SUR,11077.603361
2024-12-22,MAZAR,1094.380338
2024-12-22,MOLINO,6063.555123
2024-12-22,MSF,403.0
2024-12-22,SOPLADORA,3516.6679
2024-12-23,CELEC_SUR,5092.990017
2024-12-23,MAZAR,415.903844
2024-12-23,MOLINO,2799.63181
2024-12-23,MSF,236.03
2024-12-23,SOPLADORA,1641.424363
2024-12-24,CELEC_SUR,6418.656155
2024-12-24,MAZAR,206.991232
2024-12-24,MOLINO,1884.71938
2024-12-24,MSF,3255.91
2024-12-24,SOPLADORA,1071.035543
2024-12-25,CELEC_SUR,2641.182839
2024-12-25,MAZAR,212.843116
2024-12-25,MOLINO,453.490341
2024-12-25,MSF,1711.91
2024-12-25,SOPLADORA,262.939382
2024-12-26,CELEC_SUR,12187.965066
2024-12-26,MAZAR,584.544025
2024-12-26,MOLINO,5412.831154
2024-12-26,MSF,3062.09
2024-12-26,SOPLADORA,3128.499887
2024-12-27,CELEC_SUR,20384.904044
2024-12-27,MAZAR,0.0
2024-12-27,MOLINO,9589.922987
2024-12-27,MSF,5243.32
2024-12-27,SOPLADORA,5551.661057
2024-12-28,CELEC_SUR,17408.27138
2024-12-28,MAZAR,654.143188
2024-12-28,MOLINO,6495.042342
2024-12-28,MSF,6526.0
2024-12-28,SOPLADORA,3733.08585
2024-12-29,CELEC_SUR,7728.55747
2024-12-29,MAZAR,191.239292
2024-12-29,MOLINO,944.913945
2024-12-29,MSF,6052.52
2024-12-29,SOPLADORA,539.884233
2024-12-30,CELEC_SUR,7572.718122
2024-12-30,MAZAR,58.141233
2024-12-30,MOLINO,1727.394202
2024-12-30,MSF,4763.55
2024-12-30,SOPLADORA,1023.632687
2024-12-31,CELEC_SUR,4070.529864
2024-12-31,MAZAR,0.0
2024-12-31,MOLINO,417.216626
2024-12-31,MSF,3409.89
2024-12-31,SOPLADORA,243.423238
2025-01-01,CELEC_SUR,6906.246487
2025-01-01,MAZAR,0.0
2025-01-01,MOLINO,1543.248191
2025-01-01,MSF,4488.87
2025-01-01,SOPLADORA,874.128296
2025-01-02,CELEC_SUR,13688.599509
2025-01-02,MAZAR,0.0
2025-01-02,MOLINO,4718.284799
2025-01-02,MSF,6263.37
2025-01-02,SOPLADORA,2706.94471
2025-01-03,CELEC_SUR,14055.823868
2025-01-03,MAZAR,1496.639101
2025-01-03,MOLINO,3817.768002
2025-01-03,MSF,6529.51
2025-01-03,SOPLADORA,2211.906765
2025-01-04,CELEC_SUR,21273.67158
2025-01-04,MAZAR,0.0
2025-01-04,MOLINO,9345.195101
2025-01-04,MSF,6529.26
2025-01-04,SOPLADORA,5399.216479
2025-01-05,CELEC_SUR,15803.190144
2025-01-05,MAZAR,0.0
2025-01-05,MOLINO,6032.684383
2025-01-05,MSF,6338.597
2025-01-05,SOPLADORA,3431.908761
2025-01-06,CELEC_SUR,10342.512469
2025-01-06,MAZAR,0.0
2025-01-06,MOLINO,2561.956193
2025-01-06,MSF,6287.25
2025-01-06,SOPLADORA,1493.306276
2025-01-07,CELEC_SUR,18266.191753
2025-01-07,MAZAR,0.0
2025-01-07,MOLINO,7433.451578
2025-01-07,MSF,6525.25
2025-01-07,SOPLADORA,4307.490175
2025-01-08,CELEC_SUR,19538.356914
2025-01-08,MAZAR,402.941921
2025-01-08,MOLINO,7970.237762
2025-01-08,MSF,6528.25
2025-01-08,SOPLADORA,4636.927231
2025-01-09,CELEC_SUR,14915.835474
2025-01-09,MAZAR,665.675891
2025-01-09,MOLINO,5131.337447
2025-01-09,MSF,6109.33
2025-01-09,SOPLADORA,3009.492136
2025-01-10,CELEC_SUR,13695.726162
2025-01-10,MAZAR,292.602413
2025-01-10,MOLINO,4353.672751
2025-01-10,MSF,6526.63
2025-01-10,SOPLADORA,2522.820998
2025-01-11,CELEC_SUR,8756.374189
2025-01-11,MAZAR,0.0
2025-01-11,MOLINO,1412.842647
2025-01-11,MSF,6524.75
2025-01-11,SOPLADORA,818.781542
2025-01-12,CELEC_SUR,10892.920211
2025-01-12,MAZAR,0.0
2025-01-12,MOLINO,2770.926945
2025-01-12,MSF,6520.57
2025-01-12,SOPLADORA,1601.423266
2025-01-13,CELEC_SUR,22796.116033
2025-01-13,MAZAR,470.795765
2025-01-13,MOLINO,10020.737524
2025-01-13,MSF,6508.77
2025-01-13,SOPLADORA,5795.812744
2025-01-14,CELEC_SUR,25576.432055
2025-01-14,MAZAR,2173.420757
2025-01-14,MOLINO,10737.527124
2025-01-14,MSF,6448.63
2025-01-14,SOPLADORA,6216.854174
2025-01-15,CELEC_SUR,25574.607577
2025-01-15,MAZAR,2477.735035
2025-01-15,MOLINO,10750.931295
2025-01-15,MSF,6136.36
2025-01-15,SOPLADORA,6209.581247
2025-01-16,CELEC_SUR,25961.660901
2025-01-16,MAZAR,2051.113937
2025-01-16,MOLINO,11194.216688
2025-01-16,MSF,6231.153
2025-01-16,SOPLADORA,6485.177276
2025-01-17,CELEC_SUR,17783.015929
2025-01-17,MAZAR,854.963559
2025-01-17,MOLINO,7246.777797
2025-01-17,MSF,5499.38
2025-01-17,SOPLADORA,4181.894573
2025-01-18,CELEC_SUR,7822.916092
2025-01-18,MAZAR,0.0
2025-01-18,MOLINO,3367.570412
2025-01-18,MSF,2514.25
2025-01-18,SOPLADORA,1941.09568
2025-01-19,CELEC_SUR,12274.956473
2025-01-19,MAZAR,0.0
2025-01-19,MOLINO,4259.860777
2025-01-19,MSF,5562.37
2025-01-19,SOPLADORA,2452.725696
2025-01-20,CELEC_SUR,24324.652555
2025-01-20,MAZAR,1658.007438
2025-01-20,MOLINO,11153.693044
2025-01-20,MSF,5125.78
2025-01-20,SOPLADORA,6387.172073
2025-01-21,CELEC_SUR,23807.147456
2025-01-21,MAZAR,2041.294337
2025-01-21,MOLINO,10581.685731
2025-01-21,MSF,5024.69
2025-01-21,SOPLADORA,6159.477388
2025-01-22,CELEC_SUR,20728.578104
2025-01-22,MAZAR,1706.734365
2025-01-22,MOLINO,8836.189853
2025-01-22,MSF,5074.16
2025-01-22,SOPLADORA,5111.493886
2025-01-23,CELEC_SUR,19270.516185
2025-01-23,MAZAR,523.451003
2025-01-23,MOLINO,8193.620391
2025-01-23,MSF,5821.43
2025-01-23,SOPLADORA,4732.014791
2025-01-24,CELEC_SUR,25560.396366
2025-01-24,MAZAR,1858.31054
2025-01-24,MOLINO,12016.523335
2025-01-24,MSF,4762.5
2025-01-24,SOPLADORA,6923.062491
2025-01-25,CELEC_SUR,15083.391999
2025-01-25,MAZAR,1689.603895
2025-01-25,MOLINO,7271.382612
2025-01-25,MSF,1894.71
2025-01-25,SOPLADORA,4227.695492
2025-01-26,CELEC_SUR,3905.290009
2025-01-26,MAZAR,0.0
2025-01-26,MOLINO,1076.956181
2025-01-26,MSF,2209.15
2025-01-26,SOPLADORA,619.183828
2025-01-27,CELEC_SUR,8917.77426
2025-01-27,MAZAR,0.0
2025-01-27,MOLINO,4084.226729
2025-01-27,MSF,2464.03
2025-01-27,SOPLADORA,2369.517531
2025-01-28,CELEC_SUR,12279.921979
2025-01-28,MAZAR,0.0
2025-01-28,MOLINO,5873.144577
2025-01-28,MSF,3014.253
2025-01-28,SOPLADORA,3392.524402
2025-01-29,CELEC_SUR,8255.021235
2025-01-29,MAZAR,0.0
2025-01-29,MOLINO,3587.572137
2025-01-29,MSF,2584.87
2025-01-29,SOPLADORA,2082.579098
2025-01-30,CELEC_SUR,15522.297645
2025-01-30,MAZAR,0.0
2025-01-30,MOLINO,7044.474175
2025-01-30,MSF,4386.38
2025-01-30,SOPLADORA,4091.44347
2025-01-31,CELEC_SUR,16737.386107
2025-01-31,MAZAR,0.0
2025-01-31,MOLINO,8355.192742
2025-01-31,MSF,3572.5
2025-01-31,SOPLADORA,4809.693365
2025-02-01,CELEC_SUR,8602.199926
2025-02-01,MAZAR,0.0
2025-02-01,MOLINO,3509.812994
2025-02-01,MSF,3049.7
2025-02-01,SOPLADORA,2042.686932
2025-02-02,CELEC_SUR,7908.654673
2025-02-02,MAZAR,0.0
2025-02-02,MOLINO,3524.139895
2025-02-02,MSF,2347.03
2025-02-02,SOPLADORA,2037.484778
2025-02-03,CELEC_SUR,12876.541483
2025-02-03,MAZAR,1086.186258
2025-02-03,MOLINO,6947.428806
2025-02-03,MSF,796.63
2025-02-03,SOPLADORA,4046.296419
2025-02-04,CELEC_SUR,18450.572581
2025-02-04,MAZAR,0.0
2025-02-04,MOLINO,9724.921775
2025-02-04,MSF,3111.875
2025-02-04,SOPLADORA,5613.775806
2025-02-05,CELEC_SUR,18771.499783
2025-02-05,MAZAR,1415.190491
2025-02-05,MOLINO,8928.790014
2025-02-05,MSF,3256.29
2025-02-05,SOPLADORA,5171.229278
2025-02-06,CELEC_SUR,13075.828535
2025-02-06,MAZAR,602.669744
2025-02-06,MOLINO,5362.109505
2025-02-06,MSF,4004.17
2025-02-06,SOPLADORA,3106.879286
2025-02-07,CELEC_SUR,12877.865762
2025-02-07,MAZAR,876.622528
2025-02-07,MOLINO,5002.609081
2025-02-07,MSF,4109.4
2025-02-07,SOPLADORA,2889.234153
2025-02-08,CELEC_SUR,6882.804298
2025-02-08,MAZAR,0.0
2025-02-08,MOLINO,2244.922455
2025-02-08,MSF,3341.703
2025-02-08,SOPLADORA,1296.178843
2025-02-09,CELEC_SUR,7419.878855
2025-02-09,MAZAR,0.0
2025-02-09,MOLINO,2071.963073
2025-02-09,MSF,4153.6
2025-02-09,SOPLADORA,1194.315782
2025-02-10,CELEC_SUR,26554.295479
2025-02-10,MAZAR,1123.566469
2025-02-10,MOLINO,12525.306845
2025-02-10,MSF,5700.15
2025-02-10,SOPLADORA,7205.272165
2025-02-11,CELEC_SUR,32746.132251
2025-02-11,MAZAR,2809.301801
2025-02-11,MOLINO,14928.673694
2025-02-11,MSF,6386.51
2025-02-11,SOPLADORA,8621.646756
2025-02-12,CELEC_SUR,39668.218118
2025-02-12,MAZAR,4060.770969
2025-02-12,MOLINO,19444.971158
2025-02-12,MSF,5498.87
2025-02-12,SOPLADORA,10663.605991
2025-02-13,CELEC_SUR,40061.870844
2025-02-13,MAZAR,4079.700397
2025-02-13,MOLINO,19362.065451
2025-02-13,MSF,6491.55
2025-02-13,SOPLADORA,10128.554996
2025-02-14,CELEC_SUR,36023.205293
2025-02-14,MAZAR,4080.674188
2025-02-14,MOLINO,17473.952764
2025-02-14,MSF,6526.13
2025-02-14,SOPLADORA,7942.448341
2025-02-15,CELEC_SUR,32397.567977
2025-02-15,MAZAR,151.204407
2025-02-15,MOLINO,17259.90737
2025-02-15,MSF,6282.2
2025-02-15,SOPLADORA,8704.2562
2025-02-16,CELEC_SUR,26884.584302
2025-02-16,MAZAR,0.0
2025-02-16,MOLINO,13178.771392
2025-02-16,MSF,6440.75
2025-02-16,SOPLADORA,7265.06291
2025-02-17,CELEC_SUR,24763.642599
2025-02-17,MAZAR,0.0
2025-02-17,MOLINO,11668.285235
2025-02-17,MSF,6386.87
2025-02-17,SOPLADORA,6708.487364
2025-02-18,CELEC_SUR,29133.707847
2025-02-18,MAZAR,0.0
2025-02-18,MOLINO,14497.899498
2025-02-18,MSF,6319.1392
2025-02-18,SOPLADORA,8316.669149
2025-02-19,CELEC_SUR,25866.749272
2025-02-19,MAZAR,0.0
2025-02-19,MOLINO,12797.745077
2025-02-19,MSF,5737.36
2025-02-19,SOPLADORA,7331.644195
2025-02-20,CELEC_SUR,27876.338019
2025-02-20,MAZAR,314.25575
2025-02-20,MOLINO,13782.578488
2025-02-20,MSF,5871.38
2025-02-20,SOPLADORA,7908.123781
2025-02-21,CELEC_SUR,30919.048255
2025-02-21,MAZAR,831.09923
2025-02-21,MOLINO,15572.869726
2025-02-21,MSF,5584.64
2025-02-21,SOPLADORA,8930.439299
2025-02-22,CELEC_SUR,30356.160483
2025-02-22,MAZAR,825.937106
2025-02-22,MOLINO,14838.470511
2025-02-22,MSF,6230.93
2025-02-22,SOPLADORA,8460.822866
2025-02-23,CELEC_SUR,24477.950364
2025-02-23,MAZAR,0.0
2025-02-23,MOLINO,12594.549017
2025-02-23,MSF,4845.57
2025-02-23,SOPLADORA,7037.831347
2025-02-24,CELEC_SUR,33665.207881
2025-02-24,MAZAR,2051.901868
2025-02-24,MOLINO,16380.220607
2025-02-24,MSF,6105.62
2025-02-24,SOPLADORA,9127.465406
2025-02-25,CELEC_SUR,34216.596849
2025-02-25,MAZAR,1928.952799
2025-02-25,MOLINO,17023.60115
2025-02-25,MSF,5696.38
2025-02-25,SOPLADORA,9567.6629
2025-02-26,CELEC_SUR,32526.787002
2025-02-26,MAZAR,1426.216121
2025-02-26,MOLINO,16165.906153
2025-02-26,MSF,5849.25
2025-02-26,SOPLADORA,9085.414728
2025-02-27,CELEC_SUR,31905.489272
2025-02-27,MAZAR,1650.927266
2025-02-27,MOLINO,16102.817939
2025-02-27,MSF,5015.75
2025-02-27,SOPLADORA,9135.994067
2025-02-28,CELEC_SUR,30688.373795
2025-02-28,MAZAR,840.955975
2025-02-28,MOLINO,15490.385964
2025-02-28,MSF,5782.87
2025-02-28,SOPLADORA,8574.161856
2025-03-01,CELEC_SUR,28726.746291
2025-03-01,MAZAR,262.46256
2025-03-01,MOLINO,14900.578472
2025-03-01,MSF,5033.89
2025-03-01,SOPLADORA,8529.815259
2025-03-02,CELEC_SUR,23152.522145
2025-03-02,MAZAR,0.0
2025-03-02,MOLINO,12109.093902
2025-03-02,MSF,4075.12
2025-03-02,SOPLADORA,6968.308243
2025-03-03,CELEC_SUR,22741.862923
2025-03-03,MAZAR,0.0
2025-03-03,MOLINO,11612.351892
2025-03-03,MSF,4434.2
2025-03-03,SOPLADORA,6695.311031
2025-03-04,CELEC_SUR,27230.25478
2025-03-04,MAZAR,0.0
2025-03-04,MOLINO,13890.743881
2025-03-04,MSF,5334.0
2025-03-04,SOPLADORA,8005.510899
2025-03-05,CELEC_SUR,24109.171134
2025-03-05,MAZAR,0.0
2025-03-05,MOLINO,12306.539279
2025-03-05,MSF,4703.02
2025-03-05,SOPLADORA,7099.611855
2025-03-06,CELEC_SUR,28087.626031
2025-03-06,MAZAR,0.0
2025-03-06,MOLINO,14547.975341
2025-03-06,MSF,5238.89
2025-03-06,SOPLADORA,8300.76069
2025-03-07,CELEC_SUR,31216.863094
2025-03-07,MAZAR,953.447922
2025-03-07,MOLINO,15428.174919
2025-03-07,MSF,5999.13
2025-03-07,SOPLADORA,8836.110253
2025-03-08,CELEC_SUR,35864.693962
2025-03-08,MAZAR,2404.113272
2025-03-08,MOLINO,17506.135465
2025-03-08,MSF,5999.69
2025-03-08,SOPLADORA,9954.755225
2025-03-09,CELEC_SUR,26074.996564
2025-03-09,MAZAR,785.497454
2025-03-09,MOLINO,12627.090091
2025-03-09,MSF,5462.57
2025-03-09,SOPLADORA,7199.839019
2025-03-10,CELEC_SUR,35240.76501
2025-03-10,MAZAR,2663.943389
2025-03-10,MOLINO,16877.384157
2025-03-10,MSF,6305.44
2025-03-10,SOPLADORA,9393.997464
2025-03-11,CELEC_SUR,35395.511212
2025-03-11,MAZAR,2027.7616
2025-03-11,MOLINO,17550.499325
2025-03-11,MSF,5754.08
2025-03-11,SOPLADORA,10063.170287
2025-03-12,CELEC_SUR,35785.388603
2025-03-12,MAZAR,2429.743007
2025-03-12,MOLINO,17577.260521
2025-03-12,MSF,5671.13
2025-03-12,SOPLADORA,10107.255075
2025-03-13,CELEC_SUR,35057.722101
2025-03-13,MAZAR,2588.25421
2025-03-13,MOLINO,16854.10508
2025-03-13,MSF,6140.0
2025-03-13,SOPLADORA,9475.362811
2025-03-14,CELEC_SUR,33635.045908
2025-03-14,MAZAR,2318.277385
2025-03-14,MOLINO,16404.167303
2025-03-14,MSF,5758.25
2025-03-14,SOPLADORA,9154.35122
2025-03-15,CELEC_SUR,32861.977512
2025-03-15,MAZAR,1537.483242
2025-03-15,MOLINO,16418.663611
2025-03-15,MSF,5458.88
2025-03-15,SOPLADORA,9446.950659
2025-03-16,CELEC_SUR,27889.706051
2025-03-16,MAZAR,0.0
2025-03-16,MOLINO,14305.835966
2025-03-16,MSF,5364.0
2025-03-16,SOPLADORA,8219.870085
2025-03-17,CELEC_SUR,29726.073246
2025-03-17,MAZAR,413.217807
2025-03-17,MOLINO,14914.817246
2025-03-17,MSF,5781.75
2025-03-17,SOPLADORA,8616.288193
2025-03-18,CELEC_SUR,32039.092262
2025-03-18,MAZAR,1564.389463
2025-03-18,MOLINO,15629.636301
2025-03-18,MSF,6019.47
2025-03-18,SOPLADORA,8825.596498
2025-03-19,CELEC_SUR,33095.762596
2025-03-19,MAZAR,1937.711572
2025-03-19,MOLINO,16176.738491
2025-03-19,MSF,5820.12
2025-03-19,SOPLADORA,9161.192533
2025-03-20,CELEC_SUR,33758.577837
2025-03-20,MAZAR,1809.762058
2025-03-20,MOLINO,16950.835347
2025-03-20,MSF,5415.37
2025-03-20,SOPLADORA,9582.610432
2025-03-21,CELEC_SUR,33726.191819
2025-03-21,MAZAR,1641.136091
2025-03-21,MOLINO,16634.773614
2025-03-21,MSF,5985.02
2025-03-21,SOPLADORA,9465.262114
2025-03-22,CELEC_SUR,26026.370516
2025-03-22,MAZAR,1847.07218
2025-03-22,MOLINO,11689.196348
2025-03-22,MSF,5765.12
2025-03-22,SOPLADORA,6724.981988
2025-03-23,CELEC_SUR,26284.631096
2025-03-23,MAZAR,594.418939
2025-03-23,MOLINO,13101.619671
2025-03-23,MSF,5094.64
2025-03-23,SOPLADORA,7493.952486
2025-03-24,CELEC_SUR,34753.912165
2025-03-24,MAZAR,2347.305721
2025-03-24,MOLINO,17212.023777
2025-03-24,MSF,5895.07
2025-03-24,SOPLADORA,9299.512667
2025-03-25,CELEC_SUR,35447.097186
2025-03-25,MAZAR,2010.049728
2025-03-25,MOLINO,17256.285717
2025-03-25,MSF,6272.503
2025-03-25,SOPLADORA,9908.258741
2025-03-26,CELEC_SUR,32481.499706
2025-03-26,MAZAR,2160.692997
2025-03-26,MOLINO,15370.593217
2025-03-26,MSF,6283.775
2025-03-26,SOPLADORA,8666.438492
2025-03-27,CELEC_SUR,24197.35017
2025-03-27,MAZAR,1645.087746
2025-03-27,MOLINO,14327.354457
2025-03-27,MSF,5.75
2025-03-27,SOPLADORA,8219.157967
2025-03-28,CELEC_SUR,23465.668359
2025-03-28,MAZAR,2498.072557
2025-03-28,MOLINO,13361.141912
2025-03-28,MSF,0.0
2025-03-28,SOPLADORA,7606.45389
2025-03-29,CELEC_SUR,28662.094185
2025-03-29,MAZAR,1752.524194
2025-03-29,MOLINO,17159.197529
2025-03-29,MSF,0.0
2025-03-29,SOPLADORA,9750.372462
2025-03-30,CELEC_SUR,20612.741697
2025-03-30,MAZAR,971.801563
2025-03-30,MOLINO,12534.830706
2025-03-30,MSF,0.0
2025-03-30,SOPLADORA,7106.109428
2025-03-31,CELEC_SUR,28555.743884
2025-03-31,MAZAR,2353.645304
2025-03-31,MOLINO,16785.808069
2025-03-31,MSF,0.0
2025-03-31,SOPLADORA,9416.290511
2025-04-01,CELEC_SUR,32785.817337
2025-04-01,MAZAR,4038.781257
2025-04-01,MOLINO,18472.127606
2025-04-01,MSF,0.0
2025-04-01,SOPLADORA,10274.908474
2025-04-02,CELEC_SUR,26270.262552
2025-04-02,MAZAR,1736.200729
2025-04-02,MOLINO,15672.275431
2025-04-02,MSF,0.0
2025-04-02,SOPLADORA,8861.786392
2025-04-03,CELEC_SUR,26930.470626
2025-04-03,MAZAR,1760.704162
2025-04-03,MOLINO,14015.791808
2025-04-03,MSF,3291.755
2025-04-03,SOPLADORA,7862.219656
2025-04-04,CELEC_SUR,30964.27718
2025-04-04,MAZAR,1833.394493
2025-04-04,MOLINO,15322.150927
2025-04-04,MSF,5167.035
2025-04-04,SOPLADORA,8641.69676
2025-04-05,CELEC_SUR,31577.290243
2025-04-05,MAZAR,90.415384
2025-04-05,MOLINO,17121.531792
2025-04-05,MSF,4649.77
2025-04-05,SOPLADORA,9715.573067
2025-04-06,CELEC_SUR,33162.646987
2025-04-06,MAZAR,2151.361241
2025-04-06,MOLINO,16370.493968
2025-04-06,MSF,5525.35
2025-04-06,SOPLADORA,9115.441778
2025-04-07,CELEC_SUR,37866.560609
2025-04-07,MAZAR,3070.535438
2025-04-07,MOLINO,18623.092904
2025-04-07,MSF,5634.61
2025-04-07,SOPLADORA,10538.322267
2025-04-08,CELEC_SUR,35698.031425
2025-04-08,MAZAR,2449.341894
2025-04-08,MOLINO,17981.261975
2025-04-08,MSF,5167.25
2025-04-08,SOPLADORA,10100.177556
2025-04-09,CELEC_SUR,32669.604248
2025-04-09,MAZAR,1545.088072
2025-04-09,MOLINO,15757.025046
2025-04-09,MSF,6447.72
2025-04-09,SOPLADORA,8919.77113
2025-04-10,CELEC_SUR,29963.245894
2025-04-10,MAZAR,514.156781
2025-04-10,MOLINO,14906.777242
2025-04-10,MSF,6024.75
2025-04-10,SOPLADORA,8517.561871
2025-04-11,CELEC_SUR,27224.424071
2025-04-11,MAZAR,209.084609
2025-04-11,MOLINO,13451.636715
2025-04-11,MSF,5862.25
2025-04-11,SOPLADORA,7701.452747
2025-04-12,CELEC_SUR,28102.098482
2025-04-12,MAZAR,0.0
2025-04-12,MOLINO,14325.074913
2025-04-12,MSF,6059.25
2025-04-12,SOPLADORA,7717.773569
2025-04-13,CELEC_SUR,22617.620119
2025-04-13,MAZAR,0.0
2025-04-13,MOLINO,12340.296094
2025-04-13,MSF,3368.58
2025-04-13,SOPLADORA,6908.744025
2025-04-14,CELEC_SUR,30924.605393
2025-04-14,MAZAR,405.36136
2025-04-14,MOLINO,16498.162921
2025-04-14,MSF,5517.25
2025-04-14,SOPLADORA,8503.831112
2025-04-15,CELEC_SUR,30091.248435
2025-04-15,MAZAR,613.078326
2025-04-15,MOLINO,15719.233105
2025-04-15,MSF,5681.12
2025-04-15,SOPLADORA,8077.817004
2025-04-16,CELEC_SUR,32175.408439
2025-04-16,MAZAR,1188.775056
2025-04-16,MOLINO,16800.053001
2025-04-16,MSF,5730.07
2025-04-16,SOPLADORA,8456.510382
2025-04-17,CELEC_SUR,32820.229263
2025-04-17,MAZAR,604.145009
2025-04-17,MOLINO,17096.675586
2025-04-17,MSF,5714.36
2025-04-17,SOPLADORA,9405.048668
2025-04-18,CELEC_SUR,28588.920927
2025-04-18,MAZAR,275.88055
2025-04-18,MOLINO,15362.11012
2025-04-18,MSF,4844.002
2025-04-18,SOPLADORA,8106.928257
2025-04-19,CELEC_SUR,28857.070003
2025-04-19,MAZAR,488.34461
2025-04-19,MOLINO,15373.667164
2025-04-19,MSF,5024.68
2025-04-19,SOPLADORA,7970.378229
2025-04-20,CELEC_SUR,27804.233597
2025-04-20,MAZAR,668.468806
2025-04-20,MOLINO,14344.845034
2025-04-20,MSF,4810.14
2025-04-20,SOPLADORA,7980.779757
2025-04-21,CELEC_SUR,36118.243789
2025-04-21,MAZAR,2374.647078
2025-04-21,MOLINO,18231.412203
2025-04-21,MSF,5718.75
2025-04-21,SOPLADORA,9793.434508
2025-04-22,CELEC_SUR,37587.046726
2025-04-22,MAZAR,2534.322286
2025-04-22,MOLINO,18488.083778
2025-04-22,MSF,6529.0
2025-04-22,SOPLADORA,10035.640662
2025-04-23,CELEC_SUR,37872.446856
2025-04-23,MAZAR,2581.581368
2025-04-23,MOLINO,18769.748261
2025-04-23,MSF,6174.65
2025-04-23,SOPLADORA,10346.467227
2025-04-24,CELEC_SUR,37527.994438
2025-04-24,MAZAR,3287.06475
2025-04-24,MOLINO,18103.300195
2025-04-24,MSF,6379.375
2025-04-24,SOPLADORA,9758.254493
2025-04-25,CELEC_SUR,37276.241326
2025-04-25,MAZAR,2189.914258
2025-04-25,MOLINO,18898.407813
2025-04-25,MSF,6280.5
2025-04-25,SOPLADORA,9907.419255
2025-04-26,CELEC_SUR,31591.539391
2025-04-26,MAZAR,2065.951418
2025-04-26,MOLINO,15052.254909
2025-04-26,MSF,6452.0
2025-04-26,SOPLADORA,8021.333064
2025-04-27,CELEC_SUR,32282.790149
2025-04-27,MAZAR,764.055239
2025-04-27,MOLINO,16583.446294
2025-04-27,MSF,5639.5
2025-04-27,SOPLADORA,9295.788616
2025-04-28,CELEC_SUR,38340.567473
2025-04-28,MAZAR,3079.022411
2025-04-28,MOLINO,19298.043722
2025-04-28,MSF,6268.006
2025-04-28,SOPLADORA,9695.49534
2025-04-29,CELEC_SUR,34114.105246
2025-04-29,MAZAR,1633.113073
2025-04-29,MOLINO,17434.241654
2025-04-29,MSF,5837.503
2025-04-29,SOPLADORA,9209.247519
2025-04-30,CELEC_SUR,35941.78724
2025-04-30,MAZAR,529.191977
2025-04-30,MOLINO,19424.563507
2025-04-30,MSF,5854.88
2025-04-30,SOPLADORA,10133.151756
2025-05-01,CELEC_SUR,32741.249558
2025-05-01,MAZAR,0.0
2025-05-01,MOLINO,17699.451469
2025-05-01,MSF,5197.16
2025-05-01,SOPLADORA,9844.638089
2025-05-02,CELEC_SUR,30547.213969
2025-05-02,MAZAR,590.045048
2025-05-02,MOLINO,16037.031322
2025-05-02,MSF,5238.605
2025-05-02,SOPLADORA,8681.532599
2025-05-03,CELEC_SUR,26985.705689
2025-05-03,MAZAR,826.539197
2025-05-03,MOLINO,14347.544066
2025-05-03,MSF,4387.89
2025-05-03,SOPLADORA,7423.732426
2025-05-04,CELEC_SUR,25701.845759
2025-05-04,MAZAR,184.726852
2025-05-04,MOLINO,13904.521827
2025-05-04,MSF,4230.82
2025-05-04,SOPLADORA,7381.77708
2025-05-05,CELEC_SUR,33064.760701
2025-05-05,MAZAR,1910.764648
2025-05-05,MOLINO,17116.597477
2025-05-05,MSF,5040.75
2025-05-05,SOPLADORA,8996.648576
2025-05-06,CELEC_SUR,34505.001235
2025-05-06,MAZAR,858.272024
2025-05-06,MOLINO,17529.22164
2025-05-06,MSF,6301.0
2025-05-06,SOPLADORA,9816.507571
2025-05-07,CELEC_SUR,33904.134438
2025-05-07,MAZAR,887.390616
2025-05-07,MOLINO,18131.313174
2025-05-07,MSF,5747.75
2025-05-07,SOPLADORA,9137.680648
2025-05-08,CELEC_SUR,32173.934417
2025-05-08,MAZAR,0.0
2025-05-08,MOLINO,17396.798374
2025-05-08,MSF,5290.5
2025-05-08,SOPLADORA,9486.636043
2025-05-09,CELEC_SUR,32506.299304
2025-05-09,MAZAR,685.51742
2025-05-09,MOLINO,16485.766018
2025-05-09,MSF,6213.75
2025-05-09,SOPLADORA,9121.265866
2025-05-10,CELEC_SUR,27886.267817
2025-05-10,MAZAR,387.066398
2025-05-10,MOLINO,15029.222448
2025-05-10,MSF,5057.25
2025-05-10,SOPLADORA,7412.728971
2025-05-11,CELEC_SUR,34208.264741
2025-05-11,MAZAR,2345.137264
2025-05-11,MOLINO,17490.458983
2025-05-11,MSF,5399.75
2025-05-11,SOPLADORA,8972.918494
2025-05-12,CELEC_SUR,41776.124488
2025-05-12,MAZAR,3277.581448
2025-05-12,MOLINO,21509.460109
2025-05-12,MSF,6374.0
2025-05-12,SOPLADORA,10615.082931
2025-05-13,CELEC_SUR,38957.822085
2025-05-13,MAZAR,1899.219994
2025-05-13,MOLINO,20387.6446
2025-05-13,MSF,6099.25
2025-05-13,SOPLADORA,10571.707491
2025-05-14,CELEC_SUR,31616.347878
2025-05-14,MAZAR,395.414063
2025-05-14,MOLINO,17484.088167
2025-05-14,MSF,4543.6
2025-05-14,SOPLADORA,9193.245648
2025-05-15,CELEC_SUR,31360.176008
2025-05-15,MAZAR,322.409953
2025-05-15,MOLINO,16773.595592
2025-05-15,MSF,5900.25
2025-05-15,SOPLADORA,8363.920463
2025-05-16,CELEC_SUR,29649.031008
2025-05-16,MAZAR,0.0
2025-05-16,MOLINO,15905.327246
2025-05-16,MSF,5902.15
2025-05-16,SOPLADORA,7841.553762
2025-05-17,CELEC_SUR,22756.851554
2025-05-17,MAZAR,0.0
2025-05-17,MOLINO,13110.651712
2025-05-17,MSF,4998.58
2025-05-17,SOPLADORA,4647.619842
2025-05-18,CELEC_SUR,21950.96341
2025-05-18,MAZAR,0.0
2025-05-18,MOLINO,11900.786479
2025-05-18,MSF,5284.05
2025-05-18,SOPLADORA,4766.126931
2025-05-19,CELEC_SUR,25255.233095
2025-05-19,MAZAR,0.0
2025-05-19,MOLINO,13468.457245
2025-05-19,MSF,4827.1
2025-05-19,SOPLADORA,6959.67585
2025-05-20,CELEC_SUR,28873.598813
2025-05-20,MAZAR,0.0
2025-05-20,MOLINO,15283.284047
2025-05-20,MSF,5868.0
2025-05-20,SOPLADORA,7722.314766
2025-05-21,CELEC_SUR,31193.284341
2025-05-21,MAZAR,500.618389
2025-05-21,MOLINO,17190.070815
2025-05-21,MSF,5113.505
2025-05-21,SOPLADORA,8389.090137
2025-05-22,CELEC_SUR,27291.546749
2025-05-22,MAZAR,0.0
2025-05-22,MOLINO,15048.920915
2025-05-22,MSF,4432.205
2025-05-22,SOPLADORA,7810.420834
2025-05-23,CELEC_SUR,25503.532958
2025-05-23,MAZAR,0.0
2025-05-23,MOLINO,13533.121962
2025-05-23,MSF,4956.4
2025-05-23,SOPLADORA,7014.010996
2025-05-24,CELEC_SUR,24988.719789
2025-05-24,MAZAR,0.0
2025-05-24,MOLINO,14266.909387
2025-05-24,MSF,6000.25
2025-05-24,SOPLADORA,4721.560402
2025-05-25,CELEC_SUR,23891.339128
2025-05-25,MAZAR,0.0
2025-05-25,MOLINO,13903.00118
2025-05-25,MSF,5312.2
2025-05-25,SOPLADORA,4676.137948
2025-05-26,CELEC_SUR,26946.974736
2025-05-26,MAZAR,0.0
2025-05-26,MOLINO,14231.621378
2025-05-26,MSF,5725.253
2025-05-26,SOPLADORA,6990.100358
2025-05-27,CELEC_SUR,27363.07711
2025-05-27,MAZAR,0.0
2025-05-27,MOLINO,14638.834399
2025-05-27,MSF,5577.81
2025-05-27,SOPLADORA,7146.432711
2025-05-28,CELEC_SUR,27178.368352
2025-05-28,MAZAR,0.0
2025-05-28,MOLINO,15100.205749
2025-05-28,MSF,3782.03
2025-05-28,SOPLADORA,8296.132603
2025-05-29,CELEC_SUR,31217.370141
2025-05-29,MAZAR,366.833576
2025-05-29,MOLINO,16507.291247
2025-05-29,MSF,5664.05
2025-05-29,SOPLADORA,8679.195318
2025-05-30,CELEC_SUR,28449.804235
2025-05-30,MAZAR,0.0
2025-05-30,MOLINO,15604.959165
2025-05-30,MSF,4315.11
2025-05-30,SOPLADORA,8529.73507
2025-05-31,CELEC_SUR,25064.897205
2025-05-31,MAZAR,0.0
2025-05-31,MOLINO,14665.227472
2025-05-31,MSF,4867.8
2025-05-31,SOPLADORA,5531.869733
2025-06-01,CELEC_SUR,22135.978922
2025-06-01,MAZAR,0.0
2025-06-01,MOLINO,13242.950277
2025-06-01,MSF,4184.02
2025-06-01,SOPLADORA,4709.008645
2025-06-02,CELEC_SUR,30108.572738
2025-06-02,MAZAR,0.0
2025-06-02,MOLINO,15918.91624
2025-06-02,MSF,5729.737
2025-06-02,SOPLADORA,8459.919498
2025-06-03,CELEC_SUR,29357.756371
2025-06-03,MAZAR,0.0
2025-06-03,MOLINO,15875.51321
2025-06-03,MSF,5077.75
2025-06-03,SOPLADORA,8404.493161
2025-06-04,CELEC_SUR,28704.358253
2025-06-04,MAZAR,121.100639
2025-06-04,MOLINO,16176.364896
2025-06-04,MSF,3478.5
2025-06-04,SOPLADORA,8928.392718
2025-06-05,CELEC_SUR,26881.288476
2025-06-05,MAZAR,0.0
2025-06-05,MOLINO,15290.601828
2025-06-05,MSF,3266.75
2025-06-05,SOPLADORA,8323.936648
2025-06-06,CELEC_SUR,28087.208428
2025-06-06,MAZAR,0.0
2025-06-06,MOLINO,16013.150723
2025-06-06,MSF,4213.74
2025-06-06,SOPLADORA,7860.317705
2025-06-07,CELEC_SUR,35249.006712
2025-06-07,MAZAR,2082.13637
2025-06-07,MOLINO,17697.599701
2025-06-07,MSF,5916.25
2025-06-07,SOPLADORA,9553.020641
2025-06-08,CELEC_SUR,22732.715436
2025-06-08,MAZAR,0.0
2025-06-08,MOLINO,12647.860076
2025-06-08,MSF,3707.95
2025-06-08,SOPLADORA,6376.90536
2025-06-09,CELEC_SUR,27460.071879
2025-06-09,MAZAR,0.0
2025-06-09,MOLINO,14901.117337
2025-06-09,MSF,4865.0
2025-06-09,SOPLADORA,7693.954542
2025-06-10,CELEC_SUR,27468.703822
2025-06-10,MAZAR,0.0
2025-06-10,MOLINO,14867.466291
2025-06-10,MSF,4679.6
2025-06-10,SOPLADORA,7921.637531
2025-06-11,CELEC_SUR,31148.361684
2025-06-11,MAZAR,0.0
2025-06-11,MOLINO,17360.442872
2025-06-11,MSF,5016.6
2025-06-11,SOPLADORA,8771.318812
2025-06-12,CELEC_SUR,33812.984499
2025-06-12,MAZAR,1594.321766
2025-06-12,MOLINO,18921.664898
2025-06-12,MSF,3812.62
2025-06-12,SOPLADORA,9484.377835
2025-06-13,CELEC_SUR,33525.914066
2025-06-13,MAZAR,2360.801457
2025-06-13,MOLINO,17963.927472
2025-06-13,MSF,3091.46
2025-06-13,SOPLADORA,10109.725137
2025-06-14,CELEC_SUR,23574.981731
2025-06-14,MAZAR,1099.714419
2025-06-14,MOLINO,12541.456535
2025-06-14,MSF,3501.11
2025-06-14,SOPLADORA,6432.700777
2025-06-15,CELEC_SUR,25771.134398
2025-06-15,MAZAR,975.794885
2025-06-15,MOLINO,13373.557737
2025-06-15,MSF,3849.551
2025-06-15,SOPLADORA,7572.230776
2025-06-16,CELEC_SUR,30548.156381
2025-06-16,MAZAR,1041.490551
2025-06-16,MOLINO,15389.48011
2025-06-16,MSF,6120.8
2025-06-16,SOPLADORA,7996.38572
2025-06-17,CELEC_SUR,33263.94543
2025-06-17,MAZAR,610.645309
2025-06-17,MOLINO,17571.283614
2025-06-17,MSF,5521.0
2025-06-17,SOPLADORA,9561.016507
2025-06-18,CELEC_SUR,36147.493836
2025-06-18,MAZAR,2257.607178
2025-06-18,MOLINO,18656.001061
2025-06-18,MSF,5448.75
2025-06-18,SOPLADORA,9785.135597
2025-06-19,CELEC_SUR,38799.993824
2025-06-19,MAZAR,2652.668205
2025-06-19,MOLINO,19561.233884
2025-06-19,MSF,6128.0
2025-06-19,SOPLADORA,10458.091735
2025-06-20,CELEC_SUR,38094.159425
2025-06-20,MAZAR,2400.473557
2025-06-20,MOLINO,19367.331861
2025-06-20,MSF,6260.25
2025-06-20,SOPLADORA,10066.104007
2025-06-21,CELEC_SUR,36740.536558
2025-06-21,MAZAR,2630.648692
2025-06-21,MOLINO,18389.72157
2025-06-21,MSF,6300.0
2025-06-21,SOPLADORA,9420.166296
2025-06-22,CELEC_SUR,26041.815975
2025-06-22,MAZAR,0.0
2025-06-22,MOLINO,15304.263879
2025-06-22,MSF,3838.27
2025-06-22,SOPLADORA,6899.282096
2025-06-23,CELEC_SUR,34515.071078
2025-06-23,MAZAR,2158.361275
2025-06-23,MOLINO,19381.712392
2025-06-23,MSF,3981.87
2025-06-23,SOPLADORA,8993.127411
2025-06-24,CELEC_SUR,35958.552586
2025-06-24,MAZAR,2127.355535
2025-06-24,MOLINO,19315.839957
2025-06-24,MSF,4389.635
2025-06-24,SOPLADORA,10125.722094
2025-06-25,CELEC_SUR,33911.539564
2025-06-25,MAZAR,1417.4289
2025-06-25,MOLINO,18823.261639
2025-06-25,MSF,3651.3
2025-06-25,SOPLADORA,10019.549025
2025-06-26,CELEC_SUR,37310.238335
2025-06-26,MAZAR,3548.343837
2025-06-26,MOLINO,20304.691141
2025-06-26,MSF,3722.59
2025-06-26,SOPLADORA,9734.613357
2025-06-27,CELEC_SUR,35260.984423
2025-06-27,MAZAR,1495.43214
2025-06-27,MOLINO,20285.94543
2025-06-27,MSF,3696.74
2025-06-27,SOPLADORA,9782.866853
2025-06-28,CELEC_SUR,39327.28529
2025-06-28,MAZAR,3132.530227
2025-06-28,MOLINO,20695.591048
2025-06-28,MSF,4737.03
2025-06-28,SOPLADORA,10762.134015
2025-06-29,CELEC_SUR,38207.521066
2025-06-29,MAZAR,2744.31752
2025-06-29,MOLINO,20190.940256
2025-06-29,MSF,4908.8
2025-06-29,SOPLADORA,10363.46329
2025-06-30,CELEC_SUR,37464.644826
2025-06-30,MAZAR,2349.299016
2025-06-30,MOLINO,19673.786099
2025-06-30,MSF,5296.8
2025-06-30,SOPLADORA,10144.759711
2025-07-01,CELEC_SUR,42003.54416
2025-07-01,MAZAR,3949.513118
2025-07-01,MOLINO,21125.902173
2025-07-01,MSF,6125.755
2025-07-01,SOPLADORA,10802.373869
2025-07-02,CELEC_SUR,43686.82201
2025-07-02,MAZAR,3942.116568
2025-07-02,MOLINO,22418.599978
2025-07-02,MSF,6518.25
2025-07-02,SOPLADORA,10807.855464
2025-07-03,CELEC_SUR,43050.110413
2025-07-03,MAZAR,3968.417778
2025-07-03,MOLINO,21774.618122
2025-07-03,MSF,6426.0
2025-07-03,SOPLADORA,10881.074513
2025-07-04,CELEC_SUR,42046.291116
2025-07-04,MAZAR,3815.10283
2025-07-04,MOLINO,21397.565559
2025-07-04,MSF,6009.0
2025-07-04,SOPLADORA,10824.622727
2025-07-05,CELEC_SUR,34527.122845
2025-07-05,MAZAR,312.363087
2025-07-05,MOLINO,19178.300901
2025-07-05,MSF,5027.75
2025-07-05,SOPLADORA,10008.708857
2025-07-06,CELEC_SUR,33552.147678
2025-07-06,MAZAR,387.481194
2025-07-06,MOLINO,19333.849009
2025-07-06,MSF,4342.785
2025-07-06,SOPLADORA,9488.032475
2025-07-07,CELEC_SUR,36511.232022
2025-07-07,MAZAR,1605.295205
2025-07-07,MOLINO,19638.520484
2025-07-07,MSF,5274.5
2025-07-07,SOPLADORA,9992.916333
2025-07-08,CELEC_SUR,37955.884167
2025-07-08,MAZAR,2626.278017
2025-07-08,MOLINO,20802.728476
2025-07-08,MSF,3812.665
2025-07-08,SOPLADORA,10714.212674
2025-07-09,CELEC_SUR,38434.695407
2025-07-09,MAZAR,2523.262002
2025-07-09,MOLINO,20632.84909
2025-07-09,MSF,4384.65
2025-07-09,SOPLADORA,10893.934315
2025-07-10,CELEC_SUR,39232.737683
2025-07-10,MAZAR,2579.482329
2025-07-10,MOLINO,20623.068384
2025-07-10,MSF,5124.71
2025-07-10,SOPLADORA,10905.47697
2025-07-11,CELEC_SUR,38290.890185
2025-07-11,MAZAR,2511.526149
2025-07-11,MOLINO,20197.331205
2025-07-11,MSF,5024.25
2025-07-11,SOPLADORA,10557.782831
2025-07-12,CELEC_SUR,36114.325947
2025-07-12,MAZAR,1908.97029
2025-07-12,MOLINO,19850.585029
2025-07-12,MSF,4428.0
2025-07-12,SOPLADORA,9926.770628
2025-07-13,CELEC_SUR,41568.651332
2025-07-13,MAZAR,4062.853176
2025-07-13,MOLINO,20499.967305
2025-07-13,MSF,6236.69
2025-07-13,SOPLADORA,10769.140851
2025-07-14,CELEC_SUR,40962.838655
2025-07-14,MAZAR,3084.644504
2025-07-14,MOLINO,20726.135867
2025-07-14,MSF,6291.0
2025-07-14,SOPLADORA,10861.058284
2025-07-15,CELEC_SUR,35995.299452
2025-07-15,MAZAR,1337.626257
2025-07-15,MOLINO,19248.573239
2025-07-15,MSF,5323.75
2025-07-15,SOPLADORA,10085.349956
2025-07-16,CELEC_SUR,39495.795935
2025-07-16,MAZAR,1436.236173
2025-07-16,MOLINO,21603.072665
2025-07-16,MSF,5576.95
2025-07-16,SOPLADORA,10879.537097
2025-07-17,CELEC_SUR,35564.618686
2025-07-17,MAZAR,1355.661706
2025-07-17,MOLINO,20096.160595
2025-07-17,MSF,3852.0
2025-07-17,SOPLADORA,10260.796385
2025-07-18,CELEC_SUR,36056.79067
2025-07-18,MAZAR,625.4622
2025-07-18,MOLINO,20479.667678
2025-07-18,MSF,4418.25
2025-07-18,SOPLADORA,10533.410792
2025-07-19,CELEC_SUR,41046.26433
2025-07-19,MAZAR,2005.856599
2025-07-19,MOLINO,21727.49655
2025-07-19,MSF,6409.75
2025-07-19,SOPLADORA,10903.161181
2025-07-20,CELEC_SUR,38553.544254
2025-07-20,MAZAR,1116.968304
2025-07-20,MOLINO,20699.36304
2025-07-20,MSF,6253.0
2025-07-20,SOPLADORA,10484.21291
2025-07-21,CELEC_SUR,37138.675412
2025-07-21,MAZAR,1198.098365
2025-07-21,MOLINO,20772.245518
2025-07-21,MSF,5573.75
2025-07-21,SOPLADORA,9594.581529
2025-07-22,CELEC_SUR,38399.552001
2025-07-22,MAZAR,1401.225023
2025-07-22,MOLINO,21521.82709
2025-07-22,MSF,4720.17
2025-07-22,SOPLADORA,10756.329888
2025-07-23,CELEC_SUR,37244.914466
2025-07-23,MAZAR,1248.636889
2025-07-23,MOLINO,21277.076423
2025-07-23,MSF,3812.25
2025-07-23,SOPLADORA,10906.951154
2025-07-24,CELEC_SUR,36494.707929
2025-07-24,MAZAR,1577.401446
2025-07-24,MOLINO,21021.849435
2025-07-24,MSF,3001.957
2025-07-24,SOPLADORA,10893.500048
2025-07-25,CELEC_SUR,38198.573539
2025-07-25,MAZAR,1126.352991
2025-07-25,MOLINO,20379.248212
2025-07-25,MSF,5982.6
2025-07-25,SOPLADORA,10710.372336
2025-07-26,CELEC_SUR,32799.961244
2025-07-26,MAZAR,0.0
2025-07-26,MOLINO,21001.554589
2025-07-26,MSF,4156.08
2025-07-26,SOPLADORA,7642.326655
2025-07-27,CELEC_SUR,29507.09399
2025-07-27,MAZAR,0.0
2025-07-27,MOLINO,19831.42233
2025-07-27,MSF,893.1
2025-07-27,SOPLADORA,8782.57166
2025-07-28,CELEC_SUR,33882.598194
2025-07-28,MAZAR,1121.723405
2025-07-28,MOLINO,20196.55692
2025-07-28,MSF,2701.3
2025-07-28,SOPLADORA,9863.017869
2025-07-29,CELEC_SUR,35444.490275
2025-07-29,MAZAR,1380.20796
2025-07-29,MOLINO,20745.6333
2025-07-29,MSF,3195.25
2025-07-29,SOPLADORA,10123.399015
2025-07-30,CELEC_SUR,36098.674109
2025-07-30,MAZAR,1301.7502
2025-07-30,MOLINO,21178.066219
2025-07-30,MSF,3036.25
2025-07-30,SOPLADORA,10582.60769
2025-07-31,CELEC_SUR,36596.16279
2025-07-31,MAZAR,2033.926829
2025-07-31,MOLINO,20387.114696
2025-07-31,MSF,3373.5
2025-07-31,SOPLADORA,10801.621265
2025-08-01,CELEC_SUR,35526.072021
2025-08-01,MAZAR,1530.804008
2025-08-01,MOLINO,20163.574126
2025-08-01,MSF,3104.5
2025-08-01,SOPLADORA,10727.193887
2025-08-02,CELEC_SUR,28496.214941
2025-08-02,MAZAR,2397.992487
2025-08-02,MOLINO,15400.685717
2025-08-02,MSF,1951.25
2025-08-02,SOPLADORA,8746.286737
2025-08-03,CELEC_SUR,22809.935689
2025-08-03,MAZAR,1774.560577
2025-08-03,MOLINO,12357.065054
2025-08-03,MSF,1602.75
2025-08-03,SOPLADORA,7075.560058
2025-08-04,CELEC_SUR,32009.894123
2025-08-04,MAZAR,1728.25241
2025-08-04,MOLINO,17192.886083
2025-08-04,MSF,3540.0
2025-08-04,SOPLADORA,9548.75563
2025-08-05,CELEC_SUR,36055.077673
2025-08-05,MAZAR,3376.02795
2025-08-05,MOLINO,18984.316455
2025-08-05,MSF,3097.9
2025-08-05,SOPLADORA,10596.833268
2025-08-06,CELEC_SUR,38312.60406
2025-08-06,MAZAR,3212.205332
2025-08-06,MOLINO,18563.39772
2025-08-06,MSF,6226.065
2025-08-06,SOPLADORA,10310.936008
2025-08-07,CELEC_SUR,38808.617728
2025-08-07,MAZAR,2924.074274
2025-08-07,MOLINO,19287.406457
2025-08-07,MSF,5894.9
2025-08-07,SOPLADORA,10702.236997
2025-08-08,CELEC_SUR,36269.434794
2025-08-08,MAZAR,3654.751026
2025-08-08,MOLINO,19435.244771
2025-08-08,MSF,2386.6
2025-08-08,SOPLADORA,10792.838997
2025-08-09,CELEC_SUR,31372.338392
2025-08-09,MAZAR,1501.039686
2025-08-09,MOLINO,17461.48854
2025-08-09,MSF,2555.28
2025-08-09,SOPLADORA,9854.530166
2025-08-10,CELEC_SUR,25727.93432
2025-08-10,MAZAR,1607.482112
2025-08-10,MOLINO,14078.446372
2025-08-10,MSF,1948.4
2025-08-10,SOPLADORA,8093.605836
2025-08-11,CELEC_SUR,28454.968704
2025-08-11,MAZAR,2556.717397
2025-08-11,MOLINO,15256.845925
2025-08-11,MSF,1897.325
2025-08-11,SOPLADORA,8744.080382
2025-08-12,CELEC_SUR,31523.2534
2025-08-12,MAZAR,2506.129744
2025-08-12,MOLINO,16074.843852
2025-08-12,MSF,3831.75
2025-08-12,SOPLADORA,9110.529804
2025-08-13,CELEC_SUR,37075.513747
2025-08-13,MAZAR,2743.3464
2025-08-13,MOLINO,18941.355203
2025-08-13,MSF,4854.5
2025-08-13,SOPLADORA,10536.312144
2025-08-14,CELEC_SUR,37170.717668
2025-08-14,MAZAR,3030.251787
2025-08-14,MOLINO,19497.720428
2025-08-14,MSF,4017.75
2025-08-14,SOPLADORA,10624.995453
2025-08-15,CELEC_SUR,29154.923332
2025-08-15,MAZAR,1989.980657
2025-08-15,MOLINO,15811.417322
2025-08-15,MSF,2865.25
2025-08-15,SOPLADORA,8488.275353
2025-08-16,CELEC_SUR,35619.67884
2025-08-16,MAZAR,1879.293911
2025-08-16,MOLINO,20080.036835
2025-08-16,MSF,2973.515
2025-08-16,SOPLADORA,10686.833094
2025-08-17,CELEC_SUR,36290.122638
2025-08-17,MAZAR,1897.499218
2025-08-17,MOLINO,20614.082078
2025-08-17,MSF,3096.62
2025-08-17,SOPLADORA,10681.921342
2025-08-18,CELEC_SUR,36121.841732
2025-08-18,MAZAR,2241.374083
2025-08-18,MOLINO,21250.450245
2025-08-18,MSF,2729.75
2025-08-18,SOPLADORA,9900.267404
2025-08-19,CELEC_SUR,36465.125413
2025-08-19,MAZAR,2522.6807
2025-08-19,MOLINO,20567.163867
2025-08-19,MSF,2918.39
2025-08-19,SOPLADORA,10456.890846
2025-08-20,CELEC_SUR,21965.517771
2025-08-20,MAZAR,1866.581557
2025-08-20,MOLINO,11809.488516
2025-08-20,MSF,1521.0
2025-08-20,SOPLADORA,6768.447698
2025-08-21,CELEC_SUR,24575.540364
2025-08-21,MAZAR,1966.25091
2025-08-21,MOLINO,13437.07817
2025-08-21,MSF,1647.29
2025-08-21,SOPLADORA,7524.921284
2025-08-22,CELEC_SUR,27500.480473
2025-08-22,MAZAR,2286.564777
2025-08-22,MOLINO,14709.2138
2025-08-22,MSF,2075.48
2025-08-22,SOPLADORA,8429.221896
2025-08-23,CELEC_SUR,23056.42723
2025-08-23,MAZAR,1523.977201
2025-08-23,MOLINO,12710.974444
2025-08-23,MSF,1573.0
2025-08-23,SOPLADORA,7248.475585
2025-08-24,CELEC_SUR,21759.242768
2025-08-24,MAZAR,1611.48622
2025-08-24,MOLINO,12464.940782
2025-08-24,MSF,663.56
2025-08-24,SOPLADORA,7019.255766
2025-08-25,CELEC_SUR,33078.580404
2025-08-25,MAZAR,3245.093305
2025-08-25,MOLINO,18337.373336
2025-08-25,MSF,2081.9
2025-08-25,SOPLADORA,9414.213763
2025-08-26,CELEC_SUR,38943.919139
2025-08-26,MAZAR,2626.388272
2025-08-26,MOLINO,21425.48232
2025-08-26,MSF,5306.5
2025-08-26,SOPLADORA,9585.548547
2025-08-27,CELEC_SUR,41587.994356
2025-08-27,MAZAR,4081.419676
2025-08-27,MOLINO,20792.528211
2025-08-27,MSF,6231.03
2025-08-27,SOPLADORA,10483.016469
2025-08-28,CELEC_SUR,39697.633164
2025-08-28,MAZAR,3996.589105
2025-08-28,MOLINO,21013.921112
2025-08-28,MSF,3919.75
2025-08-28,SOPLADORA,10767.372947
2025-08-29,CELEC_SUR,35719.746659
2025-08-29,MAZAR,2828.218826
2025-08-29,MOLINO,20232.082399
2025-08-29,MSF,2001.5
2025-08-29,SOPLADORA,10657.945434
2025-08-30,CELEC_SUR,26667.38577
2025-08-30,MAZAR,1952.835715
2025-08-30,MOLINO,14767.830737
2025-08-30,MSF,1483.23
2025-08-30,SOPLADORA,8463.489318
2025-08-31,CELEC_SUR,17072.150689
2025-08-31,MAZAR,1147.713352
2025-08-31,MOLINO,9129.601891
2025-08-31,MSF,1609.75
2025-08-31,SOPLADORA,5185.085446
2025-09-01,CELEC_SUR,23301.587599
2025-09-01,MAZAR,1791.087219
2025-09-01,MOLINO,12931.410863
2025-09-01,MSF,1297.5
2025-09-01,SOPLADORA,7281.589517
2025-09-02,CELEC_SUR,28658.517279
2025-09-02,MAZAR,2393.622358
2025-09-02,MOLINO,16300.411855
2025-09-02,MSF,1461.5
2025-09-02,SOPLADORA,8502.983066
2025-09-03,CELEC_SUR,40163.022865
2025-09-03,MAZAR,3703.23037
2025-09-03,MOLINO,21027.895252
2025-09-03,MSF,4533.23
2025-09-03,SOPLADORA,10898.667243
2025-09-04,CELEC_SUR,35616.948248
2025-09-04,MAZAR,2399.142729
2025-09-04,MOLINO,19747.487152
2025-09-04,MSF,2941.0
2025-09-04,SOPLADORA,10529.318367
2025-09-05,CELEC_SUR,21964.415611
2025-09-05,MAZAR,1286.228107
2025-09-05,MOLINO,12588.063222
2025-09-05,MSF,982.4
2025-09-05,SOPLADORA,7107.724282
2025-09-06,CELEC_SUR,18832.80276
2025-09-06,MAZAR,1832.442616
2025-09-06,MOLINO,10137.944759
2025-09-06,MSF,1282.95
2025-09-06,SOPLADORA,5579.465385
2025-09-07,CELEC_SUR,22112.619275
2025-09-07,MAZAR,1936.696754
2025-09-07,MOLINO,11880.834549
2025-09-07,MSF,1519.39
2025-09-07,SOPLADORA,6775.697972
2025-09-08,CELEC_SUR,22637.381882
2025-09-08,MAZAR,1103.505514
2025-09-08,MOLINO,12725.077646
2025-09-08,MSF,1679.4
2025-09-08,SOPLADORA,7129.398722
2025-09-09,CELEC_SUR,20925.991487
2025-09-09,MAZAR,1843.807092
2025-09-09,MOLINO,11402.440739
2025-09-09,MSF,1186.75
2025-09-09,SOPLADORA,6492.993656
2025-09-10,CELEC_SUR,32357.647817
2025-09-10,MAZAR,3007.386438
2025-09-10,MOLINO,18288.312026
2025-09-10,MSF,1967.0
2025-09-10,SOPLADORA,9094.949353
2025-09-11,CELEC_SUR,38922.893078
2025-09-11,MAZAR,2639.160868
2025-09-11,MOLINO,21343.606506
2025-09-11,MSF,4128.5
2025-09-11,SOPLADORA,10811.625704
2025-09-12,CELEC_SUR,34526.245585
2025-09-12,MAZAR,2489.342973
2025-09-12,MOLINO,19419.341703
2025-09-12,MSF,2537.33
2025-09-12,SOPLADORA,10080.230909
2025-09-13,CELEC_SUR,30648.49312
2025-09-13,MAZAR,1131.764724
2025-09-13,MOLINO,17048.044286
2025-09-13,MSF,2741.25
2025-09-13,SOPLADORA,9727.43411
2025-09-14,CELEC_SUR,24039.086994
2025-09-14,MAZAR,0.0
2025-09-14,MOLINO,13215.835817
2025-09-14,MSF,3856.0
2025-09-14,SOPLADORA,6967.251177
2025-09-15,CELEC_SUR,32250.019186
2025-09-15,MAZAR,2384.328262
2025-09-15,MOLINO,17355.658021
2025-09-15,MSF,2623.75
2025-09-15,SOPLADORA,9886.282903
2025-09-16,CELEC_SUR,33196.769002
2025-09-16,MAZAR,2698.821015
2025-09-16,MOLINO,17998.602254
2025-09-16,MSF,2496.55
2025-09-16,SOPLADORA,10002.795733
2025-09-17,CELEC_SUR,34190.343117
2025-09-17,MAZAR,2670.424313
2025-09-17,MOLINO,18564.301431
2025-09-17,MSF,2715.75
2025-09-17,SOPLADORA,10239.867373
2025-09-18,CELEC_SUR,35221.356118
2025-09-18,MAZAR,3192.682349
2025-09-18,MOLINO,18659.368622
2025-09-18,MSF,3191.45
2025-09-18,SOPLADORA,10177.855147
2025-09-19,CELEC_SUR,35286.296729
2025-09-19,MAZAR,2385.808501
2025-09-19,MOLINO,19228.203226
2025-09-19,MSF,2966.75
2025-09-19,SOPLADORA,10705.535002
2025-09-20,CELEC_SUR,32295.239974
2025-09-20,MAZAR,2740.217886
2025-09-20,MOLINO,17718.655962
2025-09-20,MSF,1988.5
2025-09-20,SOPLADORA,9847.866126
2025-09-21,CELEC_SUR,27491.324699
2025-09-21,MAZAR,2337.336824
2025-09-21,MOLINO,15485.756352
2025-09-21,MSF,794.75
2025-09-21,SOPLADORA,8873.481523
2025-09-22,CELEC_SUR,26881.575933
2025-09-22,MAZAR,1854.039371
2025-09-22,MOLINO,14750.513976
2025-09-22,MSF,2308.15
2025-09-22,SOPLADORA,7968.872586
2025-09-23,CELEC_SUR,24629.193803
2025-09-23,MAZAR,1478.277318
2025-09-23,MOLINO,13842.344272
2025-09-23,MSF,1350.75
2025-09-23,SOPLADORA,7957.822213
2025-09-24,CELEC_SUR,20380.843444
2025-09-24,MAZAR,1632.492937
2025-09-24,MOLINO,11082.525291
2025-09-24,MSF,1464.25
2025-09-24,SOPLADORA,6201.575216
2025-09-25,CELEC_SUR,28883.312847
2025-09-25,MAZAR,2309.430194
2025-09-25,MOLINO,16516.681776
2025-09-25,MSF,2171.91
2025-09-25,SOPLADORA,7885.290877
2025-09-26,CELEC_SUR,39054.945437
2025-09-26,MAZAR,2368.709199
2025-09-26,MOLINO,22371.13815
2025-09-26,MSF,3437.24
2025-09-26,SOPLADORA,10877.858088
2025-09-27,CELEC_SUR,37816.028511
2025-09-27,MAZAR,2472.186867
2025-09-27,MOLINO,20232.88357
2025-09-27,MSF,4337.0
2025-09-27,SOPLADORA,10773.958074
2025-09-28,CELEC_SUR,30633.71486
2025-09-28,MAZAR,790.89918
2025-09-28,MOLINO,17546.331083
2025-09-28,MSF,2542.0
2025-09-28,SOPLADORA,9754.484597
2025-09-29,CELEC_SUR,34403.857963
2025-09-29,MAZAR,2931.421887
2025-09-29,MOLINO,19105.549181
2025-09-29,MSF,2289.5
2025-09-29,SOPLADORA,10077.386895
2025-09-30,CELEC_SUR,31517.884871
2025-09-30,MAZAR,2583.654839
2025-09-30,MOLINO,17793.285796
2025-09-30,MSF,1687.3
2025-09-30,SOPLADORA,9453.644236
2025-10-01,CELEC_SUR,27149.706471
2025-10-01,MAZAR,2204.681321
2025-10-01,MOLINO,16161.475643
2025-10-01,MSF,1976.45
2025-10-01,SOPLADORA,6807.099507
2025-10-02,CELEC_SUR,27646.258778
2025-10-02,MAZAR,2002.049193
2025-10-02,MOLINO,16690.052432
2025-10-02,MSF,2005.26
2025-10-02,SOPLADORA,6948.897153
2025-10-03,CELEC_SUR,28197.553412
2025-10-03,MAZAR,1997.011384
2025-10-03,MOLINO,17599.147754
2025-10-03,MSF,1583.7
2025-10-03,SOPLADORA,7017.694274
2025-10-04,CELEC_SUR,28643.300241
2025-10-04,MAZAR,1341.614382
2025-10-04,MOLINO,17736.128647
2025-10-04,MSF,2730.0
2025-10-04,SOPLADORA,6835.557212
2025-10-05,CELEC_SUR,29038.677374
2025-10-05,MAZAR,1791.890026
2025-10-05,MOLINO,18838.520815
2025-10-05,MSF,1454.5
2025-10-05,SOPLADORA,6953.766533
2025-10-06,CELEC_SUR,29717.15716
2025-10-06,MAZAR,2356.925233
2025-10-06,MOLINO,18929.403144
2025-10-06,MSF,1411.25
2025-10-06,SOPLADORA,7019.578783
2025-10-07,CELEC_SUR,30716.047205
2025-10-07,MAZAR,3174.837118
2025-10-07,MOLINO,18871.076151
2025-10-07,MSF,1657.25
2025-10-07,SOPLADORA,7012.883936
2025-10-08,CELEC_SUR,29696.21957
2025-10-08,MAZAR,2276.462227
2025-10-08,MOLINO,17937.061249
2025-10-08,MSF,2470.0
2025-10-08,SOPLADORA,7012.696094
2025-10-09,CELEC_SUR,19126.157431
2025-10-09,MAZAR,1930.065144
2025-10-09,MOLINO,10334.07267
2025-10-09,MSF,1425.22
2025-10-09,SOPLADORA,5436.799617
2025-10-10,CELEC_SUR,21214.195839
2025-10-10,MAZAR,1488.527288
2025-10-10,MOLINO,12425.046979
2025-10-10,MSF,1001.0
2025-10-10,SOPLADORA,6299.621572
2025-10-11,CELEC_SUR,20913.136362
2025-10-11,MAZAR,564.913421
2025-10-11,MOLINO,10843.689472
2025-10-11,MSF,3729.25
2025-10-11,SOPLADORA,5775.283469
2025-10-12,CELEC_SUR,20455.125424
2025-10-12,MAZAR,341.205774
2025-10-12,MOLINO,11300.439556
2025-10-12,MSF,2950.75
2025-10-12,SOPLADORA,5862.730094
2025-10-13,CELEC_SUR,29770.005435
2025-10-13,MAZAR,1762.52592
2025-10-13,MOLINO,18960.261863
2025-10-13,MSF,2402.25
2025-10-13,SOPLADORA,6644.967652
2025-10-14,CELEC_SUR,29916.905159
2025-10-14,MAZAR,2016.007574
2025-10-14,MOLINO,18560.8226
2025-10-14,MSF,2902.0
2025-10-14,SOPLADORA,6438.074985
2025-10-15,CELEC_SUR,30955.478314
2025-10-15,MAZAR,2698.456786
2025-10-15,MOLINO,17697.678148
2025-10-15,MSF,1846.94
2025-10-15,SOPLADORA,8712.40338
2025-10-16,CELEC_SUR,33872.893228
2025-10-16,MAZAR,2549.604393
2025-10-16,MOLINO,18340.574486
2025-10-16,MSF,2718.8
2025-10-16,SOPLADORA,10263.914349
2025-10-17,CELEC_SUR,36655.453907
2025-10-17,MAZAR,3253.688392
2025-10-17,MOLINO,20229.401622
2025-10-17,MSF,2444.5
2025-10-17,SOPLADORA,10727.863893
2025-10-18,CELEC_SUR,28279.93425
2025-10-18,MAZAR,2354.691539
2025-10-18,MOLINO,15627.68515
2025-10-18,MSF,1432.5
2025-10-18,SOPLADORA,8865.057561
2025-10-19,CELEC_SUR,21976.590602
2025-10-19,MAZAR,1197.71368
2025-10-19,MOLINO,11074.754237
2025-10-19,MSF,3403.0
2025-10-19,SOPLADORA,6301.122685
2025-10-20,CELEC_SUR,24709.293114
2025-10-20,MAZAR,2079.293595
2025-10-20,MOLINO,12817.539793
2025-10-20,MSF,2577.485
2025-10-20,SOPLADORA,7234.974726
2025-10-21,CELEC_SUR,25305.964573
2025-10-21,MAZAR,1702.574593
2025-10-21,MOLINO,13888.755376
2025-10-21,MSF,1820.25
2025-10-21,SOPLADORA,7894.384604
2025-10-22,CELEC_SUR,24246.013017
2025-10-22,MAZAR,1580.590963
2025-10-22,MOLINO,13554.338238
2025-10-22,MSF,1625.5
2025-10-22,SOPLADORA,7485.583816
2025-10-23,CELEC_SUR,27149.310337
2025-10-23,MAZAR,2287.862382
2025-10-23,MOLINO,15002.650577
2025-10-23,MSF,1333.58
2025-10-23,SOPLADORA,8525.217378
2025-10-24,CELEC_SUR,22384.806214
2025-10-24,MAZAR,2028.157492
2025-10-24,MOLINO,11839.825368
2025-10-24,MSF,1870.28
2025-10-24,SOPLADORA,6646.543354
2025-10-25,CELEC_SUR,20706.933674
2025-10-25,MAZAR,1293.506941
2025-10-25,MOLINO,11341.588275
2025-10-25,MSF,1588.5
2025-10-25,SOPLADORA,6483.338458
2025-10-26,CELEC_SUR,16006.391143
2025-10-26,MAZAR,1148.660396
2025-10-26,MOLINO,8567.162975
2025-10-26,MSF,1553.75
2025-10-26,SOPLADORA,4736.817772
2025-10-27,CELEC_SUR,13772.762802
2025-10-27,MAZAR,773.294548
2025-10-27,MOLINO,7374.062163
2025-10-27,MSF,1559.75
2025-10-27,SOPLADORA,4065.656091
2025-10-28,CELEC_SUR,24964.783848
2025-10-28,MAZAR,2194.889549
2025-10-28,MOLINO,13269.595617
2025-10-28,MSF,1936.85
2025-10-28,SOPLADORA,7563.448682
2025-10-29,CELEC_SUR,26810.178888
2025-10-29,MAZAR,872.369177
2025-10-29,MOLINO,15869.500896
2025-10-29,MSF,1177.94
2025-10-29,SOPLADORA,8890.368815
2025-10-30,CELEC_SUR,30814.570236
2025-10-30,MAZAR,0.0
2025-10-30,MOLINO,18605.369251
2025-10-30,MSF,2164.36
2025-10-30,SOPLADORA,10044.840985
2025-10-31,CELEC_SUR,29000.258844
2025-10-31,MAZAR,0.0
2025-10-31,MOLINO,18520.195522
2025-10-31,MSF,2151.5
2025-10-31,SOPLADORA,8328.563322
2025-11-01,CELEC_SUR,26340.369215
2025-11-01,MAZAR,51.93732
2025-11-01,MOLINO,18179.626976
2025-11-01,MSF,1606.98
2025-11-01,SOPLADORA,6501.824919
2025-11-02,CELEC_SUR,37683.385624
2025-11-02,MAZAR,3931.645845
2025-11-02,MOLINO,20422.424673
2025-11-02,MSF,2716.75
2025-11-02,SOPLADORA,10612.565106
2025-11-03,CELEC_SUR,35944.903872
2025-11-03,MAZAR,2710.212132
2025-11-03,MOLINO,20369.943599
2025-11-03,MSF,2329.13
2025-11-03,SOPLADORA,10535.618141
2025-11-04,CELEC_SUR,28528.261043
2025-11-04,MAZAR,0.0
2025-11-04,MOLINO,17210.856711
2025-11-04,MSF,2584.75
2025-11-04,SOPLADORA,8732.654332
2025-11-05,CELEC_SUR,32407.968179
2025-11-05,MAZAR,0.0
2025-11-05,MOLINO,19892.627644
2025-11-05,MSF,3680.2
2025-11-05,SOPLADORA,8835.140535
2025-11-06,CELEC_SUR,32349.557536
2025-11-06,MAZAR,740.237661
2025-11-06,MOLINO,18799.006868
2025-11-06,MSF,3958.0
2025-11-06,SOPLADORA,8852.313007
2025-11-07,CELEC_SUR,34922.9951
2025-11-07,MAZAR,1476.36114
2025-11-07,MOLINO,19961.221313
2025-11-07,MSF,2949.001
2025-11-07,SOPLADORA,10536.411647
2025-11-08,CELEC_SUR,31296.679541
2025-11-08,MAZAR,1157.451632
2025-11-08,MOLINO,17382.109455
2025-11-08,MSF,3094.275
2025-11-08,SOPLADORA,9662.843454
2025-11-09,CELEC_SUR,27760.863102
2025-11-09,MAZAR,1060.190843
2025-11-09,MOLINO,16402.270225
2025-11-09,MSF,1055.25
2025-11-09,SOPLADORA,9243.152034
2025-11-10,CELEC_SUR,29595.248185
2025-11-10,MAZAR,1495.504916
2025-11-10,MOLINO,17452.598477
2025-11-10,MSF,1191.0
2025-11-10,SOPLADORA,9456.144792
2025-11-11,CELEC_SUR,30932.020359
2025-11-11,MAZAR,1228.45562
2025-11-11,MOLINO,17248.646419
2025-11-11,MSF,3174.77
2025-11-11,SOPLADORA,9280.14832
2025-11-12,CELEC_SUR,31184.129861
2025-11-12,MAZAR,1746.411489
2025-11-12,MOLINO,17082.342042
2025-11-12,MSF,2725.75
2025-11-12,SOPLADORA,9629.62633
2025-11-13,CELEC_SUR,30082.999131
2025-11-13,MAZAR,1827.655771
2025-11-13,MOLINO,16707.490037
2025-11-13,MSF,2010.48
2025-11-13,SOPLADORA,9537.373323
2025-11-14,CELEC_SUR,34470.90095
2025-11-14,MAZAR,3013.729176
2025-11-14,MOLINO,18415.241143
2025-11-14,MSF,3022.5
2025-11-14,SOPLADORA,10019.430631
2025-11-15,CELEC_SUR,27215.375307
2025-11-15,MAZAR,1141.797209
2025-11-15,MOLINO,15049.775957
2025-11-15,MSF,2396.0
2025-11-15,SOPLADORA,8627.802141
2025-11-16,CELEC_SUR,24683.690402
2025-11-16,MAZAR,69.088478
2025-11-16,MOLINO,13899.891936
2025-11-16,MSF,2710.5
2025-11-16,SOPLADORA,8004.209988
2025-11-17,CELEC_SUR,31072.730377
2025-11-17,MAZAR,3001.884191
2025-11-17,MOLINO,16051.864859
2025-11-17,MSF,2865.215
2025-11-17,SOPLADORA,9153.766327
2025-11-18,CELEC_SUR,32039.103723
2025-11-18,MAZAR,2320.159874
2025-11-18,MOLINO,16982.445508
2025-11-18,MSF,3090.25
2025-11-18,SOPLADORA,9646.248341
2025-11-19,CELEC_SUR,31651.293197
2025-11-19,MAZAR,2366.312233
2025-11-19,MOLINO,16420.099529
2025-11-19,MSF,3472.0
2025-11-19,SOPLADORA,9392.881435
2025-11-20,CELEC_SUR,28572.863361
2025-11-20,MAZAR,862.158038
2025-11-20,MOLINO,14584.795175
2025-11-20,MSF,4726.753
2025-11-20,SOPLADORA,8399.157148
2025-11-21,CELEC_SUR,30437.802276
2025-11-21,MAZAR,1239.279089
2025-11-21,MOLINO,17028.316962
2025-11-21,MSF,4459.75
2025-11-21,SOPLADORA,7710.456225
2025-11-22,CELEC_SUR,26932.428284
2025-11-22,MAZAR,1459.440951
2025-11-22,MOLINO,15055.193357
2025-11-22,MSF,2683.416
2025-11-22,SOPLADORA,7734.377976
2025-11-23,CELEC_SUR,24184.658746
2025-11-23,MAZAR,41.977035
2025-11-23,MOLINO,13287.928199
2025-11-23,MSF,3346.5
2025-11-23,SOPLADORA,7508.253512
2025-11-24,CELEC_SUR,25863.427271
2025-11-24,MAZAR,2108.808666
2025-11-24,MOLINO,12427.58282
2025-11-24,MSF,4626.753
2025-11-24,SOPLADORA,6700.282785
2025-11-25,CELEC_SUR,27838.954509
2025-11-25,MAZAR,1458.134475
2025-11-25,MOLINO,14973.166191
2025-11-25,MSF,4107.78
2025-11-25,SOPLADORA,7299.873843
2025-11-26,CELEC_SUR,28679.160963
2025-11-26,MAZAR,2393.157399
2025-11-26,MOLINO,15717.538753
2025-11-26,MSF,3208.45
2025-11-26,SOPLADORA,7360.014811
2025-11-27,CELEC_SUR,28642.778679
2025-11-27,MAZAR,1693.039147
2025-11-27,MOLINO,16838.956405
2025-11-27,MSF,2334.0
2025-11-27,SOPLADORA,7776.783127
2025-11-28,CELEC_SUR,31916.330377
2025-11-28,MAZAR,1620.079431
2025-11-28,MOLINO,18441.3017
2025-11-28,MSF,4065.5
2025-11-28,SOPLADORA,7789.449246
2025-11-29,CELEC_SUR,35555.424245
2025-11-29,MAZAR,1860.726077
2025-11-29,MOLINO,19750.187433
2025-11-29,MSF,6159.26
2025-11-29,SOPLADORA,7785.250735
2025-11-30,CELEC_SUR,25349.544459
2025-11-30,MAZAR,0.0
2025-11-30,MOLINO,13823.609442
2025-11-30,MSF,4333.0
2025-11-30,SOPLADORA,7192.935017
2025-12-01,CELEC_SUR,27826.456828
2025-12-01,MAZAR,1669.319226
2025-12-01,MOLINO,14804.621842
2025-12-01,MSF,4070.53
2025-12-01,SOPLADORA,7281.98576
2025-12-02,CELEC_SUR,29611.824936
2025-12-02,MAZAR,3152.585475
2025-12-02,MOLINO,15651.197029
2025-12-02,MSF,3387.0
2025-12-02,SOPLADORA,7421.042432
2025-12-03,CELEC_SUR,31988.718063
2025-12-03,MAZAR,3364.536462
2025-12-03,MOLINO,17525.462746
2025-12-03,MSF,3392.5
2025-12-03,SOPLADORA,7706.218855
2025-12-04,CELEC_SUR,28272.02331
2025-12-04,MAZAR,1978.340736
2025-12-04,MOLINO,16703.911256
2025-12-04,MSF,1909.725
2025-12-04,SOPLADORA,7680.046318
2025-12-05,CELEC_SUR,29224.077618
2025-12-05,MAZAR,2595.153024
2025-12-05,MOLINO,17181.167675
2025-12-05,MSF,1853.0
2025-12-05,SOPLADORA,7594.756919
2025-12-06,CELEC_SUR,19776.410166
2025-12-06,MAZAR,2076.015748
2025-12-06,MOLINO,9956.644044
2025-12-06,MSF,2464.0
2025-12-06,SOPLADORA,5279.750374
2025-12-07,CELEC_SUR,15437.984008
2025-12-07,MAZAR,1460.211973
2025-12-07,MOLINO,8231.98633
2025-12-07,MSF,1203.23
2025-12-07,SOPLADORA,4542.555705
2025-12-08,CELEC_SUR,23048.098526
2025-12-08,MAZAR,2224.127013
2025-12-08,MOLINO,13520.179722
2025-12-08,MSF,735.75
2025-12-08,SOPLADORA,6568.041791
2025-12-09,CELEC_SUR,20530.375974
2025-12-09,MAZAR,1698.326033
2025-12-09,MOLINO,11991.865442
2025-12-09,MSF,761.45
2025-12-09,SOPLADORA,6078.734499
2025-12-10,CELEC_SUR,18035.906292
2025-12-10,MAZAR,1314.943348
2025-12-10,MOLINO,10746.547981
2025-12-10,MSF,891.65
2025-12-10,SOPLADORA,5082.764963
2025-12-11,CELEC_SUR,18867.336307
2025-12-11,MAZAR,1632.016478
2025-12-11,MOLINO,11031.794932
2025-12-11,MSF,530.65
2025-12-11,SOPLADORA,5672.874897
2025-12-12,CELEC_SUR,17682.49487
2025-12-12,MAZAR,1602.354501
2025-12-12,MOLINO,9892.447819
2025-12-12,MSF,589.0
2025-12-12,SOPLADORA,5598.69255
2025-12-13,CELEC_SUR,13903.508744
2025-12-13,MAZAR,1064.366195
2025-12-13,MOLINO,7927.640216
2025-12-13,MSF,377.25
2025-12-13,SOPLADORA,4534.252333
2025-12-14,CELEC_SUR,14195.683158
2025-12-14,MAZAR,1641.114233
2025-12-14,MOLINO,7593.289942
2025-12-14,MSF,768.75
2025-12-14,SOPLADORA,4192.528983
2025-12-15,CELEC_SUR,23211.580441
2025-12-15,MAZAR,2546.534618
2025-12-15,MOLINO,13248.575062
2025-12-15,MSF,1284.75
2025-12-15,SOPLADORA,6131.720761
2025-12-16,CELEC_SUR,23810.632386
2025-12-16,MAZAR,2256.514696
2025-12-16,MOLINO,13521.358367
2025-12-16,MSF,1316.7
2025-12-16,SOPLADORA,6716.059323
2025-12-17,CELEC_SUR,25906.411023
2025-12-17,MAZAR,3027.575251
2025-12-17,MOLINO,15130.416927
2025-12-17,MSF,1060.55
2025-12-17,SOPLADORA,6687.868845
2025-12-18,CELEC_SUR,25888.952481
2025-12-18,MAZAR,3057.048432
2025-12-18,MOLINO,14859.911548
2025-12-18,MSF,1284.5
2025-12-18,SOPLADORA,6687.492501
2025-12-19,CELEC_SUR,24602.191702
2025-12-19,MAZAR,2101.533391
2025-12-19,MOLINO,13790.514097
2025-12-19,MSF,1872.25
2025-12-19,SOPLADORA,6837.894214
2025-12-20,CELEC_SUR,17879.564021
2025-12-20,MAZAR,2047.766436
2025-12-20,MOLINO,8768.904186
2025-12-20,MSF,2378.5
2025-12-20,SOPLADORA,4684.393399
2025-12-21,CELEC_SUR,10351.034544
2025-12-21,MAZAR,1773.946285
2025-12-21,MOLINO,4189.31884
2025-12-21,MSF,1951.025
2025-12-21,SOPLADORA,2436.744419
2025-12-22,CELEC_SUR,26834.966999
2025-12-22,MAZAR,2668.631266
2025-12-22,MOLINO,15895.97671
2025-12-22,MSF,2061.85
2025-12-22,SOPLADORA,6208.509023
2025-12-23,CELEC_SUR,28223.227777
2025-12-23,MAZAR,3256.962826
2025-12-23,MOLINO,17280.422328
2025-12-23,MSF,293.75
2025-12-23,SOPLADORA,7392.092623
2025-12-24,CELEC_SUR,24205.762251
2025-12-24,MAZAR,2501.676013
2025-12-24,MOLINO,13620.847488
2025-12-24,MSF,609.0
2025-12-24,SOPLADORA,7474.23875
2025-12-25,CELEC_SUR,15676.926795
2025-12-25,MAZAR,1413.313552
2025-12-25,MOLINO,8507.080136
2025-12-25,MSF,881.55
2025-12-25,SOPLADORA,4874.983107
2025-12-26,CELEC_SUR,28646.5984
2025-12-26,MAZAR,2536.180588
2025-12-26,MOLINO,17289.004602
2025-12-26,MSF,1937.25
2025-12-26,SOPLADORA,6884.16321
2025-12-27,CELEC_SUR,20874.036417
2025-12-27,MAZAR,2660.566748
2025-12-27,MOLINO,11426.144814
2025-12-27,MSF,437.99
2025-12-27,SOPLADORA,6349.334855
2025-12-28,CELEC_SUR,18074.409858
2025-12-28,MAZAR,1710.884824
2025-12-28,MOLINO,9927.647846
2025-12-28,MSF,751.5
2025-12-28,SOPLADORA,5684.377188
2025-12-29,CELEC_SUR,27313.697453
2025-12-29,MAZAR,3097.524901
2025-12-29,MOLINO,16300.087513
2025-12-29,MSF,889.55
2025-12-29,SOPLADORA,7026.535039
2025-12-30,CELEC_SUR,20909.4633
2025-12-30,MAZAR,2574.556615
2025-12-30,MOLINO,12270.422975
2025-12-30,MSF,173.6
2025-12-30,SOPLADORA,5890.88371
2025-12-31,CELEC_SUR,9926.155419
2025-12-31,MAZAR,625.927285
2025-12-31,MOLINO,5684.162326
2025-12-31,MSF,345.5
2025-12-31,SOPLADORA,3270.565808
2026-01-01,CELEC_SUR,5886.740937
2026-01-01,MAZAR,0.0
2026-01-01,MOLINO,3358.493897
2026-01-01,MSF,2070.26
2026-01-01,SOPLADORA,457.98704
2026-01-02,CELEC_SUR,6547.309352
2026-01-02,MAZAR,356.592964
2026-01-02,MOLINO,3861.066332
2026-01-02,MSF,1304.75
2026-01-02,SOPLADORA,1024.900056
2026-01-03,CELEC_SUR,11704.778484
2026-01-03,MAZAR,830.188971
2026-01-03,MOLINO,6057.894805
2026-01-03,MSF,1341.0
2026-01-03,SOPLADORA,3475.694708
2026-01-04,CELEC_SUR,10767.169996
2026-01-04,MAZAR,1472.456218
2026-01-04,MOLINO,4994.848203
2026-01-04,MSF,1477.5
2026-01-04,SOPLADORA,2822.365575
2026-01-05,CELEC_SUR,24205.037014
2026-01-05,MAZAR,2426.779078
2026-01-05,MOLINO,17087.462528
2026-01-05,MSF,1099.0
2026-01-05,SOPLADORA,3591.795408
2026-01-06,CELEC_SUR,19952.340396
2026-01-06,MAZAR,2403.722029
2026-01-06,MOLINO,13052.854166
2026-01-06,MSF,710.97
2026-01-06,SOPLADORA,3784.794201
2026-01-07,CELEC_SUR,21661.797404
2026-01-07,MAZAR,2045.250222
2026-01-07,MOLINO,14726.322684
2026-01-07,MSF,1086.35
2026-01-07,SOPLADORA,3803.874498
2026-01-08,CELEC_SUR,22134.410119
2026-01-08,MAZAR,3263.102364
2026-01-08,MOLINO,14097.22731
2026-01-08,MSF,895.5
2026-01-08,SOPLADORA,3878.580445
2026-01-09,CELEC_SUR,8313.318652
2026-01-09,MAZAR,762.288979
2026-01-09,MOLINO,4688.638257
2026-01-09,MSF,234.75
2026-01-09,SOPLADORA,2627.641416
2026-01-10,CELEC_SUR,6350.656472
2026-01-10,MAZAR,0.0
2026-01-10,MOLINO,3387.376451
2026-01-10,MSF,992.0
2026-01-10,SOPLADORA,1971.280021
2026-01-11,CELEC_SUR,4816.350343
2026-01-11,MAZAR,0.0
2026-01-11,MOLINO,1972.38469
2026-01-11,MSF,1761.2
2026-01-11,SOPLADORA,1082.765653
2026-01-12,CELEC_SUR,10968.85571
2026-01-12,MAZAR,325.782423
2026-01-12,MOLINO,3414.16884
2026-01-12,MSF,5245.25
2026-01-12,SOPLADORA,1983.654447
2026-01-13,CELEC_SUR,11693.303983
2026-01-13,MAZAR,796.842038
2026-01-13,MOLINO,3651.384481
2026-01-13,MSF,5169.75
2026-01-13,SOPLADORA,2075.327464
2026-01-14,CELEC_SUR,9573.544977
2026-01-14,MAZAR,0.0
2026-01-14,MOLINO,2442.47345
2026-01-14,MSF,5730.0
2026-01-14,SOPLADORA,1401.071527
2026-01-15,CELEC_SUR,8513.081625
2026-01-15,MAZAR,0.0
2026-01-15,MOLINO,1612.815269
2026-01-15,MSF,5982.56
2026-01-15,SOPLADORA,917.706356
2026-01-16,CELEC_SUR,10116.141519
2026-01-16,MAZAR,0.0
2026-01-16,MOLINO,2422.624826
2026-01-16,MSF,6297.75
2026-01-16,SOPLADORA,1395.766693
2026-01-17,CELEC_SUR,14076.009751
2026-01-17,MAZAR,0.0
2026-01-17,MOLINO,5754.677515
2026-01-17,MSF,5108.0
2026-01-17,SOPLADORA,3213.332236
2026-01-18,CELEC_SUR,16149.124624
2026-01-18,MAZAR,0.0
2026-01-18,MOLINO,6379.945333
2026-01-18,MSF,6306.75
2026-01-18,SOPLADORA,3462.429291
2026-01-19,CELEC_SUR,13203.805246
2026-01-19,MAZAR,0.0
2026-01-19,MOLINO,5986.457741
2026-01-19,MSF,3794.24
2026-01-19,SOPLADORA,3423.107505
2026-01-20,CELEC_SUR,17455.095779
2026-01-20,MAZAR,910.985491
2026-01-20,MOLINO,8864.440329
2026-01-20,MSF,2626.5
2026-01-20,SOPLADORA,5053.169959
2026-01-21,CELEC_SUR,17925.973404
2026-01-21,MAZAR,965.065224
2026-01-21,MOLINO,9279.419402
2026-01-21,MSF,2281.0
2026-01-21,SOPLADORA,5400.488778
2026-01-22,CELEC_SUR,16695.486849
2026-01-22,MAZAR,1412.71092
2026-01-22,MOLINO,7381.491196
2026-01-22,MSF,3593.5
2026-01-22,SOPLADORA,4307.784733
2026-01-23,CELEC_SUR,15329.760015
2026-01-23,MAZAR,46.316595
2026-01-23,MOLINO,7337.577904
2026-01-23,MSF,3694.75
2026-01-23,SOPLADORA,4251.115516
2026-01-24,CELEC_SUR,18723.816212
2026-01-24,MAZAR,1057.393221
2026-01-24,MOLINO,8203.027337
2026-01-24,MSF,4702.82
2026-01-24,SOPLADORA,4760.575654
2026-01-25,CELEC_SUR,13030.885064
2026-01-25,MAZAR,1161.292626
2026-01-25,MOLINO,3605.255223
2026-01-25,MSF,6183.75
2026-01-25,SOPLADORA,2080.587215
2026-01-26,CELEC_SUR,14801.018254
2026-01-26,MAZAR,36.794931
2026-01-26,MOLINO,5224.996579
2026-01-26,MSF,6507.1
2026-01-26,SOPLADORA,3032.126744
2026-01-27,CELEC_SUR,16005.880988
2026-01-27,MAZAR,464.47988
2026-01-27,MOLINO,6038.499603
2026-01-27,MSF,6028.25
2026-01-27,SOPLADORA,3474.651505
2026-01-28,CELEC_SUR,18738.838541
2026-01-28,MAZAR,0.0
2026-01-28,MOLINO,8869.935604
2026-01-28,MSF,4792.0
2026-01-28,SOPLADORA,5076.902937
2026-01-29,CELEC_SUR,16807.031856
2026-01-29,MAZAR,707.857028
2026-01-29,MOLINO,6192.124674
2026-01-29,MSF,6304.25
2026-01-29,SOPLADORA,3602.800154
2026-01-30,CELEC_SUR,14652.205451
2026-01-30,MAZAR,188.339832
2026-01-30,MOLINO,5148.718059
2026-01-30,MSF,6348.2
2026-01-30,SOPLADORA,2966.94756
2026-01-31,CELEC_SUR,8147.363782
2026-01-31,MAZAR,0.0
2026-01-31,MOLINO,2401.070811
2026-01-31,MSF,4347.95
2026-01-31,SOPLADORA,1398.342971
2026-02-01,CELEC_SUR,7425.004837
2026-02-01,MAZAR,515.299448
2026-02-01,MOLINO,1625.635873
2026-02-01,MSF,4353.5
2026-02-01,SOPLADORA,930.569516
2026-02-02,CELEC_SUR,23668.195996
2026-02-02,MAZAR,0.0
2026-02-02,MOLINO,12877.782579
2026-02-02,MSF,4248.503
2026-02-02,SOPLADORA,6541.910417
2026-02-03,CELEC_SUR,29342.697481
2026-02-03,MAZAR,461.300412
2026-02-03,MOLINO,18497.255399
2026-02-03,MSF,5039.0
2026-02-03,SOPLADORA,5345.14167
2026-02-04,CELEC_SUR,30807.293168
2026-02-04,MAZAR,451.620523
2026-02-04,MOLINO,19038.224743
2026-02-04,MSF,5180.653
2026-02-04,SOPLADORA,6136.794902
2026-02-05,CELEC_SUR,37001.088146
2026-02-05,MAZAR,1693.119234
2026-02-05,MOLINO,21009.677492
2026-02-05,MSF,6522.65
2026-02-05,SOPLADORA,7775.64142
2026-02-06,CELEC_SUR,39574.470643
2026-02-06,MAZAR,2603.225969
2026-02-06,MOLINO,22653.122208
2026-02-06,MSF,6525.2
2026-02-06,SOPLADORA,7792.922466
2026-02-07,CELEC_SUR,29747.572293
2026-02-07,MAZAR,718.078375
2026-02-07,MOLINO,15151.031023
2026-02-07,MSF,6526.1
2026-02-07,SOPLADORA,7352.362895
2026-02-08,CELEC_SUR,28249.932533
2026-02-08,MAZAR,1356.781204
2026-02-08,MOLINO,14208.527603
2026-02-08,MSF,5981.6
2026-02-08,SOPLADORA,6703.023726
2026-02-09,CELEC_SUR,34657.498742
2026-02-09,MAZAR,2632.558173
2026-02-09,MOLINO,18317.828714
2026-02-09,MSF,6199.75
2026-02-09,SOPLADORA,7507.361855
2026-02-10,CELEC_SUR,35367.457088
2026-02-10,MAZAR,2589.79829
2026-02-10,MOLINO,18709.297267
2026-02-10,MSF,6296.65
2026-02-10,SOPLADORA,7771.711531
2026-02-11,CELEC_SUR,28604.584842
2026-02-11,MAZAR,1305.688249
2026-02-11,MOLINO,14814.997852
2026-02-11,MSF,5122.65
2026-02-11,SOPLADORA,7361.248741
2026-02-12,CELEC_SUR,26660.748168
2026-02-12,MAZAR,2312.899084
2026-02-12,MOLINO,12617.482001
2026-02-12,MSF,5212.25
2026-02-12,SOPLADORA,6518.117083
2026-02-13,CELEC_SUR,19758.678429
2026-02-13,MAZAR,1013.538566
2026-02-13,MOLINO,8814.100271
2026-02-13,MSF,4788.25
2026-02-13,SOPLADORA,5142.789592
2026-02-14,CELEC_SUR,26500.487943
2026-02-14,MAZAR,2803.190083
2026-02-14,MOLINO,12405.92472
2026-02-14,MSF,5077.85
2026-02-14,SOPLADORA,6213.52314
2026-02-15,CELEC_SUR,24456.382394
2026-02-15,MAZAR,2485.226536
2026-02-15,MOLINO,11275.499394
2026-02-15,MSF,4180.5
2026-02-15,SOPLADORA,6515.156464
2026-02-16,CELEC_SUR,25127.006342
2026-02-16,MAZAR,3168.320042
2026-02-16,MOLINO,10751.111993
2026-02-16,MSF,5123.52
2026-02-16,SOPLADORA,6084.054307
2026-02-17,CELEC_SUR,29487.440656
2026-02-17,MAZAR,2290.174146
2026-02-17,MOLINO,13758.835968
2026-02-17,MSF,6508.5
2026-02-17,SOPLADORA,6929.930542
2026-02-18,CELEC_SUR,33365.015294
2026-02-18,MAZAR,2155.562544
2026-02-18,MOLINO,18067.756837
2026-02-18,MSF,6169.65
2026-02-18,SOPLADORA,6972.045913
2026-02-19,CELEC_SUR,35121.599596
2026-02-19,MAZAR,2962.006746
2026-02-19,MOLINO,17967.414899
2026-02-19,MSF,6523.85
2026-02-19,SOPLADORA,7668.327951
2026-02-20,CELEC_SUR,34874.169609
2026-02-20,MAZAR,1944.364372
2026-02-20,MOLINO,19281.492929
2026-02-20,MSF,6149.4
2026-02-20,SOPLADORA,7498.912308
2026-02-21,CELEC_SUR,33373.61585
2026-02-21,MAZAR,2285.089561
2026-02-21,MOLINO,17179.528383
2026-02-21,MSF,6506.5
2026-02-21,SOPLADORA,7402.497906
2026-02-22,CELEC_SUR,29197.406739
2026-02-22,MAZAR,2013.114195
2026-02-22,MOLINO,14406.643953
2026-02-22,MSF,5823.65
2026-02-22,SOPLADORA,6953.998591
2026-02-23,CELEC_SUR,28594.286227
2026-02-23,MAZAR,2682.928175
2026-02-23,MOLINO,13555.927766
2026-02-23,MSF,6299.75
2026-02-23,SOPLADORA,6055.680286
2026-02-24,CELEC_SUR,25096.411657
2026-02-24,MAZAR,1255.342497
2026-02-24,MOLINO,11326.622365
2026-02-24,MSF,6515.1
2026-02-24,SOPLADORA,5999.346795
2026-02-25,CELEC_SUR,27975.588694
2026-02-25,MAZAR,2317.853137
2026-02-25,MOLINO,12817.233306
2026-02-25,MSF,6418.05
2026-02-25,SOPLADORA,6422.452251
2026-02-26,CELEC_SUR,32698.664746
2026-02-26,MAZAR,2539.972637
2026-02-26,MOLINO,16357.939198
2026-02-26,MSF,6526.7
2026-02-26,SOPLADORA,7274.052911
2026-02-27,CELEC_SUR,35701.438071
2026-02-27,MAZAR,3279.684052
2026-02-27,MOLINO,18434.193275
2026-02-27,MSF,6523.55
2026-02-27,SOPLADORA,7464.010744
2026-02-28,CELEC_SUR,30956.351015
2026-02-28,MAZAR,2053.330299
2026-02-28,MOLINO,15081.513645
2026-02-28,MSF,6320.5
2026-02-28,SOPLADORA,7501.007071
2026-03-01,CELEC_SUR,21845.324688
2026-03-01,MAZAR,1224.822768
2026-03-01,MOLINO,9942.134664
2026-03-01,MSF,5396.0
2026-03-01,SOPLADORA,5282.367256
2026-03-02,CELEC_SUR,30359.352602
2026-03-02,MAZAR,2273.511761
2026-03-02,MOLINO,16390.282842
2026-03-02,MSF,4893.4
2026-03-02,SOPLADORA,6802.157999
2026-03-03,CELEC_SUR,30729.130072
2026-03-03,MAZAR,2354.467403
2026-03-03,MOLINO,15043.085574
2026-03-03,MSF,6104.85
2026-03-03,SOPLADORA,7226.727095
2026-03-04,CELEC_SUR,28574.516
2026-03-04,MAZAR,3203.567323
2026-03-04,MOLINO,12935.817978
2026-03-04,MSF,5709.9
2026-03-04,SOPLADORA,6725.230699
2026-03-05,CELEC_SUR,22726.045983
2026-03-05,MAZAR,2325.084064
2026-03-05,MOLINO,8963.067486
2026-03-05,MSF,6184.4
2026-03-05,SOPLADORA,5253.494433
2026-03-06,CELEC_SUR,23496.978966
2026-03-06,MAZAR,1117.790604
2026-03-06,MOLINO,10036.458296
2026-03-06,MSF,6510.8
2026-03-06,SOPLADORA,5831.930066
2026-03-07,CELEC_SUR,19882.013991
2026-03-07,MAZAR,826.962462
2026-03-07,MOLINO,7933.027456
2026-03-07,MSF,6524.0
2026-03-07,SOPLADORA,4598.024073
2026-03-08,CELEC_SUR,21740.770302
2026-03-08,MAZAR,1404.406249
2026-03-08,MOLINO,8750.382233
2026-03-08,MSF,6529.503
2026-03-08,SOPLADORA,5056.47882
2026-03-09,CELEC_SUR,26618.872891
2026-03-09,MAZAR,2071.889973
2026-03-09,MOLINO,11542.330805
2026-03-09,MSF,6523.55
2026-03-09,SOPLADORA,6481.102113
2026-03-10,CELEC_SUR,30379.262372
2026-03-10,MAZAR,2206.318306
2026-03-10,MOLINO,14844.578427
2026-03-10,MSF,6512.46
2026-03-10,SOPLADORA,6815.905639
2026-03-11,CELEC_SUR,25272.068554
2026-03-11,MAZAR,1790.531161
2026-03-11,MOLINO,11066.675729
2026-03-11,MSF,6246.45
2026-03-11,SOPLADORA,6168.411664
2026-03-12,CELEC_SUR,30789.284749
2026-03-12,MAZAR,1690.754034
2026-03-12,MOLINO,15334.695056
2026-03-12,MSF,6528.6
2026-03-12,SOPLADORA,7235.235659
2026-03-13,CELEC_SUR,33749.69218
2026-03-13,MAZAR,2372.405464
2026-03-13,MOLINO,17816.488247
2026-03-13,MSF,6401.1
2026-03-13,SOPLADORA,7159.698469
2026-03-14,CELEC_SUR,37878.677316
2026-03-14,MAZAR,1979.60049
2026-03-14,MOLINO,22937.757247
2026-03-14,MSF,6198.24
2026-03-14,SOPLADORA,6763.079579
2026-03-15,CELEC_SUR,39496.288199
2026-03-15,MAZAR,2847.270496
2026-03-15,MOLINO,22540.71992
2026-03-15,MSF,6349.83
2026-03-15,SOPLADORA,7758.467783
2026-03-16,CELEC_SUR,39818.744832
2026-03-16,MAZAR,2871.126001
2026-03-16,MOLINO,22917.74909
2026-03-16,MSF,6262.25
2026-03-16,SOPLADORA,7767.619741
2026-03-17,CELEC_SUR,34940.908344
2026-03-17,MAZAR,2772.652093
2026-03-17,MOLINO,18460.083684
2026-03-17,MSF,6526.9
2026-03-17,SOPLADORA,7181.272567
2026-03-18,CELEC_SUR,36405.632713
2026-03-18,MAZAR,3655.073817
2026-03-18,MOLINO,19085.398417
2026-03-18,MSF,6449.3
2026-03-18,SOPLADORA,7215.860479
2026-03-19,CELEC_SUR,35841.924392
2026-03-19,MAZAR,2793.025183
2026-03-19,MOLINO,19218.206251
2026-03-19,MSF,6522.5
2026-03-19,SOPLADORA,7308.192958
2026-03-20,CELEC_SUR,36042.787135
2026-03-20,MAZAR,2895.226364
2026-03-20,MOLINO,19471.644158
2026-03-20,MSF,6155.95
2026-03-20,SOPLADORA,7519.966613
2026-03-21,CELEC_SUR,32594.344418
2026-03-21,MAZAR,2720.244878
2026-03-21,MOLINO,16429.244084
2026-03-21,MSF,6213.354
2026-03-21,SOPLADORA,7231.501456
2026-03-22,CELEC_SUR,28492.266806
2026-03-22,MAZAR,2724.294596
2026-03-22,MOLINO,13712.422455
2026-03-22,MSF,5251.253
2026-03-22,SOPLADORA,6804.296755
2026-03-23,CELEC_SUR,31601.672282
2026-03-23,MAZAR,3901.882948
2026-03-23,MOLINO,16505.510995
2026-03-23,MSF,3946.45
2026-03-23,SOPLADORA,7247.828339
2026-03-24,CELEC_SUR,34590.41599
2026-03-24,MAZAR,3475.847809
2026-03-24,MOLINO,18754.418632
2026-03-24,MSF,5040.0
2026-03-24,SOPLADORA,7320.149549
2026-03-25,CELEC_SUR,34419.926437
2026-03-25,MAZAR,3962.736685
2026-03-25,MOLINO,18644.982795
2026-03-25,MSF,4149.05
2026-03-25,SOPLADORA,7663.156957
2026-03-26,CELEC_SUR,33503.837511
2026-03-26,MAZAR,3949.545818
2026-03-26,MOLINO,18065.887182
2026-03-26,MSF,3874.7
2026-03-26,SOPLADORA,7613.704511
2026-03-27,CELEC_SUR,35969.788529
2026-03-27,MAZAR,3512.811592
2026-03-27,MOLINO,20814.483373
2026-03-27,MSF,3955.65
2026-03-27,SOPLADORA,7686.843564
2026-03-28,CELEC_SUR,30578.827054
2026-03-28,MAZAR,3168.704206
2026-03-28,MOLINO,16453.409974
2026-03-28,MSF,3344.9
2026-03-28,SOPLADORA,7611.812874
2026-03-29,CELEC_SUR,25216.449431
2026-03-29,MAZAR,2634.648511
2026-03-29,MOLINO,12295.011936
2026-03-29,MSF,3276.55
2026-03-29,SOPLADORA,7010.238984
2026-03-30,CELEC_SUR,32731.403755
2026-03-30,MAZAR,3751.984016
2026-03-30,MOLINO,18399.583121
2026-03-30,MSF,3287.5
2026-03-30,SOPLADORA,7292.336618
2026-03-31,CELEC_SUR,36744.48252
2026-03-31,MAZAR,3838.771023
2026-03-31,MOLINO,21241.120444
2026-03-31,MSF,4027.995
2026-03-31,SOPLADORA,7636.596053
2026-04-01,CELEC_SUR,35484.987582
2026-04-01,MAZAR,3731.794894
2026-04-01,MOLINO,20558.01828
2026-04-01,MSF,3701.24
2026-04-01,SOPLADORA,7493.934408
2026-04-02,CELEC_SUR,36090.626731
2026-04-02,MAZAR,3849.043498
2026-04-02,MOLINO,21540.610011
2026-04-02,MSF,2997.06
2026-04-02,SOPLADORA,7703.913222
2026-04-03,CELEC_SUR,25361.769402
2026-04-03,MAZAR,2669.115756
2026-04-03,MOLINO,14261.775719
2026-04-03,MSF,1441.75
2026-04-03,SOPLADORA,6989.127927
2026-04-04,CELEC_SUR,27141.824027
2026-04-04,MAZAR,1926.224515
2026-04-04,MOLINO,16032.041455
2026-04-04,MSF,1567.32
2026-04-04,SOPLADORA,7616.238057
2026-04-05,CELEC_SUR,24477.965182
2026-04-05,MAZAR,2049.953284
2026-04-05,MOLINO,12955.519258
2026-04-05,MSF,2481.2
2026-04-05,SOPLADORA,6991.29264
2026-04-06,CELEC_SUR,26298.47477
2026-04-06,MAZAR,2179.890659
2026-04-06,MOLINO,13010.957164
2026-04-06,MSF,4697.35
2026-04-06,SOPLADORA,6410.276947
2026-04-07,CELEC_SUR,26628.352924
2026-04-07,MAZAR,2101.238051
2026-04-07,MOLINO,11985.556654
2026-04-07,MSF,6050.75
2026-04-07,SOPLADORA,6490.808219
2026-04-08,CELEC_SUR,21878.80709
2026-04-08,MAZAR,656.521603
2026-04-08,MOLINO,11179.360662
2026-04-08,MSF,3842.86
2026-04-08,SOPLADORA,6200.064825
2026-04-09,CELEC_SUR,20880.84602
2026-04-09,MAZAR,609.390225
2026-04-09,MOLINO,10895.437379
2026-04-09,MSF,3311.75
2026-04-09,SOPLADORA,6064.268416
2026-04-10,CELEC_SUR,23869.59728
2026-04-10,MAZAR,946.022146
2026-04-10,MOLINO,11989.635379
2026-04-10,MSF,4250.25
2026-04-10,SOPLADORA,6683.689755
2026-04-11,CELEC_SUR,20920.178556
2026-04-11,MAZAR,551.17218
2026-04-11,MOLINO,10814.93481
2026-04-11,MSF,3343.5
2026-04-11,SOPLADORA,6210.571566
2026-04-12,CELEC_SUR,17923.321763
2026-04-12,MAZAR,524.710121
2026-04-12,MOLINO,9579.479569
2026-04-12,MSF,2386.22
2026-04-12,SOPLADORA,5432.912073
2026-04-13,CELEC_SUR,29563.536328
2026-04-13,MAZAR,2312.005541
2026-04-13,MOLINO,15453.724359
2026-04-13,MSF,2882.36
2026-04-13,SOPLADORA,8915.446428
2026-04-14,CELEC_SUR,33783.716432
2026-04-14,MAZAR,2871.392223
2026-04-14,MOLINO,18096.150832
2026-04-14,MSF,2808.25
2026-04-14,SOPLADORA,10007.923377
2026-04-15,CELEC_SUR,31248.536152
2026-04-15,MAZAR,3227.721773
2026-04-15,MOLINO,15935.797258
2026-04-15,MSF,2812.7
2026-04-15,SOPLADORA,9272.317121
2026-04-16,CELEC_SUR,26047.828867
2026-04-16,MAZAR,1827.436656
2026-04-16,MOLINO,11540.319547
2026-04-16,MSF,5987.34
2026-04-16,SOPLADORA,6692.732664
2026-04-17,CELEC_SUR,21599.725377
2026-04-17,MAZAR,876.980533
2026-04-17,MOLINO,9141.364758
2026-04-17,MSF,6268.45
2026-04-17,SOPLADORA,5312.930086
2026-04-18,CELEC_SUR,23593.52219
2026-04-18,MAZAR,1354.91717
2026-04-18,MOLINO,10425.429874
2026-04-18,MSF,5755.5
2026-04-18,SOPLADORA,6057.675146
2026-04-19,CELEC_SUR,18633.649586
2026-04-19,MAZAR,734.975634
2026-04-19,MOLINO,7537.432748
2026-04-19,MSF,5954.45
2026-04-19,SOPLADORA,4406.791204
2026-04-20,CELEC_SUR,31691.788186
2026-04-20,MAZAR,2110.079498
2026-04-20,MOLINO,15113.575956
2026-04-20,MSF,6120.0
2026-04-20,SOPLADORA,8348.132732
2026-04-21,CELEC_SUR,37956.83416
2026-04-21,MAZAR,3099.609744
2026-04-21,MOLINO,19868.612723
2026-04-21,MSF,4509.0
2026-04-21,SOPLADORA,10479.611693
2026-04-22,CELEC_SUR,38267.552056
2026-04-22,MAZAR,3262.785217
2026-04-22,MOLINO,20158.172416
2026-04-22,MSF,4588.71
2026-04-22,SOPLADORA,10257.884423
2026-04-23,CELEC_SUR,34417.798645
2026-04-23,MAZAR,2875.451165
2026-04-23,MOLINO,18009.473291
2026-04-23,MSF,3419.25
2026-04-23,SOPLADORA,10113.624189
2026-04-24,CELEC_SUR,38018.620325
2026-04-24,MAZAR,3478.317843
2026-04-24,MOLINO,21177.197706
2026-04-24,MSF,2405.6
2026-04-24,SOPLADORA,10957.504776
2026-04-25,CELEC_SUR,29996.712325
2026-04-25,MAZAR,2460.937879
2026-04-25,MOLINO,16241.366795
2026-04-25,MSF,1863.19
2026-04-25,SOPLADORA,9431.217651
2026-04-26,CELEC_SUR,17325.845531
2026-04-26,MAZAR,1557.481397
2026-04-26,MOLINO,8073.830037
2026-04-26,MSF,3004.5
2026-04-26,SOPLADORA,4690.034097
2026-04-27,CELEC_SUR,20933.61356
2026-04-27,MAZAR,2671.54953
2026-04-27,MOLINO,9269.509203
2026-04-27,MSF,3576.25
2026-04-27,SOPLADORA,5416.304827
2026-04-28,CELEC_SUR,28094.601349
2026-04-28,MAZAR,2440.201472
2026-04-28,MOLINO,13712.55413
2026-04-28,MSF,3971.5
2026-04-28,SOPLADORA,7970.345747
2026-04-29,CELEC_SUR,28123.502791
2026-04-29,MAZAR,1821.913579
2026-04-29,MOLINO,14526.428434
2026-04-29,MSF,3376.75
2026-04-29,SOPLADORA,8398.410778
2026-04-30,CELEC_SUR,23364.261175
2026-04-30,MAZAR,1746.189972
2026-04-30,MOLINO,12142.609952
2026-04-30,MSF,2404.505
2026-04-30,SOPLADORA,7070.956251
2026-05-01,CELEC_SUR,15841.302753
2026-05-01,MAZAR,942.513564
2026-05-01,MOLINO,8076.049956
2026-05-01,MSF,2147.7
2026-05-01,SOPLADORA,4675.039233
2026-05-02,CELEC_SUR,9403.274761
2026-05-02,MAZAR,732.328369
2026-05-02,MOLINO,3840.787704
2026-05-02,MSF,2593.75
2026-05-02,SOPLADORA,2236.408688
2026-05-03,CELEC_SUR,10093.616236
2026-05-03,MAZAR,0.0
2026-05-03,MOLINO,2821.273822
2026-05-03,MSF,5736.55
2026-05-03,SOPLADORA,1535.792414
2026-05-04,CELEC_SUR,20377.191885
2026-05-04,MAZAR,0.0
2026-05-04,MOLINO,9197.907711
2026-05-04,MSF,5892.704
2026-05-04,SOPLADORA,5286.580174
2026-05-05,CELEC_SUR,27715.37636
2026-05-05,MAZAR,1736.386921
2026-05-05,MOLINO,16509.502377
2026-05-05,MSF,0.0
2026-05-05,SOPLADORA,9469.487062
2026-05-06,CELEC_SUR,23572.664513
2026-05-06,MAZAR,1303.412437
2026-05-06,MOLINO,14157.534601
2026-05-06,MSF,0.0
2026-05-06,SOPLADORA,8111.717475
2026-05-07,CELEC_SUR,20815.803979
2026-05-07,MAZAR,1267.732075
2026-05-07,MOLINO,12451.990248
2026-05-07,MSF,0.0
2026-05-07,SOPLADORA,7096.081656
2026-05-08,CELEC_SUR,28634.498316
2026-05-08,MAZAR,1548.325252
2026-05-08,MOLINO,17359.000221
2026-05-08,MSF,0.0
2026-05-08,SOPLADORA,9727.172843
2026-05-09,CELEC_SUR,21888.369329
2026-05-09,MAZAR,372.096476
2026-05-09,MOLINO,13639.36778
2026-05-09,MSF,0.0
2026-05-09,SOPLADORA,7876.905073
2026-05-10,CELEC_SUR,8854.464652
2026-05-10,MAZAR,302.479922
2026-05-10,MOLINO,5413.237749
2026-05-10,MSF,0.0
2026-05-10,SOPLADORA,3138.746981
2026-05-11,CELEC_SUR,19015.352137
2026-05-11,MAZAR,1204.284343
2026-05-11,MOLINO,11470.814564
2026-05-11,MSF,0.0
2026-05-11,SOPLADORA,6340.25323
2026-05-12,CELEC_SUR,27044.477631
2026-05-12,MAZAR,1861.891497
2026-05-12,MOLINO,16001.170793
2026-05-12,MSF,0.0
2026-05-12,SOPLADORA,9181.415341
2026-05-13,CELEC_SUR,29536.648485
2026-05-13,MAZAR,1603.784995
2026-05-13,MOLINO,17737.263646
2026-05-13,MSF,0.0
2026-05-13,SOPLADORA,10195.599844
2026-05-14,CELEC_SUR,30675.006833
2026-05-14,MAZAR,2206.062045
2026-05-14,MOLINO,18301.186811
2026-05-14,MSF,0.0
2026-05-14,SOPLADORA,10167.757977
2026-05-15,CELEC_SUR,34773.25555
2026-05-15,MAZAR,2831.044284
2026-05-15,MOLINO,20645.332082
2026-05-15,MSF,0.0
2026-05-15,SOPLADORA,11296.879184
2026-05-16,CELEC_SUR,32797.89969
2026-05-16,MAZAR,1812.626356
2026-05-16,MOLINO,19966.34276
2026-05-16,MSF,0.0
2026-05-16,SOPLADORA,11018.930574
2026-05-17,CELEC_SUR,27490.368074
2026-05-17,MAZAR,2890.67057
2026-05-17,MOLINO,15586.770678
2026-05-17,MSF,0.0
2026-05-17,SOPLADORA,9012.926826
2026-05-18,CELEC_SUR,32741.10051
2026-05-18,MAZAR,3052.194461
2026-05-18,MOLINO,18935.732498
2026-05-18,MSF,0.0
2026-05-18,SOPLADORA,10753.173551
2026-05-19,CELEC_SUR,30347.836114
2026-05-19,MAZAR,2814.593911
2026-05-19,MOLINO,17495.150757
2026-05-19,MSF,0.0
2026-05-19,SOPLADORA,10038.091446
2026-05-20,CELEC_SUR,32694.290293
2026-05-20,MAZAR,3122.16757
2026-05-20,MOLINO,19060.676396
2026-05-20,MSF,0.0
2026-05-20,SOPLADORA,10511.446327
2026-05-21,CELEC_SUR,38437.464797
2026-05-21,MAZAR,3313.61862
2026-05-21,MOLINO,21710.364411
2026-05-21,MSF,2226.0
2026-05-21,SOPLADORA,11187.481766
2026-05-22,CELEC_SUR,38750.888221
2026-05-22,MAZAR,3063.404825
2026-05-22,MOLINO,20090.495879
2026-05-22,MSF,4351.5
2026-05-22,SOPLADORA,11245.487517
2026-05-23,CELEC_SUR,29021.159438
2026-05-23,MAZAR,1330.19977
2026-05-23,MOLINO,14887.789107
2026-05-23,MSF,4307.75
2026-05-23,SOPLADORA,8495.420561
2026-05-24,CELEC_SUR,25511.25396
2026-05-24,MAZAR,0.0
2026-05-24,MOLINO,13538.334423
2026-05-24,MSF,4335.75
2026-05-24,SOPLADORA,7637.169537
2026-05-25,CELEC_SUR,30301.552371
2026-05-25,MAZAR,2093.865777
2026-05-25,MOLINO,16384.166547
2026-05-25,MSF,2842.0
2026-05-25,SOPLADORA,8981.520047
2026-05-26,CELEC_SUR,26888.767434
2026-05-26,MAZAR,1944.177284
2026-05-26,MOLINO,14340.575108
2026-05-26,MSF,2466.5
2026-05-26,SOPLADORA,8137.515042
2026-05-27,CELEC_SUR,36233.617562
2026-05-27,MAZAR,3265.945173
2026-05-27,MOLINO,18977.041751
2026-05-27,MSF,3147.99
2026-05-27,SOPLADORA,10842.640638
2026-05-28,CELEC_SUR,37944.187723
2026-05-28,MAZAR,4079.801818
2026-05-28,MOLINO,19850.691381
2026-05-28,MSF,2710.88
2026-05-28,SOPLADORA,11302.814524
2026-05-29,CELEC_SUR,37734.250318
2026-05-29,MAZAR,3766.341135
2026-05-29,MOLINO,20379.254677
2026-05-29,MSF,2054.35
2026-05-29,SOPLADORA,11534.304506
2026-05-30,CELEC_SUR,30736.542882
2026-05-30,MAZAR,2913.061051
2026-05-30,MOLINO,17053.013844
2026-05-30,MSF,1476.0
2026-05-30,SOPLADORA,9294.467987
2026-05-31,CELEC_SUR,26140.239121
2026-05-31,MAZAR,2477.053815
2026-05-31,MOLINO,13563.155029
2026-05-31,MSF,2481.3
2026-05-31,SOPLADORA,7618.730277
2026-06-01,CELEC_SUR,34239.003947
2026-06-01,MAZAR,2061.353524
2026-06-01,MOLINO,16860.262194
2026-06-01,MSF,5645.45
2026-06-01,SOPLADORA,9671.938229
2026-06-02,CELEC_SUR,35930.633336
2026-06-02,MAZAR,2416.97825
2026-06-02,MOLINO,18197.346251
2026-06-02,MSF,4912.24
2026-06-02,SOPLADORA,10404.068835
2026-06-03,CELEC_SUR,36126.206012
2026-06-03,MAZAR,1690.975816
2026-06-03,MOLINO,19571.03354
2026-06-03,MSF,4021.5
2026-06-03,SOPLADORA,10842.696656
2026-06-04,CELEC_SUR,37240.841929
2026-06-04,MAZAR,1983.184155
2026-06-04,MOLINO,20979.058379
2026-06-04,MSF,2898.78
2026-06-04,SOPLADORA,11379.819395
2026-06-05,CELEC_SUR,39609.881975
2026-06-05,MAZAR,2381.193411
2026-06-05,MOLINO,21628.160907
2026-06-05,MSF,3932.75
2026-06-05,SOPLADORA,11667.777657
2026-06-06,CELEC_SUR,34165.787712
2026-06-06,MAZAR,1746.650611
2026-06-06,MOLINO,19123.502359
2026-06-06,MSF,3305.0
2026-06-06,SOPLADORA,9990.634742
2026-06-07,CELEC_SUR,32307.127451
2026-06-07,MAZAR,947.335273
2026-06-07,MOLINO,18826.500016
2026-06-07,MSF,2748.003
2026-06-07,SOPLADORA,9785.289162
2026-06-08,CELEC_SUR,39117.231043
2026-06-08,MAZAR,2241.244691
2026-06-08,MOLINO,23947.44993
2026-06-08,MSF,1907.9
2026-06-08,SOPLADORA,11020.636422
2026-06-09,CELEC_SUR,41425.288032
2026-06-09,MAZAR,2062.522635
2026-06-09,MOLINO,24870.267675
2026-06-09,MSF,4067.4
2026-06-09,SOPLADORA,10425.097722
2026-06-10,CELEC_SUR,37475.416908
2026-06-10,MAZAR,1787.757566
2026-06-10,MOLINO,20083.690869
2026-06-10,MSF,4679.7
2026-06-10,SOPLADORA,10924.268473
2026-06-11,CELEC_SUR,39833.8763
2026-06-11,MAZAR,3128.071106
2026-06-11,MOLINO,21811.512448
2026-06-11,MSF,3469.26
2026-06-11,SOPLADORA,11425.032746
2026-06-12,CELEC_SUR,38299.310025
2026-06-12,MAZAR,3775.052866
2026-06-12,MOLINO,21589.604539
2026-06-12,MSF,1459.55
2026-06-12,SOPLADORA,11475.10262
2026-06-13,CELEC_SUR,34379.80825
2026-06-13,MAZAR,2837.781779
2026-06-13,MOLINO,18793.044901
2026-06-13,MSF,2043.3
2026-06-13,SOPLADORA,10705.68157
2026-06-14,CELEC_SUR,33705.867348
2026-06-14,MAZAR,3204.124034
2026-06-14,MOLINO,18636.293286
2026-06-14,MSF,1216.7
2026-06-14,SOPLADORA,10648.750028
2026-06-15,CELEC_SUR,35043.866494
2026-06-15,MAZAR,2042.057613
2026-06-15,MOLINO,19268.211111
2026-06-15,MSF,2935.0
2026-06-15,SOPLADORA,10798.59777
2026-06-16,CELEC_SUR,36892.616827
2026-06-16,MAZAR,3173.05378
2026-06-16,MOLINO,20405.322282
2026-06-16,MSF,2096.74
2026-06-16,SOPLADORA,11217.500765
2026-06-17,CELEC_SUR,37613.553314
2026-06-17,MAZAR,3034.208389
2026-06-17,MOLINO,21330.840753
2026-06-17,MSF,1630.01
2026-06-17,SOPLADORA,11618.494172
2026-06-18,CELEC_SUR,36718.946883
2026-06-18,MAZAR,2945.410158
2026-06-18,MOLINO,20844.431376
2026-06-18,MSF,1429.75
2026-06-18,SOPLADORA,11499.355349
2026-06-19,CELEC_SUR,39468.098259
2026-06-19,MAZAR,3626.658216
2026-06-19,MOLINO,21379.555399
2026-06-19,MSF,2848.253
2026-06-19,SOPLADORA,11613.631644
2026-06-20,CELEC_SUR,34892.633968
2026-06-20,MAZAR,2817.885491
2026-06-20,MOLINO,19386.088807
2026-06-20,MSF,1726.25
2026-06-20,SOPLADORA,10962.40967
2026-06-21,CELEC_SUR,28701.602311
2026-06-21,MAZAR,1673.081785
2026-06-21,MOLINO,14512.839273
2026-06-21,MSF,4223.0
2026-06-21,SOPLADORA,8292.681253
2026-06-22,CELEC_SUR,35046.967736
2026-06-22,MAZAR,2688.457521
2026-06-22,MOLINO,17390.602104
2026-06-22,MSF,5058.0
2026-06-22,SOPLADORA,9909.908111
2026-06-23,CELEC_SUR,37622.826042
2026-06-23,MAZAR,3449.162745
2026-06-23,MOLINO,19869.848784
2026-06-23,MSF,2909.0
2026-06-23,SOPLADORA,11394.814513
2026-06-24,CELEC_SUR,34953.043275
2026-06-24,MAZAR,2858.575749
2026-06-24,MOLINO,19838.451621
2026-06-24,MSF,1264.75
2026-06-24,SOPLADORA,10991.265905
2026-06-25,CELEC_SUR,33653.004657
2026-06-25,MAZAR,3830.140019
2026-06-25,MOLINO,18165.262955
2026-06-25,MSF,1355.25
2026-06-25,SOPLADORA,10302.351683
2026-06-26,CELEC_SUR,28730.896948
2026-06-26,MAZAR,3436.899741
2026-06-26,MOLINO,15248.52822
2026-06-26,MSF,1225.0
2026-06-26,SOPLADORA,8820.468987
2026-06-27,CELEC_SUR,29822.736751
2026-06-27,MAZAR,2609.994894
2026-06-27,MOLINO,15540.455811
2026-06-27,MSF,2886.7
2026-06-27,SOPLADORA,8785.586046
2026-06-28,CELEC_SUR,27547.687489
2026-06-28,MAZAR,19.636122
2026-06-28,MOLINO,13757.261043
2026-06-28,MSF,5961.98
2026-06-28,SOPLADORA,7808.810324
2026-06-29,CELEC_SUR,37029.324259
2026-06-29,MAZAR,3029.731929
2026-06-29,MOLINO,20010.574925
2026-06-29,MSF,3095.5
2026-06-29,SOPLADORA,10893.517405
2026-06-30,CELEC_SUR,31129.934036
2026-06-30,MAZAR,3375.849401
2026-06-30,MOLINO,16592.830479
2026-06-30,MSF,2961.11
2026-06-30,SOPLADORA,8200.144156
2026-07-01,CELEC_SUR,32748.874305
2026-07-01,MAZAR,2313.866943
2026-07-01,MOLINO,17546.703369
2026-07-01,MSF,3060.0
2026-07-01,SOPLADORA,9828.303993
2026-07-02,CELEC_SUR,36782.116839
2026-07-02,MAZAR,1849.747896
2026-07-02,MOLINO,18742.493353
2026-07-02,MSF,6476.0
2026-07-02,SOPLADORA,9713.87559
2026-07-03,CELEC_SUR,43701.625743
2026-07-03,MAZAR,2449.371137
2026-07-03,MOLINO,23390.465526
2026-07-03,MSF,6531.0
2026-07-03,SOPLADORA,11330.78908
2026-07-04,CELEC_SUR,44672.091027
2026-07-04,MAZAR,2273.43938
2026-07-04,MOLINO,24773.457778
2026-07-04,MSF,6520.96
2026-07-04,SOPLADORA,11104.233869
2026-07-05,CELEC_SUR,40681.892792
2026-07-05,MAZAR,959.6659
2026-07-05,MOLINO,26143.202328
2026-07-05,MSF,4847.95
2026-07-05,SOPLADORA,8731.074564
2026-07-06,CELEC_SUR,41679.749864
2026-07-06,MAZAR,3824.944205
2026-07-06,MOLINO,22477.068593
2026-07-06,MSF,4224.25
2026-07-06,SOPLADORA,11153.487066
2026-07-07,CELEC_SUR,40196.596544
2026-07-07,MAZAR,2843.106985
2026-07-07,MOLINO,23322.187474
2026-07-07,MSF,2526.97
2026-07-07,SOPLADORA,11504.332085
2026-07-08,CELEC_SUR,38296.772703
2026-07-08,MAZAR,2535.984807
2026-07-08,MOLINO,21144.062694
2026-07-08,MSF,3279.28
2026-07-08,SOPLADORA,11337.445202
2026-07-09,CELEC_SUR,39837.095586
2026-07-09,MAZAR,3711.068196
2026-07-09,MOLINO,22171.065955
2026-07-09,MSF,2489.05
2026-07-09,SOPLADORA,11465.911435
2026-07-10,CELEC_SUR,38972.625836
2026-07-10,MAZAR,3480.931049
2026-07-10,MOLINO,21400.633949
2026-07-10,MSF,2627.97
2026-07-10,SOPLADORA,11463.090838
2026-07-11,CELEC_SUR,35600.007031
2026-07-11,MAZAR,1753.871737
2026-07-11,MOLINO,20633.049791
2026-07-11,MSF,1942.5
2026-07-11,SOPLADORA,11270.585503
2026-07-12,CELEC_SUR,32129.105761
2026-07-12,MAZAR,2193.871988
2026-07-12,MOLINO,18526.921571
2026-07-12,MSF,1018.25
2026-07-12,SOPLADORA,10390.062202
2026-07-13,CELEC_SUR,35449.894046
2026-07-13,MAZAR,3458.785154
2026-07-13,MOLINO,18999.045526
2026-07-13,MSF,2466.8
2026-07-13,SOPLADORA,10525.263366
2026-07-14,CELEC_SUR,28708.228271
2026-07-14,MAZAR,2553.859149
2026-07-14,MOLINO,15268.127161
2026-07-14,MSF,2196.0
2026-07-14,SOPLADORA,8690.241961
2026-07-15,CELEC_SUR,31715.561475
2026-07-15,MAZAR,2012.098315
2026-07-15,MOLINO,17111.991491
2026-07-15,MSF,3144.5
2026-07-15,SOPLADORA,9446.971669
2026-07-16,CELEC_SUR,32255.723181
2026-07-16,MAZAR,2043.754942
2026-07-16,MOLINO,18162.738307
2026-07-16,MSF,2195.75
2026-07-16,SOPLADORA,9853.479932
2026-07-17,CELEC_SUR,32391.884555
2026-07-17,MAZAR,1909.328474
2026-07-17,MOLINO,17859.491159
2026-07-17,MSF,3341.253
2026-07-17,SOPLADORA,9281.811922
2026-07-18,CELEC_SUR,33527.858948
2026-07-18,MAZAR,107.914175
2026-07-18,MOLINO,18580.762297
2026-07-18,MSF,4656.75
2026-07-18,SOPLADORA,10182.432476
2026-07-19,CELEC_SUR,32907.325703
2026-07-19,MAZAR,0.0
2026-07-19,MOLINO,19832.880312
2026-07-19,MSF,2693.76
2026-07-19,SOPLADORA,10380.685391
2026-07-20,CELEC_SUR,35136.800676
2026-07-20,MAZAR,799.682179
2026-07-20,MOLINO,21031.727469
2026-07-20,MSF,2764.75
2026-07-20,SOPLADORA,10540.641028
2026-07-21,CELEC_SUR,36793.171977
2026-07-21,MAZAR,1890.686627
2026-07-21,MOLINO,23632.670326
2026-07-21,MSF,2118.5
2026-07-21,SOPLADORA,9151.315024
2026-07-22,CELEC_SUR,39651.08451
2026-07-22,MAZAR,1987.001017
2026-07-22,MOLINO,24291.867968
2026-07-22,MSF,1724.5
2026-07-22,SOPLADORA,11647.715525
2026-07-23,CELEC_SUR,36347.211707
2026-07-23,MAZAR,2045.708416
2026-07-23,MOLINO,21624.971969
2026-07-23,MSF,1196.0
2026-07-23,SOPLADORA,11480.531322
2026-07-24,CELEC_SUR,38445.551886
2026-07-24,MAZAR,1714.198187
2026-07-24,MOLINO,22343.731871
2026-07-24,MSF,2927.75
2026-07-24,SOPLADORA,11459.871828
2026-07-25,CELEC_SUR,36418.021607
2026-07-25,MAZAR,1259.754434
2026-07-25,MOLINO,21275.111997
2026-07-25,MSF,4338.1
2026-07-25,SOPLADORA,9545.055176
2026-07-26,CELEC_SUR,32582.729188
2026-07-26,MAZAR,1461.748619
2026-07-26,MOLINO,19833.07177
2026-07-26,MSF,1609.76
2026-07-26,SOPLADORA,9678.148799
2026-07-27,CELEC_SUR,37656.351692
2026-07-27,MAZAR,3448.291494
2026-07-27,MOLINO,21238.118449
2026-07-27,MSF,1879.5
2026-07-27,SOPLADORA,11090.441749
2026-07-28,CELEC_SUR,33158.183576
2026-07-28,MAZAR,1626.372074
2026-07-28,MOLINO,19508.277725
2026-07-28,MSF,1219.25
2026-07-28,SOPLADORA,10804.283777
2026-07-29,CELEC_SUR,30924.762802
2026-07-29,MAZAR,2077.23859
2026-07-29,MOLINO,17586.520167
2026-07-29,MSF,1192.0
2026-07-29,SOPLADORA,10069.004045
2026-07-30,CELEC_SUR,32361.829971
2026-07-30,MAZAR,2589.420705
2026-07-30,MOLINO,18266.586615
2026-07-30,MSF,1212.75
2026-07-30,SOPLADORA,10293.072651
2026-07-31,CELEC_SUR,33724.785993
2026-07-31,MAZAR,2693.973479
2026-07-31,MOLINO,18736.96154
2026-07-31,MSF,1952.75
2026-07-31,SOPLADORA,10341.100974
2026-08-01,CELEC_SUR,28289.43702
2026-08-01,MAZAR,1916.294649
2026-08-01,MOLINO,16102.629271
2026-08-01,MSF,989.0
2026-08-01,SOPLADORA,9281.5131
2026-08-02,CELEC_SUR,20159.873784
2026-08-02,MAZAR,1672.83282
2026-08-02,MOLINO,11004.824725
2026-08-02,MSF,1195.22
2026-08-02,SOPLADORA,6286.996239
2026-08-03,CELEC_SUR,27731.105601
2026-08-03,MAZAR,2407.511295
2026-08-03,MOLINO,15059.15805
2026-08-03,MSF,1628.5
2026-08-03,SOPLADORA,8635.936256
2026-08-04,CELEC_SUR,31073.322282
2026-08-04,MAZAR,2629.659125
2026-08-04,MOLINO,17099.130286
2026-08-04,MSF,1923.25
2026-08-04,SOPLADORA,9421.282871
2026-08-05,CELEC_SUR,25409.350785
2026-08-05,MAZAR,2141.396114
2026-08-05,MOLINO,14067.153361
2026-08-05,MSF,1188.75
2026-08-05,SOPLADORA,8012.05131
2026-08-06,CELEC_SUR,26708.131368
2026-08-06,MAZAR,1878.40846
2026-08-06,MOLINO,15100.969145
2026-08-06,MSF,1210.45
2026-08-06,SOPLADORA,8518.303763
2026-08-07,CELEC_SUR,35356.239968
2026-08-07,MAZAR,2960.792043
2026-08-07,MOLINO,20133.553112
2026-08-07,MSF,1873.25
2026-08-07,SOPLADORA,10388.644813
2026-08-08,CELEC_SUR,31244.82033
2026-08-08,MAZAR,3696.198345
2026-08-08,MOLINO,18779.454075
2026-08-08,MSF,1217.5
2026-08-08,SOPLADORA,7551.66791
2026-08-09,CELEC_SUR,25370.64028
2026-08-09,MAZAR,2453.852275
2026-08-09,MOLINO,14720.717066
2026-08-09,MSF,721.75
2026-08-09,SOPLADORA,7474.320939
2026-08-10,CELEC_SUR,23835.181306
2026-08-10,MAZAR,2983.688522
2026-08-10,MOLINO,13552.031425
2026-08-10,MSF,842.25
2026-08-10,SOPLADORA,6457.211359
2026-08-11,CELEC_SUR,26899.321214
2026-08-11,MAZAR,3281.713436
2026-08-11,MOLINO,14699.22701
2026-08-11,MSF,1538.1
2026-08-11,SOPLADORA,7380.280768
2026-08-12,CELEC_SUR,26895.410272
2026-08-12,MAZAR,2189.453726
2026-08-12,MOLINO,12406.345839
2026-08-12,MSF,5255.95
2026-08-12,SOPLADORA,7043.660707
2026-08-13,CELEC_SUR,35018.487117
2026-08-13,MAZAR,1999.222302
2026-08-13,MOLINO,19297.166258
2026-08-13,MSF,3539.75
2026-08-13,SOPLADORA,10182.348557
2026-08-14,CELEC_SUR,39530.911065
2026-08-14,MAZAR,2944.829613
2026-08-14,MOLINO,23512.634061
2026-08-14,MSF,1768.75
2026-08-14,SOPLADORA,11304.697391
2026-08-15,CELEC_SUR,34110.965743
2026-08-15,MAZAR,2966.61089
2026-08-15,MOLINO,20035.404832
2026-08-15,MSF,423.25
2026-08-15,SOPLADORA,10685.700021
2026-08-16,CELEC_SUR,22006.445688
2026-08-16,MAZAR,1878.039172
2026-08-16,MOLINO,12189.117991
2026-08-16,MSF,880.0
2026-08-16,SOPLADORA,7059.288525
2026-08-17,CELEC_SUR,29180.161833
2026-08-17,MAZAR,2047.824173
2026-08-17,MOLINO,16001.016671
2026-08-17,MSF,1887.25
2026-08-17,SOPLADORA,9244.070989
2026-08-18,CELEC_SUR,32899.658112
2026-08-18,MAZAR,2676.704123
2026-08-18,MOLINO,18122.470289
2026-08-18,MSF,2214.25
2026-08-18,SOPLADORA,9886.2337
2026-08-19,CELEC_SUR,35598.721881
2026-08-19,MAZAR,3768.861797
2026-08-19,MOLINO,20447.240148
2026-08-19,MSF,1092.75
2026-08-19,SOPLADORA,10289.869936
2026-08-20,CELEC_SUR,32969.917572
2026-08-20,MAZAR,3112.950556
2026-08-20,MOLINO,18949.162668
2026-08-20,MSF,855.5
2026-08-20,SOPLADORA,10052.304348
2026-08-21,CELEC_SUR,30955.001415
2026-08-21,MAZAR,3339.228381
2026-08-21,MOLINO,16507.365971
2026-08-21,MSF,2338.59
2026-08-21,SOPLADORA,8769.817063
2026-08-22,CELEC_SUR,26892.646519
2026-08-22,MAZAR,1858.460366
2026-08-22,MOLINO,15766.713601
2026-08-22,MSF,280.5
2026-08-22,SOPLADORA,8986.972552
2026-08-23,CELEC_SUR,17697.801463
2026-08-23,MAZAR,1517.036417
2026-08-23,MOLINO,10172.903868
2026-08-23,MSF,181.25
2026-08-23,SOPLADORA,5826.611178
2026-08-24,CELEC_SUR,24819.482495
2026-08-24,MAZAR,2755.172693
2026-08-24,MOLINO,13536.893746
2026-08-24,MSF,806.5
2026-08-24,SOPLADORA,7720.916056
2026-08-25,CELEC_SUR,24571.392838
2026-08-25,MAZAR,2427.054725
2026-08-25,MOLINO,13746.914049
2026-08-25,MSF,596.55
2026-08-25,SOPLADORA,7800.874064
2026-08-26,CELEC_SUR,25681.252601
2026-08-26,MAZAR,2404.649267
2026-08-26,MOLINO,13922.021633
2026-08-26,MSF,1374.55
2026-08-26,SOPLADORA,7980.031701
2026-08-27,CELEC_SUR,28848.88174
2026-08-27,MAZAR,2014.766494
2026-08-27,MOLINO,15647.087888
2026-08-27,MSF,2189.25
2026-08-27,SOPLADORA,8997.777358
2026-08-28,CELEC_SUR,28670.023184
2026-08-28,MAZAR,2281.079748
2026-08-28,MOLINO,15981.186763
2026-08-28,MSF,1251.45
2026-08-28,SOPLADORA,9156.306673
2026-08-29,CELEC_SUR,18151.566771
2026-08-29,MAZAR,1960.561462
2026-08-29,MOLINO,9988.677214
2026-08-29,MSF,514.25
2026-08-29,SOPLADORA,5688.078095
2026-08-30,CELEC_SUR,15584.657781
2026-08-30,MAZAR,1225.580135
2026-08-30,MOLINO,8436.311017
2026-08-30,MSF,1322.75
2026-08-30,SOPLADORA,4600.016629
2026-08-31,CELEC_SUR,23755.005023
2026-08-31,MAZAR,1400.985732
2026-08-31,MOLINO,12778.518247
2026-08-31,MSF,2336.75
2026-08-31,SOPLADORA,7238.751044
2026-09-01,CELEC_SUR,26483.126652
2026-09-01,MAZAR,1903.786195
2026-09-01,MOLINO,15118.705462
2026-09-01,MSF,785.22
2026-09-01,SOPLADORA,8675.414995
2026-09-02,CELEC_SUR,29473.58846
2026-09-02,MAZAR,2350.898464
2026-09-02,MOLINO,16559.210956
2026-09-02,MSF,1134.75
2026-09-02,SOPLADORA,9428.72904
2026-09-03,CELEC_SUR,29412.930618
2026-09-03,MAZAR,3252.036268
2026-09-03,MOLINO,15858.202591
2026-09-03,MSF,1190.0
2026-09-03,SOPLADORA,9112.691759
2026-09-04,CELEC_SUR,28782.135666
2026-09-04,MAZAR,2535.429171
2026-09-04,MOLINO,15545.597784
2026-09-04,MSF,1726.83
2026-09-04,SOPLADORA,8974.278711
2026-09-05,CELEC_SUR,29098.764138
2026-09-05,MAZAR,2286.23249
2026-09-05,MOLINO,15242.72305
2026-09-05,MSF,2886.25
2026-09-05,SOPLADORA,8683.558598
2026-09-06,CELEC_SUR,26259.030947
2026-09-06,MAZAR,3282.131177
2026-09-06,MOLINO,13119.106074
2026-09-06,MSF,2569.25
2026-09-06,SOPLADORA,7288.543696
2026-09-07,CELEC_SUR,37741.291447
2026-09-07,MAZAR,3504.718747
2026-09-07,MOLINO,21900.567097
2026-09-07,MSF,1606.0
2026-09-07,SOPLADORA,10730.005603
2026-09-08,CELEC_SUR,37977.134875
2026-09-08,MAZAR,3509.491622
2026-09-08,MOLINO,21714.021395
2026-09-08,MSF,1773.5
2026-09-08,SOPLADORA,10980.121858
2026-09-09,CELEC_SUR,37283.151425
2026-09-09,MAZAR,3775.494115
2026-09-09,MOLINO,21385.205788
2026-09-09,MSF,968.0
2026-09-09,SOPLADORA,11154.451522
2026-09-10,CELEC_SUR,36942.759976
2026-09-10,MAZAR,3178.426173
2026-09-10,MOLINO,21221.183396
2026-09-10,MSF,1932.46
2026-09-10,SOPLADORA,10610.690407
2026-09-11,CELEC_SUR,35642.767313
2026-09-11,MAZAR,3286.60946
2026-09-11,MOLINO,19721.890976
2026-09-11,MSF,1691.0
2026-09-11,SOPLADORA,10943.266877
2026-09-12,CELEC_SUR,34706.83747
2026-09-12,MAZAR,3084.191936
2026-09-12,MOLINO,19719.519223
2026-09-12,MSF,1163.0
2026-09-12,SOPLADORA,10740.126311
2026-09-13,CELEC_SUR,28983.046806
2026-09-13,MAZAR,3027.365213
2026-09-13,MOLINO,15934.386058
2026-09-13,MSF,806.75
2026-09-13,SOPLADORA,9214.545535
2026-09-14,CELEC_SUR,37752.513071
2026-09-14,MAZAR,3596.582551
2026-09-14,MOLINO,21289.430828
2026-09-14,MSF,1829.5
2026-09-14,SOPLADORA,11036.999692
2026-09-15,CELEC_SUR,32950.629569
2026-09-15,MAZAR,2977.554577
2026-09-15,MOLINO,19279.08435
2026-09-15,MSF,632.51
2026-09-15,SOPLADORA,10061.480642
2026-09-16,CELEC_SUR,31947.877821
2026-09-16,MAZAR,3213.6083
2026-09-16,MOLINO,18554.71555
2026-09-16,MSF,329.5
2026-09-16,SOPLADORA,9850.053971
2026-09-17,CELEC_SUR,34652.8911
2026-09-17,MAZAR,3570.372329
2026-09-17,MOLINO,18332.725391
2026-09-17,MSF,2760.504
2026-09-17,SOPLADORA,9989.28938
2026-09-18,CELEC_SUR,31908.181793
2026-09-18,MAZAR,3024.857388
2026-09-18,MOLINO,18305.645827
2026-09-18,MSF,539.96
2026-09-18,SOPLADORA,10037.718578
2026-09-19,CELEC_SUR,25383.448231
2026-09-19,MAZAR,1002.323421
2026-09-19,MOLINO,13474.524733
2026-09-19,MSF,3168.24
2026-09-19,SOPLADORA,7738.360077
2026-09-20,CELEC_SUR,20653.773968
2026-09-20,MAZAR,1461.770736
2026-09-20,MOLINO,10507.039041
2026-09-20,MSF,2672.01
2026-09-20,SOPLADORA,6012.954191
2026-09-21,CELEC_SUR,32908.310521
2026-09-21,MAZAR,2964.734147
2026-09-21,MOLINO,18729.396927
2026-09-21,MSF,1579.55
2026-09-21,SOPLADORA,9634.629447
2026-09-22,CELEC_SUR,35028.57713
2026-09-22,MAZAR,2564.0649
2026-09-22,MOLINO,20630.581172
2026-09-22,MSF,1069.15
2026-09-22,SOPLADORA,10764.781058
2026-09-23,CELEC_SUR,30604.239261
2026-09-23,MAZAR,3744.05366
2026-09-23,MOLINO,16966.805081
2026-09-23,MSF,539.65
2026-09-23,SOPLADORA,9353.73052
2026-09-24,CELEC_SUR,31213.72193
2026-09-24,MAZAR,2874.780634
2026-09-24,MOLINO,17712.02273
2026-09-24,MSF,1239.5
2026-09-24,SOPLADORA,9387.418566
2026-09-25,CELEC_SUR,35038.980475
2026-09-25,MAZAR,3248.055923
2026-09-25,MOLINO,19549.407322
2026-09-25,MSF,2018.25
2026-09-25,SOPLADORA,10223.26723
2026-09-26,CELEC_SUR,25368.725296
2026-09-26,MAZAR,2380.416032
2026-09-26,MOLINO,14397.293757
2026-09-26,MSF,245.0
2026-09-26,SOPLADORA,8346.015507
2026-09-27,CELEC_SUR,20161.879414
2026-09-27,MAZAR,1692.300209
2026-09-27,MOLINO,11662.063484
2026-09-27,MSF,348.16
2026-09-27,SOPLADORA,6459.355721
2026-09-28,CELEC_SUR,30025.824807
2026-09-28,MAZAR,2621.372755
2026-09-28,MOLINO,17102.738381
2026-09-28,MSF,1545.25
2026-09-28,SOPLADORA,8756.463671
2026-09-29,CELEC_SUR,30977.175613
2026-09-29,MAZAR,2601.194328
2026-09-29,MOLINO,18115.780876
2026-09-29,MSF,282.25
2026-09-29,SOPLADORA,9977.950409
2026-09-30,CELEC_SUR,27057.234116
2026-09-30,MAZAR,2388.098612
2026-09-30,MOLINO,15265.662617
2026-09-30,MSF,721.5
2026-09-30,SOPLADORA,8681.972887
2026-10-01,CELEC_SUR,27735.440293
2026-10-01,MAZAR,3172.479257
2026-10-01,MOLINO,15104.866309
2026-10-01,MSF,763.75
2026-10-01,SOPLADORA,8694.344727
2026-10-02,CELEC_SUR,18900.239087
2026-10-02,MAZAR,2189.996913
2026-10-02,MOLINO,10274.905919
2026-10-02,MSF,511.25
2026-10-02,SOPLADORA,5924.086255
2026-10-03,CELEC_SUR,9196.030343
2026-10-03,MAZAR,0.0
2026-10-03,MOLINO,5123.375136
2026-10-03,MSF,1107.3
2026-10-03,SOPLADORA,2965.355207
2026-10-04,CELEC_SUR,11003.079962
2026-10-04,MAZAR,0.0
2026-10-04,MOLINO,5841.190044
2026-10-04,MSF,1801.07
2026-10-04,SOPLADORA,3360.819918
2026-10-05,CELEC_SUR,25950.460812
2026-10-05,MAZAR,1221.273233
2026-10-05,MOLINO,14888.331928
2026-10-05,MSF,1503.55
2026-10-05,SOPLADORA,8337.305651
2026-10-06,CELEC_SUR,34009.411768
2026-10-06,MAZAR,2257.889656
2026-10-06,MOLINO,19599.752514
2026-10-06,MSF,1866.67
2026-10-06,SOPLADORA,10285.099598
2026-10-07,CELEC_SUR,33705.660853
2026-10-07,MAZAR,2900.446793
2026-10-07,MOLINO,18964.897033
2026-10-07,MSF,1703.91
2026-10-07,SOPLADORA,10136.407027
2026-10-08,CELEC_SUR,37173.210674
2026-10-08,MAZAR,3477.888192
2026-10-08,MOLINO,21177.481187
2026-10-08,MSF,1651.71
2026-10-08,SOPLADORA,10866.131295
2026-10-09,CELEC_SUR,31185.830229
2026-10-09,MAZAR,2134.481082
2026-10-09,MOLINO,18449.011574
2026-10-09,MSF,489.93
2026-10-09,SOPLADORA,10112.407573
