fecha_hora,planta,MWh
2026-09-06T01:00:00-05:00,CELEC_SUR,1350.03032
2026-09-06T01:00:00-05:00,MAZAR,129.603205
2026-09-06T01:00:00-05:00,MOLINO,811.022502
2026-09-06T01:00:00-05:00,MSF,83.7
2026-09-06T01:00:00-05:00,SOPLADORA,325.704613
2026-09-06T02:00:00-05:00,CELEC_SUR,1216.001662
2026-09-06T02:00:00-05:00,MAZAR,129.580679
2026-09-06T02:00:00-05:00,MOLINO,740.666522
2026-09-06T02:00:00-05:00,MSF,20.25
2026-09-06T02:00:00-05:00,SOPLADORA,325.504461
2026-09-06T03:00:00-05:00,CELEC_SUR,997.787329
2026-09-06T03:00:00-05:00,MAZAR,129.591593
2026-09-06T03:00:00-05:00,MOLINO,543.546601
2026-09-06T03:00:00-05:00,MSF,17.0
2026-09-06T03:00:00-05:00,SOPLADORA,307.649135
2026-09-06T04:00:00-05:00,CELEC_SUR,826.471883
2026-09-06T04:00:00-05:00,MAZAR,129.619741
2026-09-06T04:00:00-05:00,MOLINO,431.337987
2026-09-06T04:00:00-05:00,MSF,10.25
2026-09-06T04:00:00-05:00,SOPLADORA,255.264155
2026-09-06T05:00:00-05:00,CELEC_SUR,709.702566
2026-09-06T05:00:00-05:00,MAZAR,104.012858
2026-09-06T05:00:00-05:00,MOLINO,378.854714
2026-09-06T05:00:00-05:00,MSF,10.0
2026-09-06T05:00:00-05:00,SOPLADORA,216.834994
2026-09-06T06:00:00-05:00,CELEC_SUR,701.125984
2026-09-06T06:00:00-05:00,MAZAR,64.76224
2026-09-06T06:00:00-05:00,MOLINO,398.982378
2026-09-06T06:00:00-05:00,MSF,10.0
2026-09-06T06:00:00-05:00,SOPLADORA,227.381366
2026-09-06T07:00:00-05:00,CELEC_SUR,637.548809
2026-09-06T07:00:00-05:00,MAZAR,64.801954
2026-09-06T07:00:00-05:00,MOLINO,366.289569
2026-09-06T07:00:00-05:00,MSF,10.0
2026-09-06T07:00:00-05:00,SOPLADORA,196.457286
2026-09-06T08:00:00-05:00,CELEC_SUR,413.565677
2026-09-06T08:00:00-05:00,MAZAR,64.823399
2026-09-06T08:00:00-05:00,MOLINO,209.615484
2026-09-06T08:00:00-05:00,MSF,10.25
2026-09-06T08:00:00-05:00,SOPLADORA,128.876794
2026-09-06T09:00:00-05:00,CELEC_SUR,551.586449
2026-09-06T09:00:00-05:00,MAZAR,64.833719
2026-09-06T09:00:00-05:00,MOLINO,289.514553
2026-09-06T09:00:00-05:00,MSF,46.0
2026-09-06T09:00:00-05:00,SOPLADORA,151.238177
2026-09-06T10:00:00-05:00,CELEC_SUR,838.813975
2026-09-06T10:00:00-05:00,MAZAR,64.833452
2026-09-06T10:00:00-05:00,MOLINO,413.686677
2026-09-06T10:00:00-05:00,MSF,118.25
2026-09-06T10:00:00-05:00,SOPLADORA,242.043846
2026-09-06T11:00:00-05:00,CELEC_SUR,979.994558
2026-09-06T11:00:00-05:00,MAZAR,143.872794
2026-09-06T11:00:00-05:00,MOLINO,461.051176
2026-09-06T11:00:00-05:00,MSF,105.25
2026-09-06T11:00:00-05:00,SOPLADORA,269.820588
2026-09-06T12:00:00-05:00,CELEC_SUR,1033.561259
2026-09-06T12:00:00-05:00,MAZAR,170.09111
2026-09-06T12:00:00-05:00,MOLINO,466.931836
2026-09-06T12:00:00-05:00,MSF,123.75
2026-09-06T12:00:00-05:00,SOPLADORA,272.788313
2026-09-06T13:00:00-05:00,CELEC_SUR,1149.710752
2026-09-06T13:00:00-05:00,MAZAR,170.077844
2026-09-06T13:00:00-05:00,MOLINO,504.012684
2026-09-06T13:00:00-05:00,MSF,185.75
2026-09-06T13:00:00-05:00,SOPLADORA,289.870224
2026-09-06T14:00:00-05:00,CELEC_SUR,1184.314595
2026-09-06T14:00:00-05:00,MAZAR,170.114219
2026-09-06T14:00:00-05:00,MOLINO,509.779739
2026-09-06T14:00:00-05:00,MSF,202.75
2026-09-06T14:00:00-05:00,SOPLADORA,301.670637
2026-09-06T15:00:00-05:00,CELEC_SUR,1189.802648
2026-09-06T15:00:00-05:00,MAZAR,170.111287
2026-09-06T15:00:00-05:00,MOLINO,517.571321
2026-09-06T15:00:00-05:00,MSF,203.25
2026-09-06T15:00:00-05:00,SOPLADORA,298.87004
2026-09-06T16:00:00-05:00,CELEC_SUR,1143.227753
2026-09-06T16:00:00-05:00,MAZAR,170.110718
2026-09-06T16:00:00-05:00,MOLINO,483.123203
2026-09-06T16:00:00-05:00,MSF,203.0
2026-09-06T16:00:00-05:00,SOPLADORA,286.993832
2026-09-06T17:00:00-05:00,CELEC_SUR,1123.677516
2026-09-06T17:00:00-05:00,MAZAR,169.423855
2026-09-06T17:00:00-05:00,MOLINO,498.744217
2026-09-06T17:00:00-05:00,MSF,164.25
2026-09-06T17:00:00-05:00,SOPLADORA,291.259444
2026-09-06T18:00:00-05:00,CELEC_SUR,1289.872274
2026-09-06T18:00:00-05:00,MAZAR,151.648813
2026-09-06T18:00:00-05:00,MOLINO,638.431881
2026-09-06T18:00:00-05:00,MSF,151.0
2026-09-06T18:00:00-05:00,SOPLADORA,348.79158
2026-09-06T19:00:00-05:00,CELEC_SUR,1555.602404
2026-09-06T19:00:00-05:00,MAZAR,168.788478
2026-09-06T19:00:00-05:00,MOLINO,787.144238
2026-09-06T19:00:00-05:00,MSF,151.3
2026-09-06T19:00:00-05:00,SOPLADORA,448.369688
2026-09-06T20:00:00-05:00,CELEC_SUR,1578.778691
2026-09-06T20:00:00-05:00,MAZAR,170.290014
2026-09-06T20:00:00-05:00,MOLINO,802.302372
2026-09-06T20:00:00-05:00,MSF,151.25
2026-09-06T20:00:00-05:00,SOPLADORA,454.936305
2026-09-06T21:00:00-05:00,CELEC_SUR,1580.981928
2026-09-06T21:00:00-05:00,MAZAR,170.283215
2026-09-06T21:00:00-05:00,MOLINO,804.469101
2026-09-06T21:00:00-05:00,MSF,151.25
2026-09-06T21:00:00-05:00,SOPLADORA,454.979612
2026-09-06T22:00:00-05:00,CELEC_SUR,1492.206835
2026-09-06T22:00:00-05:00,MAZAR,170.275296
2026-09-06T22:00:00-05:00,MOLINO,738.312914
2026-09-06T22:00:00-05:00,MSF,151.25
2026-09-06T22:00:00-05:00,SOPLADORA,432.368625
2026-09-06T23:00:00-05:00,CELEC_SUR,1359.602872
2026-09-06T23:00:00-05:00,MAZAR,170.290057
2026-09-06T23:00:00-05:00,MOLINO,658.310651
2026-09-06T23:00:00-05:00,MSF,151.0
2026-09-06T23:00:00-05:00,SOPLADORA,380.002164
2026-09-07T00:00:00-05:00,CELEC_SUR,1355.062208
2026-09-07T00:00:00-05:00,MAZAR,170.290637
2026-09-07T00:00:00-05:00,MOLINO,665.403754
2026-09-07T00:00:00-05:00,MSF,138.5
2026-09-07T00:00:00-05:00,SOPLADORA,380.867817
2026-09-07T01:00:00-05:00,CELEC_SUR,1380.475959
2026-09-07T01:00:00-05:00,MAZAR,170.262719
2026-09-07T01:00:00-05:00,MOLINO,737.747768
2026-09-07T01:00:00-05:00,MSF,46.0
2026-09-07T01:00:00-05:00,SOPLADORA,426.465472
2026-09-07T02:00:00-05:00,CELEC_SUR,1350.989076
2026-09-07T02:00:00-05:00,MAZAR,170.28778
2026-09-07T02:00:00-05:00,MOLINO,749.302214
2026-09-07T02:00:00-05:00,MSF,0.5
2026-09-07T02:00:00-05:00,SOPLADORA,430.899082
2026-09-07T03:00:00-05:00,CELEC_SUR,1259.936784
2026-09-07T03:00:00-05:00,MAZAR,144.992511
2026-09-07T03:00:00-05:00,MOLINO,706.52689
2026-09-07T03:00:00-05:00,MSF,0.0
2026-09-07T03:00:00-05:00,SOPLADORA,408.417383
2026-09-07T04:00:00-05:00,CELEC_SUR,1130.560021
2026-09-07T04:00:00-05:00,MAZAR,131.456053
2026-09-07T04:00:00-05:00,MOLINO,631.079004
2026-09-07T04:00:00-05:00,MSF,0.0
2026-09-07T04:00:00-05:00,SOPLADORA,368.024964
2026-09-07T05:00:00-05:00,CELEC_SUR,1041.865244
2026-09-07T05:00:00-05:00,MAZAR,131.521572
2026-09-07T05:00:00-05:00,MOLINO,578.846252
2026-09-07T05:00:00-05:00,MSF,0.0
2026-09-07T05:00:00-05:00,SOPLADORA,331.49742
2026-09-07T06:00:00-05:00,CELEC_SUR,1116.036243
2026-09-07T06:00:00-05:00,MAZAR,71.215876
2026-09-07T06:00:00-05:00,MOLINO,659.091695
2026-09-07T06:00:00-05:00,MSF,10.0
2026-09-07T06:00:00-05:00,SOPLADORA,375.728672
2026-09-07T07:00:00-05:00,CELEC_SUR,1073.067222
2026-09-07T07:00:00-05:00,MAZAR,65.622238
2026-09-07T07:00:00-05:00,MOLINO,628.348965
2026-09-07T07:00:00-05:00,MSF,10.0
2026-09-07T07:00:00-05:00,SOPLADORA,369.096019
2026-09-07T08:00:00-05:00,CELEC_SUR,1018.141035
2026-09-07T08:00:00-05:00,MAZAR,65.615438
2026-09-07T08:00:00-05:00,MOLINO,597.432826
2026-09-07T08:00:00-05:00,MSF,11.5
2026-09-07T08:00:00-05:00,SOPLADORA,343.592771
2026-09-07T09:00:00-05:00,CELEC_SUR,1288.404481
2026-09-07T09:00:00-05:00,MAZAR,155.807033
2026-09-07T09:00:00-05:00,MOLINO,705.637888
2026-09-07T09:00:00-05:00,MSF,21.75
2026-09-07T09:00:00-05:00,SOPLADORA,405.20956
2026-09-07T10:00:00-05:00,CELEC_SUR,1613.984526
2026-09-07T10:00:00-05:00,MAZAR,170.051248
2026-09-07T10:00:00-05:00,MOLINO,911.496665
2026-09-07T10:00:00-05:00,MSF,57.5
2026-09-07T10:00:00-05:00,SOPLADORA,474.936613
2026-09-07T11:00:00-05:00,CELEC_SUR,1739.827518
2026-09-07T11:00:00-05:00,MAZAR,169.988608
2026-09-07T11:00:00-05:00,MOLINO,1011.108762
2026-09-07T11:00:00-05:00,MSF,72.25
2026-09-07T11:00:00-05:00,SOPLADORA,486.480148
2026-09-07T12:00:00-05:00,CELEC_SUR,1838.202931
2026-09-07T12:00:00-05:00,MAZAR,169.944588
2026-09-07T12:00:00-05:00,MOLINO,1063.546656
2026-09-07T12:00:00-05:00,MSF,118.0
2026-09-07T12:00:00-05:00,SOPLADORA,486.711687
2026-09-07T13:00:00-05:00,CELEC_SUR,1868.702698
2026-09-07T13:00:00-05:00,MAZAR,169.921718
2026-09-07T13:00:00-05:00,MOLINO,1103.840758
2026-09-07T13:00:00-05:00,MSF,108.0
2026-09-07T13:00:00-05:00,SOPLADORA,486.940222
2026-09-07T14:00:00-05:00,CELEC_SUR,1943.0255
2026-09-07T14:00:00-05:00,MAZAR,169.902773
2026-09-07T14:00:00-05:00,MOLINO,1103.487672
2026-09-07T14:00:00-05:00,MSF,182.75
2026-09-07T14:00:00-05:00,SOPLADORA,486.885055
2026-09-07T15:00:00-05:00,CELEC_SUR,1942.886449
2026-09-07T15:00:00-05:00,MAZAR,169.914054
2026-09-07T15:00:00-05:00,MOLINO,1103.331714
2026-09-07T15:00:00-05:00,MSF,182.75
2026-09-07T15:00:00-05:00,SOPLADORA,486.890681
2026-09-07T16:00:00-05:00,CELEC_SUR,1944.656246
2026-09-07T16:00:00-05:00,MAZAR,169.92327
2026-09-07T16:00:00-05:00,MOLINO,1103.352273
2026-09-07T16:00:00-05:00,MSF,184.5
2026-09-07T16:00:00-05:00,SOPLADORA,486.880703
2026-09-07T17:00:00-05:00,CELEC_SUR,1938.901397
2026-09-07T17:00:00-05:00,MAZAR,169.918951
2026-09-07T17:00:00-05:00,MOLINO,1103.095439
2026-09-07T17:00:00-05:00,MSF,180.0
2026-09-07T17:00:00-05:00,SOPLADORA,485.887007
2026-09-07T18:00:00-05:00,CELEC_SUR,1844.307103
2026-09-07T18:00:00-05:00,MAZAR,169.942402
2026-09-07T18:00:00-05:00,MOLINO,1103.467455
2026-09-07T18:00:00-05:00,MSF,85.0
2026-09-07T18:00:00-05:00,SOPLADORA,485.897246
2026-09-07T19:00:00-05:00,CELEC_SUR,1845.779573
2026-09-07T19:00:00-05:00,MAZAR,169.914691
2026-09-07T19:00:00-05:00,MOLINO,1103.699471
2026-09-07T19:00:00-05:00,MSF,86.25
2026-09-07T19:00:00-05:00,SOPLADORA,485.915411
2026-09-07T20:00:00-05:00,CELEC_SUR,1866.884752
2026-09-07T20:00:00-05:00,MAZAR,169.933048
2026-09-07T20:00:00-05:00,MOLINO,1102.967716
2026-09-07T20:00:00-05:00,MSF,108.0
2026-09-07T20:00:00-05:00,SOPLADORA,485.983988
2026-09-07T21:00:00-05:00,CELEC_SUR,1827.791409
2026-09-07T21:00:00-05:00,MAZAR,169.960596
2026-09-07T21:00:00-05:00,MOLINO,1102.786061
2026-09-07T21:00:00-05:00,MSF,69.0
2026-09-07T21:00:00-05:00,SOPLADORA,486.044752
2026-09-07T22:00:00-05:00,CELEC_SUR,1783.480063
2026-09-07T22:00:00-05:00,MAZAR,159.659399
2026-09-07T22:00:00-05:00,MOLINO,1103.265169
2026-09-07T22:00:00-05:00,MSF,34.5
2026-09-07T22:00:00-05:00,SOPLADORA,486.055495
2026-09-07T23:00:00-05:00,CELEC_SUR,1681.446588
2026-09-07T23:00:00-05:00,MAZAR,131.335856
2026-09-07T23:00:00-05:00,MOLINO,1042.274254
2026-09-07T23:00:00-05:00,MSF,22.0
2026-09-07T23:00:00-05:00,SOPLADORA,485.836478
2026-09-08T00:00:00-05:00,CELEC_SUR,1401.938629
2026-09-08T00:00:00-05:00,MAZAR,67.626325
2026-09-08T00:00:00-05:00,MOLINO,844.83353
2026-09-08T00:00:00-05:00,MSF,15.75
2026-09-08T00:00:00-05:00,SOPLADORA,473.728774
2026-09-08T01:00:00-05:00,CELEC_SUR,1271.151844
2026-09-08T01:00:00-05:00,MAZAR,65.506007
2026-09-08T01:00:00-05:00,MOLINO,763.218043
2026-09-08T01:00:00-05:00,MSF,2.75
2026-09-08T01:00:00-05:00,SOPLADORA,439.677794
2026-09-08T02:00:00-05:00,CELEC_SUR,1302.234486
2026-09-08T02:00:00-05:00,MAZAR,65.540336
2026-09-08T02:00:00-05:00,MOLINO,781.898951
2026-09-08T02:00:00-05:00,MSF,0.0
2026-09-08T02:00:00-05:00,SOPLADORA,454.795199
2026-09-08T03:00:00-05:00,CELEC_SUR,1300.236501
2026-09-08T03:00:00-05:00,MAZAR,65.531872
2026-09-08T03:00:00-05:00,MOLINO,785.732749
2026-09-08T03:00:00-05:00,MSF,0.0
2026-09-08T03:00:00-05:00,SOPLADORA,448.97188
2026-09-08T04:00:00-05:00,CELEC_SUR,1165.927019
2026-09-08T04:00:00-05:00,MAZAR,120.317915
2026-09-08T04:00:00-05:00,MOLINO,660.171727
2026-09-08T04:00:00-05:00,MSF,0.0
2026-09-08T04:00:00-05:00,SOPLADORA,385.437377
2026-09-08T05:00:00-05:00,CELEC_SUR,1117.850818
2026-09-08T05:00:00-05:00,MAZAR,130.605996
2026-09-08T05:00:00-05:00,MOLINO,623.591225
2026-09-08T05:00:00-05:00,MSF,0.0
2026-09-08T05:00:00-05:00,SOPLADORA,363.653597
2026-09-08T06:00:00-05:00,CELEC_SUR,1192.045583
2026-09-08T06:00:00-05:00,MAZAR,130.600279
2026-09-08T06:00:00-05:00,MOLINO,668.959673
2026-09-08T06:00:00-05:00,MSF,10.0
2026-09-08T06:00:00-05:00,SOPLADORA,382.485631
2026-09-08T07:00:00-05:00,CELEC_SUR,1185.559644
2026-09-08T07:00:00-05:00,MAZAR,130.61507
2026-09-08T07:00:00-05:00,MOLINO,656.787575
2026-09-08T07:00:00-05:00,MSF,11.75
2026-09-08T07:00:00-05:00,SOPLADORA,386.406999
2026-09-08T08:00:00-05:00,CELEC_SUR,1082.631186
2026-09-08T08:00:00-05:00,MAZAR,130.654404
2026-09-08T08:00:00-05:00,MOLINO,600.220327
2026-09-08T08:00:00-05:00,MSF,10.0
2026-09-08T08:00:00-05:00,SOPLADORA,341.756455
2026-09-08T09:00:00-05:00,CELEC_SUR,1429.338235
2026-09-08T09:00:00-05:00,MAZAR,130.609282
2026-09-08T09:00:00-05:00,MOLINO,808.428874
2026-09-08T09:00:00-05:00,MSF,27.25
2026-09-08T09:00:00-05:00,SOPLADORA,463.050079
2026-09-08T10:00:00-05:00,CELEC_SUR,1533.194316
2026-09-08T10:00:00-05:00,MAZAR,158.030942
2026-09-08T10:00:00-05:00,MOLINO,857.330572
2026-09-08T10:00:00-05:00,MSF,31.5
2026-09-08T10:00:00-05:00,SOPLADORA,486.332802
2026-09-08T11:00:00-05:00,CELEC_SUR,1626.127099
2026-09-08T11:00:00-05:00,MAZAR,170.194921
2026-09-08T11:00:00-05:00,MOLINO,935.623507
2026-09-08T11:00:00-05:00,MSF,33.25
2026-09-08T11:00:00-05:00,SOPLADORA,487.058671
2026-09-08T12:00:00-05:00,CELEC_SUR,1722.946724
2026-09-08T12:00:00-05:00,MAZAR,170.116198
2026-09-08T12:00:00-05:00,MOLINO,1004.819354
2026-09-08T12:00:00-05:00,MSF,60.5
2026-09-08T12:00:00-05:00,SOPLADORA,487.511172
2026-09-08T13:00:00-05:00,CELEC_SUR,1808.030379
2026-09-08T13:00:00-05:00,MAZAR,170.09575
2026-09-08T13:00:00-05:00,MOLINO,1088.274187
2026-09-08T13:00:00-05:00,MSF,61.75
2026-09-08T13:00:00-05:00,SOPLADORA,487.910442
2026-09-08T14:00:00-05:00,CELEC_SUR,1855.970067
2026-09-08T14:00:00-05:00,MAZAR,170.117928
2026-09-08T14:00:00-05:00,MOLINO,1104.069177
2026-09-08T14:00:00-05:00,MSF,93.75
2026-09-08T14:00:00-05:00,SOPLADORA,488.032962
2026-09-08T15:00:00-05:00,CELEC_SUR,1901.176003
2026-09-08T15:00:00-05:00,MAZAR,170.12164
2026-09-08T15:00:00-05:00,MOLINO,1103.319625
2026-09-08T15:00:00-05:00,MSF,139.75
2026-09-08T15:00:00-05:00,SOPLADORA,487.984738
2026-09-08T16:00:00-05:00,CELEC_SUR,1915.049749
2026-09-08T16:00:00-05:00,MAZAR,170.117955
2026-09-08T16:00:00-05:00,MOLINO,1102.966125
2026-09-08T16:00:00-05:00,MSF,154.0
2026-09-08T16:00:00-05:00,SOPLADORA,487.965669
2026-09-08T17:00:00-05:00,CELEC_SUR,1912.912902
2026-09-08T17:00:00-05:00,MAZAR,170.103622
2026-09-08T17:00:00-05:00,MOLINO,1103.58917
2026-09-08T17:00:00-05:00,MSF,151.25
2026-09-08T17:00:00-05:00,SOPLADORA,487.97011
2026-09-08T18:00:00-05:00,CELEC_SUR,1789.72287
2026-09-08T18:00:00-05:00,MAZAR,170.106468
2026-09-08T18:00:00-05:00,MOLINO,1031.204741
2026-09-08T18:00:00-05:00,MSF,100.75
2026-09-08T18:00:00-05:00,SOPLADORA,487.661661
2026-09-08T19:00:00-05:00,CELEC_SUR,1803.606635
2026-09-08T19:00:00-05:00,MAZAR,170.097003
2026-09-08T19:00:00-05:00,MOLINO,1007.432452
2026-09-08T19:00:00-05:00,MSF,138.5
2026-09-08T19:00:00-05:00,SOPLADORA,487.57718
2026-09-08T20:00:00-05:00,CELEC_SUR,1815.685519
2026-09-08T20:00:00-05:00,MAZAR,170.090306
2026-09-08T20:00:00-05:00,MOLINO,1007.273419
2026-09-08T20:00:00-05:00,MSF,150.75
2026-09-08T20:00:00-05:00,SOPLADORA,487.571794
2026-09-08T21:00:00-05:00,CELEC_SUR,1863.184948
2026-09-08T21:00:00-05:00,MAZAR,170.098122
2026-09-08T21:00:00-05:00,MOLINO,1006.758933
2026-09-08T21:00:00-05:00,MSF,198.75
2026-09-08T21:00:00-05:00,SOPLADORA,487.577893
2026-09-08T22:00:00-05:00,CELEC_SUR,1875.311494
2026-09-08T22:00:00-05:00,MAZAR,170.091435
2026-09-08T22:00:00-05:00,MOLINO,1006.878211
2026-09-08T22:00:00-05:00,MSF,210.75
2026-09-08T22:00:00-05:00,SOPLADORA,487.591848
2026-09-08T23:00:00-05:00,CELEC_SUR,1825.159954
2026-09-08T23:00:00-05:00,MAZAR,170.068169
2026-09-08T23:00:00-05:00,MOLINO,1007.7502
2026-09-08T23:00:00-05:00,MSF,159.75
2026-09-08T23:00:00-05:00,SOPLADORA,487.591585
2026-09-09T00:00:00-05:00,CELEC_SUR,1682.0809
2026-09-09T00:00:00-05:00,MAZAR,170.060002
2026-09-09T00:00:00-05:00,MOLINO,997.722578
2026-09-09T00:00:00-05:00,MSF,26.75
2026-09-09T00:00:00-05:00,SOPLADORA,487.54832
2026-09-09T01:00:00-05:00,CELEC_SUR,1606.75845
2026-09-09T01:00:00-05:00,MAZAR,157.715295
2026-09-09T01:00:00-05:00,MOLINO,952.992124
2026-09-09T01:00:00-05:00,MSF,8.75
2026-09-09T01:00:00-05:00,SOPLADORA,487.301031
2026-09-09T02:00:00-05:00,CELEC_SUR,1445.978437
2026-09-09T02:00:00-05:00,MAZAR,131.138818
2026-09-09T02:00:00-05:00,MOLINO,837.49164
2026-09-09T02:00:00-05:00,MSF,0.0
2026-09-09T02:00:00-05:00,SOPLADORA,477.347979
2026-09-09T03:00:00-05:00,CELEC_SUR,1349.072481
2026-09-09T03:00:00-05:00,MAZAR,131.128644
2026-09-09T03:00:00-05:00,MOLINO,773.533905
2026-09-09T03:00:00-05:00,MSF,0.0
2026-09-09T03:00:00-05:00,SOPLADORA,444.409932
2026-09-09T04:00:00-05:00,CELEC_SUR,1241.076238
2026-09-09T04:00:00-05:00,MAZAR,131.158861
2026-09-09T04:00:00-05:00,MOLINO,704.632474
2026-09-09T04:00:00-05:00,MSF,0.0
2026-09-09T04:00:00-05:00,SOPLADORA,405.284903
2026-09-09T05:00:00-05:00,CELEC_SUR,1190.790565
2026-09-09T05:00:00-05:00,MAZAR,131.153538
2026-09-09T05:00:00-05:00,MOLINO,670.884728
2026-09-09T05:00:00-05:00,MSF,0.0
2026-09-09T05:00:00-05:00,SOPLADORA,388.752299
2026-09-09T06:00:00-05:00,CELEC_SUR,1282.742381
2026-09-09T06:00:00-05:00,MAZAR,131.160005
2026-09-09T06:00:00-05:00,MOLINO,727.051248
2026-09-09T06:00:00-05:00,MSF,9.5
2026-09-09T06:00:00-05:00,SOPLADORA,415.031128
2026-09-09T07:00:00-05:00,CELEC_SUR,1236.870891
2026-09-09T07:00:00-05:00,MAZAR,131.199457
2026-09-09T07:00:00-05:00,MOLINO,692.348075
2026-09-09T07:00:00-05:00,MSF,11.5
2026-09-09T07:00:00-05:00,SOPLADORA,401.823359
2026-09-09T08:00:00-05:00,CELEC_SUR,1259.130205
2026-09-09T08:00:00-05:00,MAZAR,152.014938
2026-09-09T08:00:00-05:00,MOLINO,695.5003
2026-09-09T08:00:00-05:00,MSF,11.5
2026-09-09T08:00:00-05:00,SOPLADORA,400.114967
2026-09-09T09:00:00-05:00,CELEC_SUR,1410.025959
2026-09-09T09:00:00-05:00,MAZAR,169.984108
2026-09-09T09:00:00-05:00,MOLINO,779.788996
2026-09-09T09:00:00-05:00,MSF,10.25
2026-09-09T09:00:00-05:00,SOPLADORA,450.002855
2026-09-09T10:00:00-05:00,CELEC_SUR,1572.117261
2026-09-09T10:00:00-05:00,MAZAR,169.929137
2026-09-09T10:00:00-05:00,MOLINO,904.904371
2026-09-09T10:00:00-05:00,MSF,11.5
2026-09-09T10:00:00-05:00,SOPLADORA,485.783753
2026-09-09T11:00:00-05:00,CELEC_SUR,1666.252966
2026-09-09T11:00:00-05:00,MAZAR,169.905428
2026-09-09T11:00:00-05:00,MOLINO,997.776373
2026-09-09T11:00:00-05:00,MSF,11.5
2026-09-09T11:00:00-05:00,SOPLADORA,487.071165
2026-09-09T12:00:00-05:00,CELEC_SUR,1675.997692
2026-09-09T12:00:00-05:00,MAZAR,169.900509
2026-09-09T12:00:00-05:00,MOLINO,997.554227
2026-09-09T12:00:00-05:00,MSF,21.5
2026-09-09T12:00:00-05:00,SOPLADORA,487.042956
2026-09-09T13:00:00-05:00,CELEC_SUR,1685.6778
2026-09-09T13:00:00-05:00,MAZAR,169.927132
2026-09-09T13:00:00-05:00,MOLINO,997.713373
2026-09-09T13:00:00-05:00,MSF,31.0
2026-09-09T13:00:00-05:00,SOPLADORA,487.037295
2026-09-09T14:00:00-05:00,CELEC_SUR,1688.008322
2026-09-09T14:00:00-05:00,MAZAR,169.875787
2026-09-09T14:00:00-05:00,MOLINO,996.311407
2026-09-09T14:00:00-05:00,MSF,34.75
2026-09-09T14:00:00-05:00,SOPLADORA,487.071128
2026-09-09T15:00:00-05:00,CELEC_SUR,1731.132195
2026-09-09T15:00:00-05:00,MAZAR,169.881115
2026-09-09T15:00:00-05:00,MOLINO,993.404107
2026-09-09T15:00:00-05:00,MSF,80.75
2026-09-09T15:00:00-05:00,SOPLADORA,487.096973
2026-09-09T16:00:00-05:00,CELEC_SUR,1750.282097
2026-09-09T16:00:00-05:00,MAZAR,169.870614
2026-09-09T16:00:00-05:00,MOLINO,994.041897
2026-09-09T16:00:00-05:00,MSF,99.25
2026-09-09T16:00:00-05:00,SOPLADORA,487.119586
2026-09-09T17:00:00-05:00,CELEC_SUR,1749.937871
2026-09-09T17:00:00-05:00,MAZAR,169.910535
2026-09-09T17:00:00-05:00,MOLINO,993.472956
2026-09-09T17:00:00-05:00,MSF,99.5
2026-09-09T17:00:00-05:00,SOPLADORA,487.05438
2026-09-09T18:00:00-05:00,CELEC_SUR,1754.307761
2026-09-09T18:00:00-05:00,MAZAR,169.882364
2026-09-09T18:00:00-05:00,MOLINO,994.95758
2026-09-09T18:00:00-05:00,MSF,102.5
2026-09-09T18:00:00-05:00,SOPLADORA,486.967817
2026-09-09T19:00:00-05:00,CELEC_SUR,1772.104031
2026-09-09T19:00:00-05:00,MAZAR,169.957573
2026-09-09T19:00:00-05:00,MOLINO,994.0942
2026-09-09T19:00:00-05:00,MSF,121.0
2026-09-09T19:00:00-05:00,SOPLADORA,487.052258
2026-09-09T20:00:00-05:00,CELEC_SUR,1756.548696
2026-09-09T20:00:00-05:00,MAZAR,169.9651
2026-09-09T20:00:00-05:00,MOLINO,993.471773
2026-09-09T20:00:00-05:00,MSF,106.0
2026-09-09T20:00:00-05:00,SOPLADORA,487.111823
2026-09-09T21:00:00-05:00,CELEC_SUR,1752.392214
2026-09-09T21:00:00-05:00,MAZAR,169.957187
2026-09-09T21:00:00-05:00,MOLINO,996.345958
2026-09-09T21:00:00-05:00,MSF,99.0
2026-09-09T21:00:00-05:00,SOPLADORA,487.089069
2026-09-09T22:00:00-05:00,CELEC_SUR,1697.429048
2026-09-09T22:00:00-05:00,MAZAR,169.915862
2026-09-09T22:00:00-05:00,MOLINO,996.418785
2026-09-09T22:00:00-05:00,MSF,44.0
2026-09-09T22:00:00-05:00,SOPLADORA,487.094401
2026-09-09T23:00:00-05:00,CELEC_SUR,1578.891684
2026-09-09T23:00:00-05:00,MAZAR,168.688889
2026-09-09T23:00:00-05:00,MOLINO,893.652271
2026-09-09T23:00:00-05:00,MSF,30.2
2026-09-09T23:00:00-05:00,SOPLADORA,486.350524
2026-09-10T00:00:00-05:00,CELEC_SUR,1429.62618
2026-09-10T00:00:00-05:00,MAZAR,131.273219
2026-09-10T00:00:00-05:00,MOLINO,806.86302
2026-09-10T00:00:00-05:00,MSF,24.05
2026-09-10T00:00:00-05:00,SOPLADORA,467.439941
2026-09-10T01:00:00-05:00,CELEC_SUR,1299.64599
2026-09-10T01:00:00-05:00,MAZAR,77.210452
2026-09-10T01:00:00-05:00,MOLINO,772.0549
2026-09-10T01:00:00-05:00,MSF,10.1
2026-09-10T01:00:00-05:00,SOPLADORA,440.280638
2026-09-10T02:00:00-05:00,CELEC_SUR,1280.561916
2026-09-10T02:00:00-05:00,MAZAR,65.536394
2026-09-10T02:00:00-05:00,MOLINO,762.449156
2026-09-10T02:00:00-05:00,MSF,10.0
2026-09-10T02:00:00-05:00,SOPLADORA,442.576366
2026-09-10T03:00:00-05:00,CELEC_SUR,1135.23141
2026-09-10T03:00:00-05:00,MAZAR,65.561946
2026-09-10T03:00:00-05:00,MOLINO,669.196225
2026-09-10T03:00:00-05:00,MSF,10.1
2026-09-10T03:00:00-05:00,SOPLADORA,390.373239
2026-09-10T04:00:00-05:00,CELEC_SUR,987.879361
2026-09-10T04:00:00-05:00,MAZAR,65.56164
2026-09-10T04:00:00-05:00,MOLINO,580.867548
2026-09-10T04:00:00-05:00,MSF,10.1
2026-09-10T04:00:00-05:00,SOPLADORA,331.350173
2026-09-10T05:00:00-05:00,CELEC_SUR,996.124852
2026-09-10T05:00:00-05:00,MAZAR,65.577083
2026-09-10T05:00:00-05:00,MOLINO,579.377152
2026-09-10T05:00:00-05:00,MSF,10.0
2026-09-10T05:00:00-05:00,SOPLADORA,341.170617
2026-09-10T06:00:00-05:00,CELEC_SUR,947.6286
2026-09-10T06:00:00-05:00,MAZAR,65.593394
2026-09-10T06:00:00-05:00,MOLINO,551.361928
2026-09-10T06:00:00-05:00,MSF,10.0
2026-09-10T06:00:00-05:00,SOPLADORA,320.673278
2026-09-10T07:00:00-05:00,CELEC_SUR,947.951027
2026-09-10T07:00:00-05:00,MAZAR,65.604957
2026-09-10T07:00:00-05:00,MOLINO,551.974172
2026-09-10T07:00:00-05:00,MSF,10.1
2026-09-10T07:00:00-05:00,SOPLADORA,320.271898
2026-09-10T08:00:00-05:00,CELEC_SUR,962.24822
2026-09-10T08:00:00-05:00,MAZAR,72.344977
2026-09-10T08:00:00-05:00,MOLINO,559.571123
2026-09-10T08:00:00-05:00,MSF,9.94
2026-09-10T08:00:00-05:00,SOPLADORA,320.39212
2026-09-10T09:00:00-05:00,CELEC_SUR,1257.989475
2026-09-10T09:00:00-05:00,MAZAR,157.626419
2026-09-10T09:00:00-05:00,MOLINO,695.304616
2026-09-10T09:00:00-05:00,MSF,9.99
2026-09-10T09:00:00-05:00,SOPLADORA,395.06844
2026-09-10T10:00:00-05:00,CELEC_SUR,1582.028175
2026-09-10T10:00:00-05:00,MAZAR,170.230577
2026-09-10T10:00:00-05:00,MOLINO,913.944918
2026-09-10T10:00:00-05:00,MSF,12.64
2026-09-10T10:00:00-05:00,SOPLADORA,485.21268
2026-09-10T11:00:00-05:00,CELEC_SUR,1698.976605
2026-09-10T11:00:00-05:00,MAZAR,170.198408
2026-09-10T11:00:00-05:00,MOLINO,997.641729
2026-09-10T11:00:00-05:00,MSF,43.83
2026-09-10T11:00:00-05:00,SOPLADORA,487.306468
2026-09-10T12:00:00-05:00,CELEC_SUR,1812.036281
2026-09-10T12:00:00-05:00,MAZAR,170.177648
2026-09-10T12:00:00-05:00,MOLINO,997.4232
2026-09-10T12:00:00-05:00,MSF,157.25
2026-09-10T12:00:00-05:00,SOPLADORA,487.185433
2026-09-10T13:00:00-05:00,CELEC_SUR,1855.783317
2026-09-10T13:00:00-05:00,MAZAR,170.167648
2026-09-10T13:00:00-05:00,MOLINO,997.442412
2026-09-10T13:00:00-05:00,MSF,201.0
2026-09-10T13:00:00-05:00,SOPLADORA,487.173257
2026-09-10T14:00:00-05:00,CELEC_SUR,1877.508793
2026-09-10T14:00:00-05:00,MAZAR,170.120249
2026-09-10T14:00:00-05:00,MOLINO,995.239453
2026-09-10T14:00:00-05:00,MSF,225.0
2026-09-10T14:00:00-05:00,SOPLADORA,487.149091
2026-09-10T15:00:00-05:00,CELEC_SUR,1881.048772
2026-09-10T15:00:00-05:00,MAZAR,170.123725
2026-09-10T15:00:00-05:00,MOLINO,959.356016
2026-09-10T15:00:00-05:00,MSF,264.66
2026-09-10T15:00:00-05:00,SOPLADORA,486.909031
2026-09-10T16:00:00-05:00,CELEC_SUR,1947.826569
2026-09-10T16:00:00-05:00,MAZAR,170.093413
2026-09-10T16:00:00-05:00,MOLINO,1055.294118
2026-09-10T16:00:00-05:00,MSF,235.0
2026-09-10T16:00:00-05:00,SOPLADORA,487.439038
2026-09-10T17:00:00-05:00,CELEC_SUR,1904.930256
2026-09-10T17:00:00-05:00,MAZAR,167.114341
2026-09-10T17:00:00-05:00,MOLINO,1099.403343
2026-09-10T17:00:00-05:00,MSF,150.75
2026-09-10T17:00:00-05:00,SOPLADORA,487.662572
2026-09-10T18:00:00-05:00,CELEC_SUR,1767.228881
2026-09-10T18:00:00-05:00,MAZAR,131.16836
2026-09-10T18:00:00-05:00,MOLINO,1100.408704
2026-09-10T18:00:00-05:00,MSF,48.0
2026-09-10T18:00:00-05:00,SOPLADORA,487.651817
2026-09-10T19:00:00-05:00,CELEC_SUR,1835.596343
2026-09-10T19:00:00-05:00,MAZAR,166.849893
2026-09-10T19:00:00-05:00,MOLINO,1103.082794
2026-09-10T19:00:00-05:00,MSF,78.0
2026-09-10T19:00:00-05:00,SOPLADORA,487.663656
2026-09-10T20:00:00-05:00,CELEC_SUR,1861.148533
2026-09-10T20:00:00-05:00,MAZAR,170.141573
2026-09-10T20:00:00-05:00,MOLINO,1105.565885
2026-09-10T20:00:00-05:00,MSF,97.75
2026-09-10T20:00:00-05:00,SOPLADORA,487.691075
2026-09-10T21:00:00-05:00,CELEC_SUR,1850.276173
2026-09-10T21:00:00-05:00,MAZAR,170.194149
2026-09-10T21:00:00-05:00,MOLINO,1091.710645
2026-09-10T21:00:00-05:00,MSF,100.75
2026-09-10T21:00:00-05:00,SOPLADORA,487.621379
2026-09-10T22:00:00-05:00,CELEC_SUR,1806.811351
2026-09-10T22:00:00-05:00,MAZAR,170.212809
2026-09-10T22:00:00-05:00,MOLINO,1062.63492
2026-09-10T22:00:00-05:00,MSF,86.5
2026-09-10T22:00:00-05:00,SOPLADORA,487.463622
2026-09-10T23:00:00-05:00,CELEC_SUR,1815.536146
2026-09-10T23:00:00-05:00,MAZAR,170.190849
2026-09-10T23:00:00-05:00,MOLINO,1045.714251
2026-09-10T23:00:00-05:00,MSF,112.25
2026-09-10T23:00:00-05:00,SOPLADORA,487.381046
2026-09-11T00:00:00-05:00,CELEC_SUR,1630.76293
2026-09-11T00:00:00-05:00,MAZAR,140.825269
2026-09-11T00:00:00-05:00,MOLINO,974.164188
2026-09-11T00:00:00-05:00,MSF,28.75
2026-09-11T00:00:00-05:00,SOPLADORA,487.023473
2026-09-11T01:00:00-05:00,CELEC_SUR,1569.336291
2026-09-11T01:00:00-05:00,MAZAR,131.219031
2026-09-11T01:00:00-05:00,MOLINO,939.102311
2026-09-11T01:00:00-05:00,MSF,12.25
2026-09-11T01:00:00-05:00,SOPLADORA,486.764949
2026-09-11T02:00:00-05:00,CELEC_SUR,1374.497366
2026-09-11T02:00:00-05:00,MAZAR,119.370618
2026-09-11T02:00:00-05:00,MOLINO,790.557181
2026-09-11T02:00:00-05:00,MSF,7.0
2026-09-11T02:00:00-05:00,SOPLADORA,457.569567
2026-09-11T03:00:00-05:00,CELEC_SUR,1315.932742
2026-09-11T03:00:00-05:00,MAZAR,65.442212
2026-09-11T03:00:00-05:00,MOLINO,794.289407
2026-09-11T03:00:00-05:00,MSF,0.0
2026-09-11T03:00:00-05:00,SOPLADORA,456.201123
2026-09-11T04:00:00-05:00,CELEC_SUR,1332.661599
2026-09-11T04:00:00-05:00,MAZAR,65.448944
2026-09-11T04:00:00-05:00,MOLINO,806.280541
2026-09-11T04:00:00-05:00,MSF,0.0
2026-09-11T04:00:00-05:00,SOPLADORA,460.932114
2026-09-11T05:00:00-05:00,CELEC_SUR,1234.901696
2026-09-11T05:00:00-05:00,MAZAR,65.470358
2026-09-11T05:00:00-05:00,MOLINO,738.342883
2026-09-11T05:00:00-05:00,MSF,0.0
2026-09-11T05:00:00-05:00,SOPLADORA,431.088455
2026-09-11T06:00:00-05:00,CELEC_SUR,1133.553385
2026-09-11T06:00:00-05:00,MAZAR,65.46313
2026-09-11T06:00:00-05:00,MOLINO,663.75571
2026-09-11T06:00:00-05:00,MSF,10.25
2026-09-11T06:00:00-05:00,SOPLADORA,394.084545
2026-09-11T07:00:00-05:00,CELEC_SUR,1089.354644
2026-09-11T07:00:00-05:00,MAZAR,65.468682
2026-09-11T07:00:00-05:00,MOLINO,642.681993
2026-09-11T07:00:00-05:00,MSF,11.5
2026-09-11T07:00:00-05:00,SOPLADORA,369.703969
2026-09-11T08:00:00-05:00,CELEC_SUR,1019.768972
2026-09-11T08:00:00-05:00,MAZAR,93.805496
2026-09-11T08:00:00-05:00,MOLINO,578.668887
2026-09-11T08:00:00-05:00,MSF,10.0
2026-09-11T08:00:00-05:00,SOPLADORA,337.294589
2026-09-11T09:00:00-05:00,CELEC_SUR,1344.646115
2026-09-11T09:00:00-05:00,MAZAR,170.119223
2026-09-11T09:00:00-05:00,MOLINO,736.390752
2026-09-11T09:00:00-05:00,MSF,10.0
2026-09-11T09:00:00-05:00,SOPLADORA,428.13614
2026-09-11T10:00:00-05:00,CELEC_SUR,1518.492031
2026-09-11T10:00:00-05:00,MAZAR,170.129175
2026-09-11T10:00:00-05:00,MOLINO,843.500297
2026-09-11T10:00:00-05:00,MSF,26.0
2026-09-11T10:00:00-05:00,SOPLADORA,478.862559
2026-09-11T11:00:00-05:00,CELEC_SUR,1579.188143
2026-09-11T11:00:00-05:00,MAZAR,170.107023
2026-09-11T11:00:00-05:00,MOLINO,866.085553
2026-09-11T11:00:00-05:00,MSF,56.25
2026-09-11T11:00:00-05:00,SOPLADORA,486.745567
2026-09-11T12:00:00-05:00,CELEC_SUR,1644.46209
2026-09-11T12:00:00-05:00,MAZAR,170.107128
2026-09-11T12:00:00-05:00,MOLINO,919.258422
2026-09-11T12:00:00-05:00,MSF,67.75
2026-09-11T12:00:00-05:00,SOPLADORA,487.34654
2026-09-11T13:00:00-05:00,CELEC_SUR,1716.438176
2026-09-11T13:00:00-05:00,MAZAR,170.092792
2026-09-11T13:00:00-05:00,MOLINO,959.629979
2026-09-11T13:00:00-05:00,MSF,99.0
2026-09-11T13:00:00-05:00,SOPLADORA,487.715405
2026-09-11T14:00:00-05:00,CELEC_SUR,1743.097366
2026-09-11T14:00:00-05:00,MAZAR,170.094407
2026-09-11T14:00:00-05:00,MOLINO,957.09186
2026-09-11T14:00:00-05:00,MSF,128.25
2026-09-11T14:00:00-05:00,SOPLADORA,487.661099
2026-09-11T15:00:00-05:00,CELEC_SUR,1777.506678
2026-09-11T15:00:00-05:00,MAZAR,170.088616
2026-09-11T15:00:00-05:00,MOLINO,957.03802
2026-09-11T15:00:00-05:00,MSF,162.75
2026-09-11T15:00:00-05:00,SOPLADORA,487.630042
2026-09-11T16:00:00-05:00,CELEC_SUR,1769.836477
2026-09-11T16:00:00-05:00,MAZAR,170.098017
2026-09-11T16:00:00-05:00,MOLINO,969.547683
2026-09-11T16:00:00-05:00,MSF,142.5
2026-09-11T16:00:00-05:00,SOPLADORA,487.690777
2026-09-11T17:00:00-05:00,CELEC_SUR,1724.384415
2026-09-11T17:00:00-05:00,MAZAR,170.108932
2026-09-11T17:00:00-05:00,MOLINO,924.374983
2026-09-11T17:00:00-05:00,MSF,142.5
2026-09-11T17:00:00-05:00,SOPLADORA,487.4005
2026-09-11T18:00:00-05:00,CELEC_SUR,1585.704386
2026-09-11T18:00:00-05:00,MAZAR,170.137948
2026-09-11T18:00:00-05:00,MOLINO,805.535392
2026-09-11T18:00:00-05:00,MSF,142.5
2026-09-11T18:00:00-05:00,SOPLADORA,467.531046
2026-09-11T19:00:00-05:00,CELEC_SUR,1590.823717
2026-09-11T19:00:00-05:00,MAZAR,170.130199
2026-09-11T19:00:00-05:00,MOLINO,816.483898
2026-09-11T19:00:00-05:00,MSF,142.75
2026-09-11T19:00:00-05:00,SOPLADORA,461.45962
2026-09-11T20:00:00-05:00,CELEC_SUR,1615.366832
2026-09-11T20:00:00-05:00,MAZAR,170.135399
2026-09-11T20:00:00-05:00,MOLINO,829.624557
2026-09-11T20:00:00-05:00,MSF,141.5
2026-09-11T20:00:00-05:00,SOPLADORA,474.106876
2026-09-11T21:00:00-05:00,CELEC_SUR,1588.197872
2026-09-11T21:00:00-05:00,MAZAR,170.137958
2026-09-11T21:00:00-05:00,MOLINO,810.789748
2026-09-11T21:00:00-05:00,MSF,143.75
2026-09-11T21:00:00-05:00,SOPLADORA,463.520166
2026-09-11T22:00:00-05:00,CELEC_SUR,1498.416092
2026-09-11T22:00:00-05:00,MAZAR,140.512122
2026-09-11T22:00:00-05:00,MOLINO,793.13374
2026-09-11T22:00:00-05:00,MSF,105.25
2026-09-11T22:00:00-05:00,SOPLADORA,459.52023
2026-09-11T23:00:00-05:00,CELEC_SUR,1471.849025
2026-09-11T23:00:00-05:00,MAZAR,131.467126
2026-09-11T23:00:00-05:00,MOLINO,803.069989
2026-09-11T23:00:00-05:00,MSF,80.25
2026-09-11T23:00:00-05:00,SOPLADORA,457.06191
2026-09-12T00:00:00-05:00,CELEC_SUR,1404.351203
2026-09-12T00:00:00-05:00,MAZAR,131.454924
2026-09-12T00:00:00-05:00,MOLINO,776.65719
2026-09-12T00:00:00-05:00,MSF,49.0
2026-09-12T00:00:00-05:00,SOPLADORA,447.239089
2026-09-12T01:00:00-05:00,CELEC_SUR,1353.41854
2026-09-12T01:00:00-05:00,MAZAR,80.975335
2026-09-12T01:00:00-05:00,MOLINO,803.159521
2026-09-12T01:00:00-05:00,MSF,10.25
2026-09-12T01:00:00-05:00,SOPLADORA,459.033684
2026-09-12T02:00:00-05:00,CELEC_SUR,1356.51197
2026-09-12T02:00:00-05:00,MAZAR,65.567415
2026-09-12T02:00:00-05:00,MOLINO,818.130844
2026-09-12T02:00:00-05:00,MSF,0.0
2026-09-12T02:00:00-05:00,SOPLADORA,472.813711
2026-09-12T03:00:00-05:00,CELEC_SUR,1329.807083
2026-09-12T03:00:00-05:00,MAZAR,65.56476
2026-09-12T03:00:00-05:00,MOLINO,803.789272
2026-09-12T03:00:00-05:00,MSF,0.0
2026-09-12T03:00:00-05:00,SOPLADORA,460.453051
2026-09-12T04:00:00-05:00,CELEC_SUR,1248.997572
2026-09-12T04:00:00-05:00,MAZAR,65.569354
2026-09-12T04:00:00-05:00,MOLINO,746.669491
2026-09-12T04:00:00-05:00,MSF,0.0
2026-09-12T04:00:00-05:00,SOPLADORA,436.758727
2026-09-12T05:00:00-05:00,CELEC_SUR,1172.021618
2026-09-12T05:00:00-05:00,MAZAR,65.546518
2026-09-12T05:00:00-05:00,MOLINO,699.478359
2026-09-12T05:00:00-05:00,MSF,0.0
2026-09-12T05:00:00-05:00,SOPLADORA,406.996741
2026-09-12T06:00:00-05:00,CELEC_SUR,1066.342046
2026-09-12T06:00:00-05:00,MAZAR,65.566541
2026-09-12T06:00:00-05:00,MOLINO,628.528008
2026-09-12T06:00:00-05:00,MSF,9.5
2026-09-12T06:00:00-05:00,SOPLADORA,362.747497
2026-09-12T07:00:00-05:00,CELEC_SUR,887.945368
2026-09-12T07:00:00-05:00,MAZAR,65.601936
2026-09-12T07:00:00-05:00,MOLINO,511.456994
2026-09-12T07:00:00-05:00,MSF,10.0
2026-09-12T07:00:00-05:00,SOPLADORA,300.886438
2026-09-12T08:00:00-05:00,CELEC_SUR,837.068447
2026-09-12T08:00:00-05:00,MAZAR,65.595672
2026-09-12T08:00:00-05:00,MOLINO,482.310458
2026-09-12T08:00:00-05:00,MSF,10.25
2026-09-12T08:00:00-05:00,SOPLADORA,278.912317
2026-09-12T09:00:00-05:00,CELEC_SUR,1095.398351
2026-09-12T09:00:00-05:00,MAZAR,112.021837
2026-09-12T09:00:00-05:00,MOLINO,595.816279
2026-09-12T09:00:00-05:00,MSF,50.25
2026-09-12T09:00:00-05:00,SOPLADORA,337.310235
2026-09-12T10:00:00-05:00,CELEC_SUR,1430.134423
2026-09-12T10:00:00-05:00,MAZAR,131.869348
2026-09-12T10:00:00-05:00,MOLINO,763.49873
2026-09-12T10:00:00-05:00,MSF,102.25
2026-09-12T10:00:00-05:00,SOPLADORA,432.516345
2026-09-12T11:00:00-05:00,CELEC_SUR,1622.151764
2026-09-12T11:00:00-05:00,MAZAR,170.135637
2026-09-12T11:00:00-05:00,MOLINO,865.61972
2026-09-12T11:00:00-05:00,MSF,101.0
2026-09-12T11:00:00-05:00,SOPLADORA,485.396407
2026-09-12T12:00:00-05:00,CELEC_SUR,1620.573508
2026-09-12T12:00:00-05:00,MAZAR,170.155773
2026-09-12T12:00:00-05:00,MOLINO,866.16527
2026-09-12T12:00:00-05:00,MSF,97.75
2026-09-12T12:00:00-05:00,SOPLADORA,486.502465
2026-09-12T13:00:00-05:00,CELEC_SUR,1602.375997
2026-09-12T13:00:00-05:00,MAZAR,170.112778
2026-09-12T13:00:00-05:00,MOLINO,842.450867
2026-09-12T13:00:00-05:00,MSF,103.75
2026-09-12T13:00:00-05:00,SOPLADORA,486.062352
2026-09-12T14:00:00-05:00,CELEC_SUR,1683.616853
2026-09-12T14:00:00-05:00,MAZAR,170.097856
2026-09-12T14:00:00-05:00,MOLINO,906.273181
2026-09-12T14:00:00-05:00,MSF,121.25
2026-09-12T14:00:00-05:00,SOPLADORA,485.995816
2026-09-12T15:00:00-05:00,CELEC_SUR,1722.623252
2026-09-12T15:00:00-05:00,MAZAR,170.097626
2026-09-12T15:00:00-05:00,MOLINO,959.635147
2026-09-12T15:00:00-05:00,MSF,106.5
2026-09-12T15:00:00-05:00,SOPLADORA,486.390479
2026-09-12T16:00:00-05:00,CELEC_SUR,1697.635595
2026-09-12T16:00:00-05:00,MAZAR,170.104538
2026-09-12T16:00:00-05:00,MOLINO,960.903197
2026-09-12T16:00:00-05:00,MSF,80.25
2026-09-12T16:00:00-05:00,SOPLADORA,486.37786
2026-09-12T17:00:00-05:00,CELEC_SUR,1650.677672
2026-09-12T17:00:00-05:00,MAZAR,170.099081
2026-09-12T17:00:00-05:00,MOLINO,960.624456
2026-09-12T17:00:00-05:00,MSF,33.5
2026-09-12T17:00:00-05:00,SOPLADORA,486.454135
2026-09-12T18:00:00-05:00,CELEC_SUR,1647.617127
2026-09-12T18:00:00-05:00,MAZAR,170.089341
2026-09-12T18:00:00-05:00,MOLINO,961.035804
2026-09-12T18:00:00-05:00,MSF,30.0
2026-09-12T18:00:00-05:00,SOPLADORA,486.491982
2026-09-12T19:00:00-05:00,CELEC_SUR,1666.114236
2026-09-12T19:00:00-05:00,MAZAR,170.087435
2026-09-12T19:00:00-05:00,MOLINO,960.53741
2026-09-12T19:00:00-05:00,MSF,49.0
2026-09-12T19:00:00-05:00,SOPLADORA,486.489391
2026-09-12T20:00:00-05:00,CELEC_SUR,1694.350715
2026-09-12T20:00:00-05:00,MAZAR,170.105996
2026-09-12T20:00:00-05:00,MOLINO,960.058356
2026-09-12T20:00:00-05:00,MSF,77.75
2026-09-12T20:00:00-05:00,SOPLADORA,486.436363
2026-09-12T21:00:00-05:00,CELEC_SUR,1695.95043
2026-09-12T21:00:00-05:00,MAZAR,170.100626
2026-09-12T21:00:00-05:00,MOLINO,960.170582
2026-09-12T21:00:00-05:00,MSF,79.25
2026-09-12T21:00:00-05:00,SOPLADORA,486.429222
2026-09-12T22:00:00-05:00,CELEC_SUR,1647.775986
2026-09-12T22:00:00-05:00,MAZAR,169.768883
2026-09-12T22:00:00-05:00,MOLINO,954.346361
2026-09-12T22:00:00-05:00,MSF,37.25
2026-09-12T22:00:00-05:00,SOPLADORA,486.410742
2026-09-12T23:00:00-05:00,CELEC_SUR,1574.754683
2026-09-12T23:00:00-05:00,MAZAR,161.717179
2026-09-12T23:00:00-05:00,MOLINO,896.548115
2026-09-12T23:00:00-05:00,MSF,30.5
2026-09-12T23:00:00-05:00,SOPLADORA,485.989389
2026-09-13T00:00:00-05:00,CELEC_SUR,1402.974234
2026-09-13T00:00:00-05:00,MAZAR,97.640471
2026-09-13T00:00:00-05:00,MOLINO,812.312801
2026-09-13T00:00:00-05:00,MSF,22.75
2026-09-13T00:00:00-05:00,SOPLADORA,470.270962
2026-09-13T01:00:00-05:00,CELEC_SUR,1395.557505
2026-09-13T01:00:00-05:00,MAZAR,65.465243
2026-09-13T01:00:00-05:00,MOLINO,840.53716
2026-09-13T01:00:00-05:00,MSF,10.0
2026-09-13T01:00:00-05:00,SOPLADORA,479.555102
2026-09-13T02:00:00-05:00,CELEC_SUR,1325.935223
2026-09-13T02:00:00-05:00,MAZAR,65.484856
2026-09-13T02:00:00-05:00,MOLINO,794.067504
2026-09-13T02:00:00-05:00,MSF,7.25
2026-09-13T02:00:00-05:00,SOPLADORA,459.132863
2026-09-13T03:00:00-05:00,CELEC_SUR,1240.196021
2026-09-13T03:00:00-05:00,MAZAR,65.516981
2026-09-13T03:00:00-05:00,MOLINO,743.490012
2026-09-13T03:00:00-05:00,MSF,0.0
2026-09-13T03:00:00-05:00,SOPLADORA,431.189028
2026-09-13T04:00:00-05:00,CELEC_SUR,1156.805305
2026-09-13T04:00:00-05:00,MAZAR,65.546362
2026-09-13T04:00:00-05:00,MOLINO,690.128436
2026-09-13T04:00:00-05:00,MSF,0.0
2026-09-13T04:00:00-05:00,SOPLADORA,401.130507
2026-09-13T05:00:00-05:00,CELEC_SUR,1139.615886
2026-09-13T05:00:00-05:00,MAZAR,65.540468
2026-09-13T05:00:00-05:00,MOLINO,676.895998
2026-09-13T05:00:00-05:00,MSF,0.0
2026-09-13T05:00:00-05:00,SOPLADORA,397.17942
2026-09-13T06:00:00-05:00,CELEC_SUR,1112.863366
2026-09-13T06:00:00-05:00,MAZAR,65.538892
2026-09-13T06:00:00-05:00,MOLINO,657.598138
2026-09-13T06:00:00-05:00,MSF,9.0
2026-09-13T06:00:00-05:00,SOPLADORA,380.726336
2026-09-13T07:00:00-05:00,CELEC_SUR,772.352375
2026-09-13T07:00:00-05:00,MAZAR,65.54001
2026-09-13T07:00:00-05:00,MOLINO,440.755098
2026-09-13T07:00:00-05:00,MSF,10.25
2026-09-13T07:00:00-05:00,SOPLADORA,255.807267
2026-09-13T08:00:00-05:00,CELEC_SUR,658.485092
2026-09-13T08:00:00-05:00,MAZAR,77.006469
2026-09-13T08:00:00-05:00,MOLINO,357.335888
2026-09-13T08:00:00-05:00,MSF,11.5
2026-09-13T08:00:00-05:00,SOPLADORA,212.642735
2026-09-13T09:00:00-05:00,CELEC_SUR,836.646845
2026-09-13T09:00:00-05:00,MAZAR,130.568241
2026-09-13T09:00:00-05:00,MOLINO,429.203521
2026-09-13T09:00:00-05:00,MSF,26.0
2026-09-13T09:00:00-05:00,SOPLADORA,250.875083
2026-09-13T10:00:00-05:00,CELEC_SUR,1003.762925
2026-09-13T10:00:00-05:00,MAZAR,130.545136
2026-09-13T10:00:00-05:00,MOLINO,526.968559
2026-09-13T10:00:00-05:00,MSF,40.25
2026-09-13T10:00:00-05:00,SOPLADORA,305.99923
2026-09-13T11:00:00-05:00,CELEC_SUR,1224.190734
2026-09-13T11:00:00-05:00,MAZAR,130.525559
2026-09-13T11:00:00-05:00,MOLINO,673.174067
2026-09-13T11:00:00-05:00,MSF,33.0
2026-09-13T11:00:00-05:00,SOPLADORA,387.491108
2026-09-13T12:00:00-05:00,CELEC_SUR,1278.850002
2026-09-13T12:00:00-05:00,MAZAR,130.54239
2026-09-13T12:00:00-05:00,MOLINO,706.653892
2026-09-13T12:00:00-05:00,MSF,30.25
2026-09-13T12:00:00-05:00,SOPLADORA,411.40372
2026-09-13T13:00:00-05:00,CELEC_SUR,1289.737088
2026-09-13T13:00:00-05:00,MAZAR,130.558123
2026-09-13T13:00:00-05:00,MOLINO,699.065345
2026-09-13T13:00:00-05:00,MSF,59.0
2026-09-13T13:00:00-05:00,SOPLADORA,401.11362
2026-09-13T14:00:00-05:00,CELEC_SUR,1237.071099
2026-09-13T14:00:00-05:00,MAZAR,168.138921
2026-09-13T14:00:00-05:00,MOLINO,658.592933
2026-09-13T14:00:00-05:00,MSF,27.5
2026-09-13T14:00:00-05:00,SOPLADORA,382.839245
2026-09-13T15:00:00-05:00,CELEC_SUR,1170.252984
2026-09-13T15:00:00-05:00,MAZAR,170.257707
2026-09-13T15:00:00-05:00,MOLINO,603.948754
2026-09-13T15:00:00-05:00,MSF,43.25
2026-09-13T15:00:00-05:00,SOPLADORA,352.796523
2026-09-13T16:00:00-05:00,CELEC_SUR,1215.14352
2026-09-13T16:00:00-05:00,MAZAR,170.255826
2026-09-13T16:00:00-05:00,MOLINO,632.98129
2026-09-13T16:00:00-05:00,MSF,51.75
2026-09-13T16:00:00-05:00,SOPLADORA,360.156404
2026-09-13T17:00:00-05:00,CELEC_SUR,1168.06716
2026-09-13T17:00:00-05:00,MAZAR,170.244525
2026-09-13T17:00:00-05:00,MOLINO,613.877466
2026-09-13T17:00:00-05:00,MSF,24.5
2026-09-13T17:00:00-05:00,SOPLADORA,359.445169
2026-09-13T18:00:00-05:00,CELEC_SUR,1180.27444
2026-09-13T18:00:00-05:00,MAZAR,165.939912
2026-09-13T18:00:00-05:00,MOLINO,638.01722
2026-09-13T18:00:00-05:00,MSF,10.0
2026-09-13T18:00:00-05:00,SOPLADORA,366.317308
2026-09-13T19:00:00-05:00,CELEC_SUR,1239.561055
2026-09-13T19:00:00-05:00,MAZAR,165.718237
2026-09-13T19:00:00-05:00,MOLINO,640.939291
2026-09-13T19:00:00-05:00,MSF,63.5
2026-09-13T19:00:00-05:00,SOPLADORA,369.403527
2026-09-13T20:00:00-05:00,CELEC_SUR,1429.23593
2026-09-13T20:00:00-05:00,MAZAR,165.713932
2026-09-13T20:00:00-05:00,MOLINO,736.733682
2026-09-13T20:00:00-05:00,MSF,101.0
2026-09-13T20:00:00-05:00,SOPLADORA,425.788316
2026-09-13T21:00:00-05:00,CELEC_SUR,1479.276358
2026-09-13T21:00:00-05:00,MAZAR,165.802637
2026-09-13T21:00:00-05:00,MOLINO,770.378306
2026-09-13T21:00:00-05:00,MSF,100.5
2026-09-13T21:00:00-05:00,SOPLADORA,442.595415
2026-09-13T22:00:00-05:00,CELEC_SUR,1536.489589
2026-09-13T22:00:00-05:00,MAZAR,165.680289
2026-09-13T22:00:00-05:00,MOLINO,804.512694
2026-09-13T22:00:00-05:00,MSF,101.0
2026-09-13T22:00:00-05:00,SOPLADORA,465.296606
2026-09-13T23:00:00-05:00,CELEC_SUR,1474.249838
2026-09-13T23:00:00-05:00,MAZAR,165.62276
2026-09-13T23:00:00-05:00,MOLINO,815.519387
2026-09-13T23:00:00-05:00,MSF,31.5
2026-09-13T23:00:00-05:00,SOPLADORA,461.607691
2026-09-14T00:00:00-05:00,CELEC_SUR,1418.426466
2026-09-14T00:00:00-05:00,MAZAR,165.611737
2026-09-14T00:00:00-05:00,MOLINO,783.011417
2026-09-14T00:00:00-05:00,MSF,15.75
2026-09-14T00:00:00-05:00,SOPLADORA,454.053312
2026-09-14T01:00:00-05:00,CELEC_SUR,1377.763103
2026-09-14T01:00:00-05:00,MAZAR,146.976336
2026-09-14T01:00:00-05:00,MOLINO,779.618137
2026-09-14T01:00:00-05:00,MSF,0.0
2026-09-14T01:00:00-05:00,SOPLADORA,451.16863
2026-09-14T02:00:00-05:00,CELEC_SUR,1128.842399
2026-09-14T02:00:00-05:00,MAZAR,131.270678
2026-09-14T02:00:00-05:00,MOLINO,634.027127
2026-09-14T02:00:00-05:00,MSF,0.0
2026-09-14T02:00:00-05:00,SOPLADORA,363.544594
2026-09-14T03:00:00-05:00,CELEC_SUR,1029.077397
2026-09-14T03:00:00-05:00,MAZAR,131.391083
2026-09-14T03:00:00-05:00,MOLINO,570.183733
2026-09-14T03:00:00-05:00,MSF,0.0
2026-09-14T03:00:00-05:00,SOPLADORA,327.502581
2026-09-14T04:00:00-05:00,CELEC_SUR,1008.476134
2026-09-14T04:00:00-05:00,MAZAR,131.38939
2026-09-14T04:00:00-05:00,MOLINO,552.137999
2026-09-14T04:00:00-05:00,MSF,0.0
2026-09-14T04:00:00-05:00,SOPLADORA,324.948745
2026-09-14T05:00:00-05:00,CELEC_SUR,1434.643594
2026-09-14T05:00:00-05:00,MAZAR,163.649134
2026-09-14T05:00:00-05:00,MOLINO,806.791171
2026-09-14T05:00:00-05:00,MSF,32.0
2026-09-14T05:00:00-05:00,SOPLADORA,432.203289
2026-09-14T06:00:00-05:00,CELEC_SUR,1720.67957
2026-09-14T06:00:00-05:00,MAZAR,166.023789
2026-09-14T06:00:00-05:00,MOLINO,927.343524
2026-09-14T06:00:00-05:00,MSF,141.0
2026-09-14T06:00:00-05:00,SOPLADORA,486.312257
2026-09-14T07:00:00-05:00,CELEC_SUR,1656.917044
2026-09-14T07:00:00-05:00,MAZAR,166.058135
2026-09-14T07:00:00-05:00,MOLINO,892.373017
2026-09-14T07:00:00-05:00,MSF,112.5
2026-09-14T07:00:00-05:00,SOPLADORA,485.985892
2026-09-14T08:00:00-05:00,CELEC_SUR,1727.680084
2026-09-14T08:00:00-05:00,MAZAR,166.059605
2026-09-14T08:00:00-05:00,MOLINO,964.389275
2026-09-14T08:00:00-05:00,MSF,110.75
2026-09-14T08:00:00-05:00,SOPLADORA,486.481204
2026-09-14T09:00:00-05:00,CELEC_SUR,1865.079444
2026-09-14T09:00:00-05:00,MAZAR,166.052832
2026-09-14T09:00:00-05:00,MOLINO,996.261002
2026-09-14T09:00:00-05:00,MSF,216.0
2026-09-14T09:00:00-05:00,SOPLADORA,486.76561
2026-09-14T10:00:00-05:00,CELEC_SUR,1820.621167
2026-09-14T10:00:00-05:00,MAZAR,166.052036
2026-09-14T10:00:00-05:00,MOLINO,971.940546
2026-09-14T10:00:00-05:00,MSF,196.0
2026-09-14T10:00:00-05:00,SOPLADORA,486.628585
2026-09-14T11:00:00-05:00,CELEC_SUR,1704.001251
2026-09-14T11:00:00-05:00,MAZAR,166.039064
2026-09-14T11:00:00-05:00,MOLINO,979.535909
2026-09-14T11:00:00-05:00,MSF,71.75
2026-09-14T11:00:00-05:00,SOPLADORA,486.676278
2026-09-14T12:00:00-05:00,CELEC_SUR,1729.766971
2026-09-14T12:00:00-05:00,MAZAR,166.032844
2026-09-14T12:00:00-05:00,MOLINO,993.484959
2026-09-14T12:00:00-05:00,MSF,83.5
2026-09-14T12:00:00-05:00,SOPLADORA,486.749168
2026-09-14T13:00:00-05:00,CELEC_SUR,1683.525789
2026-09-14T13:00:00-05:00,MAZAR,165.99103
2026-09-14T13:00:00-05:00,MOLINO,991.780036
2026-09-14T13:00:00-05:00,MSF,39.0
2026-09-14T13:00:00-05:00,SOPLADORA,486.754723
2026-09-14T14:00:00-05:00,CELEC_SUR,1717.281717
2026-09-14T14:00:00-05:00,MAZAR,165.971809
2026-09-14T14:00:00-05:00,MOLINO,996.734871
2026-09-14T14:00:00-05:00,MSF,67.75
2026-09-14T14:00:00-05:00,SOPLADORA,486.825037
2026-09-14T15:00:00-05:00,CELEC_SUR,1734.135639
2026-09-14T15:00:00-05:00,MAZAR,165.963147
2026-09-14T15:00:00-05:00,MOLINO,990.633315
2026-09-14T15:00:00-05:00,MSF,90.75
2026-09-14T15:00:00-05:00,SOPLADORA,486.789177
2026-09-14T16:00:00-05:00,CELEC_SUR,1729.266654
2026-09-14T16:00:00-05:00,MAZAR,165.971894
2026-09-14T16:00:00-05:00,MOLINO,993.241966
2026-09-14T16:00:00-05:00,MSF,83.25
2026-09-14T16:00:00-05:00,SOPLADORA,486.802794
2026-09-14T17:00:00-05:00,CELEC_SUR,1699.049224
2026-09-14T17:00:00-05:00,MAZAR,165.991214
2026-09-14T17:00:00-05:00,MOLINO,977.316398
2026-09-14T17:00:00-05:00,MSF,69.0
2026-09-14T17:00:00-05:00,SOPLADORA,486.741612
2026-09-14T18:00:00-05:00,CELEC_SUR,1716.611311
2026-09-14T18:00:00-05:00,MAZAR,166.01807
2026-09-14T18:00:00-05:00,MOLINO,994.250259
2026-09-14T18:00:00-05:00,MSF,69.5
2026-09-14T18:00:00-05:00,SOPLADORA,486.842982
2026-09-14T19:00:00-05:00,CELEC_SUR,1764.086942
2026-09-14T19:00:00-05:00,MAZAR,166.031295
2026-09-14T19:00:00-05:00,MOLINO,973.084952
2026-09-14T19:00:00-05:00,MSF,138.25
2026-09-14T19:00:00-05:00,SOPLADORA,486.720695
2026-09-14T20:00:00-05:00,CELEC_SUR,1782.693894
2026-09-14T20:00:00-05:00,MAZAR,165.988635
2026-09-14T20:00:00-05:00,MOLINO,993.113785
2026-09-14T20:00:00-05:00,MSF,136.75
2026-09-14T20:00:00-05:00,SOPLADORA,486.841474
2026-09-14T21:00:00-05:00,CELEC_SUR,1675.458239
2026-09-14T21:00:00-05:00,MAZAR,165.953519
2026-09-14T21:00:00-05:00,MOLINO,941.09098
2026-09-14T21:00:00-05:00,MSF,82.0
2026-09-14T21:00:00-05:00,SOPLADORA,486.41374
2026-09-14T22:00:00-05:00,CELEC_SUR,1488.559487
2026-09-14T22:00:00-05:00,MAZAR,104.144551
2026-09-14T22:00:00-05:00,MOLINO,867.283826
2026-09-14T22:00:00-05:00,MSF,31.25
2026-09-14T22:00:00-05:00,SOPLADORA,485.88111
2026-09-14T23:00:00-05:00,CELEC_SUR,1377.902169
2026-09-14T23:00:00-05:00,MAZAR,66.022366
2026-09-14T23:00:00-05:00,MOLINO,810.08603
2026-09-14T23:00:00-05:00,MSF,30.0
2026-09-14T23:00:00-05:00,SOPLADORA,471.793773
2026-09-15T00:00:00-05:00,CELEC_SUR,1180.393848
2026-09-15T00:00:00-05:00,MAZAR,65.540095
2026-09-15T00:00:00-05:00,MOLINO,692.728011
2026-09-15T00:00:00-05:00,MSF,28.5
2026-09-15T00:00:00-05:00,SOPLADORA,393.625742
2026-09-15T01:00:00-05:00,CELEC_SUR,1047.083125
2026-09-15T01:00:00-05:00,MAZAR,65.559627
2026-09-15T01:00:00-05:00,MOLINO,611.078101
2026-09-15T01:00:00-05:00,MSF,14.5
2026-09-15T01:00:00-05:00,SOPLADORA,355.945397
2026-09-15T02:00:00-05:00,CELEC_SUR,1021.188557
2026-09-15T02:00:00-05:00,MAZAR,65.613961
2026-09-15T02:00:00-05:00,MOLINO,601.389515
2026-09-15T02:00:00-05:00,MSF,5.75
2026-09-15T02:00:00-05:00,SOPLADORA,348.435081
2026-09-15T03:00:00-05:00,CELEC_SUR,944.422984
2026-09-15T03:00:00-05:00,MAZAR,65.598505
2026-09-15T03:00:00-05:00,MOLINO,554.119377
2026-09-15T03:00:00-05:00,MSF,0.0
2026-09-15T03:00:00-05:00,SOPLADORA,324.705102
2026-09-15T04:00:00-05:00,CELEC_SUR,892.790398
2026-09-15T04:00:00-05:00,MAZAR,65.567056
2026-09-15T04:00:00-05:00,MOLINO,523.077721
2026-09-15T04:00:00-05:00,MSF,0.0
2026-09-15T04:00:00-05:00,SOPLADORA,304.145621
2026-09-15T05:00:00-05:00,CELEC_SUR,881.159708
2026-09-15T05:00:00-05:00,MAZAR,65.541943
2026-09-15T05:00:00-05:00,MOLINO,516.71866
2026-09-15T05:00:00-05:00,MSF,0.0
2026-09-15T05:00:00-05:00,SOPLADORA,298.899105
2026-09-15T06:00:00-05:00,CELEC_SUR,888.811874
2026-09-15T06:00:00-05:00,MAZAR,65.515144
2026-09-15T06:00:00-05:00,MOLINO,513.870616
2026-09-15T06:00:00-05:00,MSF,10.26
2026-09-15T06:00:00-05:00,SOPLADORA,299.166114
2026-09-15T07:00:00-05:00,CELEC_SUR,738.689174
2026-09-15T07:00:00-05:00,MAZAR,65.560904
2026-09-15T07:00:00-05:00,MOLINO,411.254075
2026-09-15T07:00:00-05:00,MSF,10.0
2026-09-15T07:00:00-05:00,SOPLADORA,251.874195
2026-09-15T08:00:00-05:00,CELEC_SUR,759.077527
2026-09-15T08:00:00-05:00,MAZAR,77.429908
2026-09-15T08:00:00-05:00,MOLINO,424.688657
2026-09-15T08:00:00-05:00,MSF,10.0
2026-09-15T08:00:00-05:00,SOPLADORA,246.958962
2026-09-15T09:00:00-05:00,CELEC_SUR,1146.144534
2026-09-15T09:00:00-05:00,MAZAR,139.623242
2026-09-15T09:00:00-05:00,MOLINO,636.281713
2026-09-15T09:00:00-05:00,MSF,10.25
2026-09-15T09:00:00-05:00,SOPLADORA,359.989579
2026-09-15T10:00:00-05:00,CELEC_SUR,1518.774078
2026-09-15T10:00:00-05:00,MAZAR,165.995478
2026-09-15T10:00:00-05:00,MOLINO,864.10298
2026-09-15T10:00:00-05:00,MSF,15.5
2026-09-15T10:00:00-05:00,SOPLADORA,473.17562
2026-09-15T11:00:00-05:00,CELEC_SUR,1645.150867
2026-09-15T11:00:00-05:00,MAZAR,165.96355
2026-09-15T11:00:00-05:00,MOLINO,972.356334
2026-09-15T11:00:00-05:00,MSF,20.25
2026-09-15T11:00:00-05:00,SOPLADORA,486.580983
2026-09-15T12:00:00-05:00,CELEC_SUR,1681.343119
2026-09-15T12:00:00-05:00,MAZAR,165.9635
2026-09-15T12:00:00-05:00,MOLINO,1008.28048
2026-09-15T12:00:00-05:00,MSF,20.25
2026-09-15T12:00:00-05:00,SOPLADORA,486.849139
2026-09-15T13:00:00-05:00,CELEC_SUR,1681.363481
2026-09-15T13:00:00-05:00,MAZAR,165.972195
2026-09-15T13:00:00-05:00,MOLINO,1008.492865
2026-09-15T13:00:00-05:00,MSF,20.0
2026-09-15T13:00:00-05:00,SOPLADORA,486.898421
2026-09-15T14:00:00-05:00,CELEC_SUR,1687.356499
2026-09-15T14:00:00-05:00,MAZAR,165.946396
2026-09-15T14:00:00-05:00,MOLINO,1008.522243
2026-09-15T14:00:00-05:00,MSF,26.0
2026-09-15T14:00:00-05:00,SOPLADORA,486.88786
2026-09-15T15:00:00-05:00,CELEC_SUR,1708.892527
2026-09-15T15:00:00-05:00,MAZAR,165.959683
2026-09-15T15:00:00-05:00,MOLINO,1008.535805
2026-09-15T15:00:00-05:00,MSF,47.5
2026-09-15T15:00:00-05:00,SOPLADORA,486.897039
2026-09-15T16:00:00-05:00,CELEC_SUR,1712.349743
2026-09-15T16:00:00-05:00,MAZAR,165.968318
2026-09-15T16:00:00-05:00,MOLINO,1007.484124
2026-09-15T16:00:00-05:00,MSF,52.0
2026-09-15T16:00:00-05:00,SOPLADORA,486.897301
2026-09-15T17:00:00-05:00,CELEC_SUR,1689.977198
2026-09-15T17:00:00-05:00,MAZAR,165.983967
2026-09-15T17:00:00-05:00,MOLINO,1007.052607
2026-09-15T17:00:00-05:00,MSF,30.0
2026-09-15T17:00:00-05:00,SOPLADORA,486.940624
2026-09-15T18:00:00-05:00,CELEC_SUR,1616.209303
2026-09-15T18:00:00-05:00,MAZAR,165.980723
2026-09-15T18:00:00-05:00,MOLINO,933.204353
2026-09-15T18:00:00-05:00,MSF,30.5
2026-09-15T18:00:00-05:00,SOPLADORA,486.524227
2026-09-15T19:00:00-05:00,CELEC_SUR,1675.726362
2026-09-15T19:00:00-05:00,MAZAR,165.972864
2026-09-15T19:00:00-05:00,MOLINO,958.487374
2026-09-15T19:00:00-05:00,MSF,64.75
2026-09-15T19:00:00-05:00,SOPLADORA,486.516124
2026-09-15T20:00:00-05:00,CELEC_SUR,1763.213979
2026-09-15T20:00:00-05:00,MAZAR,165.974893
2026-09-15T20:00:00-05:00,MOLINO,1006.80747
2026-09-15T20:00:00-05:00,MSF,103.5
2026-09-15T20:00:00-05:00,SOPLADORA,486.931616
2026-09-15T21:00:00-05:00,CELEC_SUR,1706.630631
2026-09-15T21:00:00-05:00,MAZAR,159.748524
2026-09-15T21:00:00-05:00,MOLINO,1006.729805
2026-09-15T21:00:00-05:00,MSF,53.25
2026-09-15T21:00:00-05:00,SOPLADORA,486.902302
2026-09-15T22:00:00-05:00,CELEC_SUR,1640.70499
2026-09-15T22:00:00-05:00,MAZAR,131.35501
2026-09-15T22:00:00-05:00,MOLINO,989.268093
2026-09-15T22:00:00-05:00,MSF,33.25
2026-09-15T22:00:00-05:00,SOPLADORA,486.831887
2026-09-15T23:00:00-05:00,CELEC_SUR,1527.614216
2026-09-15T23:00:00-05:00,MAZAR,119.250968
2026-09-15T23:00:00-05:00,MOLINO,890.733104
2026-09-15T23:00:00-05:00,MSF,31.5
2026-09-15T23:00:00-05:00,SOPLADORA,486.130144
2026-09-16T00:00:00-05:00,CELEC_SUR,1375.954695
2026-09-16T00:00:00-05:00,MAZAR,65.508218
2026-09-16T00:00:00-05:00,MOLINO,816.548278
2026-09-16T00:00:00-05:00,MSF,23.5
2026-09-16T00:00:00-05:00,SOPLADORA,470.398199
2026-09-16T01:00:00-05:00,CELEC_SUR,1101.072207
2026-09-16T01:00:00-05:00,MAZAR,65.533501
2026-09-16T01:00:00-05:00,MOLINO,650.236083
2026-09-16T01:00:00-05:00,MSF,4.25
2026-09-16T01:00:00-05:00,SOPLADORA,381.052623
2026-09-16T02:00:00-05:00,CELEC_SUR,878.933947
2026-09-16T02:00:00-05:00,MAZAR,65.532478
2026-09-16T02:00:00-05:00,MOLINO,513.207465
2026-09-16T02:00:00-05:00,MSF,0.0
2026-09-16T02:00:00-05:00,SOPLADORA,300.194004
2026-09-16T03:00:00-05:00,CELEC_SUR,830.749163
2026-09-16T03:00:00-05:00,MAZAR,65.529007
2026-09-16T03:00:00-05:00,MOLINO,482.532289
2026-09-16T03:00:00-05:00,MSF,0.0
2026-09-16T03:00:00-05:00,SOPLADORA,282.687867
2026-09-16T04:00:00-05:00,CELEC_SUR,823.579342
2026-09-16T04:00:00-05:00,MAZAR,65.53106
2026-09-16T04:00:00-05:00,MOLINO,479.11418
2026-09-16T04:00:00-05:00,MSF,0.0
2026-09-16T04:00:00-05:00,SOPLADORA,278.934102
2026-09-16T05:00:00-05:00,CELEC_SUR,737.278278
2026-09-16T05:00:00-05:00,MAZAR,65.526784
2026-09-16T05:00:00-05:00,MOLINO,422.350089
2026-09-16T05:00:00-05:00,MSF,0.0
2026-09-16T05:00:00-05:00,SOPLADORA,249.401405
2026-09-16T06:00:00-05:00,CELEC_SUR,780.461743
2026-09-16T06:00:00-05:00,MAZAR,65.649723
2026-09-16T06:00:00-05:00,MOLINO,445.554374
2026-09-16T06:00:00-05:00,MSF,10.0
2026-09-16T06:00:00-05:00,SOPLADORA,259.257646
2026-09-16T07:00:00-05:00,CELEC_SUR,780.031201
2026-09-16T07:00:00-05:00,MAZAR,129.53494
2026-09-16T07:00:00-05:00,MOLINO,404.974784
2026-09-16T07:00:00-05:00,MSF,10.0
2026-09-16T07:00:00-05:00,SOPLADORA,235.521477
2026-09-16T08:00:00-05:00,CELEC_SUR,905.362844
2026-09-16T08:00:00-05:00,MAZAR,130.638798
2026-09-16T08:00:00-05:00,MOLINO,486.284855
2026-09-16T08:00:00-05:00,MSF,10.25
2026-09-16T08:00:00-05:00,SOPLADORA,278.189191
2026-09-16T09:00:00-05:00,CELEC_SUR,1123.425145
2026-09-16T09:00:00-05:00,MAZAR,130.683545
2026-09-16T09:00:00-05:00,MOLINO,626.911119
2026-09-16T09:00:00-05:00,MSF,10.0
2026-09-16T09:00:00-05:00,SOPLADORA,355.830481
2026-09-16T10:00:00-05:00,CELEC_SUR,1429.46995
2026-09-16T10:00:00-05:00,MAZAR,161.329248
2026-09-16T10:00:00-05:00,MOLINO,798.891737
2026-09-16T10:00:00-05:00,MSF,10.0
2026-09-16T10:00:00-05:00,SOPLADORA,459.248965
2026-09-16T11:00:00-05:00,CELEC_SUR,1488.723797
2026-09-16T11:00:00-05:00,MAZAR,164.079695
2026-09-16T11:00:00-05:00,MOLINO,837.043023
2026-09-16T11:00:00-05:00,MSF,10.0
2026-09-16T11:00:00-05:00,SOPLADORA,477.601079
2026-09-16T12:00:00-05:00,CELEC_SUR,1564.37183
2026-09-16T12:00:00-05:00,MAZAR,164.034913
2026-09-16T12:00:00-05:00,MOLINO,904.4619
2026-09-16T12:00:00-05:00,MSF,10.25
2026-09-16T12:00:00-05:00,SOPLADORA,485.625017
2026-09-16T13:00:00-05:00,CELEC_SUR,1573.481037
2026-09-16T13:00:00-05:00,MAZAR,164.062637
2026-09-16T13:00:00-05:00,MOLINO,911.486953
2026-09-16T13:00:00-05:00,MSF,11.5
2026-09-16T13:00:00-05:00,SOPLADORA,486.431447
2026-09-16T14:00:00-05:00,CELEC_SUR,1569.114799
2026-09-16T14:00:00-05:00,MAZAR,164.044214
2026-09-16T14:00:00-05:00,MOLINO,908.690836
2026-09-16T14:00:00-05:00,MSF,10.0
2026-09-16T14:00:00-05:00,SOPLADORA,486.379749
2026-09-16T15:00:00-05:00,CELEC_SUR,1594.465132
2026-09-16T15:00:00-05:00,MAZAR,164.041594
2026-09-16T15:00:00-05:00,MOLINO,933.616325
2026-09-16T15:00:00-05:00,MSF,10.25
2026-09-16T15:00:00-05:00,SOPLADORA,486.557213
2026-09-16T16:00:00-05:00,CELEC_SUR,1653.567197
2026-09-16T16:00:00-05:00,MAZAR,164.036643
2026-09-16T16:00:00-05:00,MOLINO,989.839306
2026-09-16T16:00:00-05:00,MSF,12.75
2026-09-16T16:00:00-05:00,SOPLADORA,486.941248
2026-09-16T17:00:00-05:00,CELEC_SUR,1669.866723
2026-09-16T17:00:00-05:00,MAZAR,164.042022
2026-09-16T17:00:00-05:00,MOLINO,1007.283372
2026-09-16T17:00:00-05:00,MSF,11.5
2026-09-16T17:00:00-05:00,SOPLADORA,487.041329
2026-09-16T18:00:00-05:00,CELEC_SUR,1648.414592
2026-09-16T18:00:00-05:00,MAZAR,164.059711
2026-09-16T18:00:00-05:00,MOLINO,987.138495
2026-09-16T18:00:00-05:00,MSF,10.25
2026-09-16T18:00:00-05:00,SOPLADORA,486.966386
2026-09-16T19:00:00-05:00,CELEC_SUR,1656.223428
2026-09-16T19:00:00-05:00,MAZAR,164.041153
2026-09-16T19:00:00-05:00,MOLINO,983.800304
2026-09-16T19:00:00-05:00,MSF,21.5
2026-09-16T19:00:00-05:00,SOPLADORA,486.881971
2026-09-16T20:00:00-05:00,CELEC_SUR,1693.575964
2026-09-16T20:00:00-05:00,MAZAR,164.054877
2026-09-16T20:00:00-05:00,MOLINO,1006.745478
2026-09-16T20:00:00-05:00,MSF,35.75
2026-09-16T20:00:00-05:00,SOPLADORA,487.025609
2026-09-16T21:00:00-05:00,CELEC_SUR,1697.02153
2026-09-16T21:00:00-05:00,MAZAR,164.057213
2026-09-16T21:00:00-05:00,MOLINO,1007.023543
2026-09-16T21:00:00-05:00,MSF,39.0
2026-09-16T21:00:00-05:00,SOPLADORA,486.940774
2026-09-16T22:00:00-05:00,CELEC_SUR,1690.87659
2026-09-16T22:00:00-05:00,MAZAR,164.053942
2026-09-16T22:00:00-05:00,MOLINO,1007.045043
2026-09-16T22:00:00-05:00,MSF,33.0
2026-09-16T22:00:00-05:00,SOPLADORA,486.777605
2026-09-16T23:00:00-05:00,CELEC_SUR,1660.796297
2026-09-16T23:00:00-05:00,MAZAR,164.051056
2026-09-16T23:00:00-05:00,MOLINO,975.338891
2026-09-16T23:00:00-05:00,MSF,34.75
2026-09-16T23:00:00-05:00,SOPLADORA,486.65635
2026-09-17T00:00:00-05:00,CELEC_SUR,1397.015085
2026-09-17T00:00:00-05:00,MAZAR,135.459546
2026-09-17T00:00:00-05:00,MOLINO,785.145106
2026-09-17T00:00:00-05:00,MSF,24.5
2026-09-17T00:00:00-05:00,SOPLADORA,451.910433
2026-09-17T01:00:00-05:00,CELEC_SUR,1187.87899
2026-09-17T01:00:00-05:00,MAZAR,131.316295
2026-09-17T01:00:00-05:00,MOLINO,658.813379
2026-09-17T01:00:00-05:00,MSF,13.0
2026-09-17T01:00:00-05:00,SOPLADORA,384.749316
2026-09-17T02:00:00-05:00,CELEC_SUR,987.004632
2026-09-17T02:00:00-05:00,MAZAR,131.33534
2026-09-17T02:00:00-05:00,MOLINO,538.12852
2026-09-17T02:00:00-05:00,MSF,0.0
2026-09-17T02:00:00-05:00,SOPLADORA,317.540772
2026-09-17T03:00:00-05:00,CELEC_SUR,891.327409
2026-09-17T03:00:00-05:00,MAZAR,131.344964
2026-09-17T03:00:00-05:00,MOLINO,482.628266
2026-09-17T03:00:00-05:00,MSF,0.0
2026-09-17T03:00:00-05:00,SOPLADORA,277.354179
2026-09-17T04:00:00-05:00,CELEC_SUR,921.87046
2026-09-17T04:00:00-05:00,MAZAR,131.32714
2026-09-17T04:00:00-05:00,MOLINO,499.74642
2026-09-17T04:00:00-05:00,MSF,0.0
2026-09-17T04:00:00-05:00,SOPLADORA,290.7969
2026-09-17T05:00:00-05:00,CELEC_SUR,944.16871
2026-09-17T05:00:00-05:00,MAZAR,131.333513
2026-09-17T05:00:00-05:00,MOLINO,513.357716
2026-09-17T05:00:00-05:00,MSF,0.0
2026-09-17T05:00:00-05:00,SOPLADORA,299.477481
2026-09-17T06:00:00-05:00,CELEC_SUR,940.093436
2026-09-17T06:00:00-05:00,MAZAR,131.328015
2026-09-17T06:00:00-05:00,MOLINO,505.010627
2026-09-17T06:00:00-05:00,MSF,8.75
2026-09-17T06:00:00-05:00,SOPLADORA,295.004794
2026-09-17T07:00:00-05:00,CELEC_SUR,746.22167
2026-09-17T07:00:00-05:00,MAZAR,131.346975
2026-09-17T07:00:00-05:00,MOLINO,381.147141
2026-09-17T07:00:00-05:00,MSF,10.0
2026-09-17T07:00:00-05:00,SOPLADORA,223.727554
2026-09-17T08:00:00-05:00,CELEC_SUR,779.498732
2026-09-17T08:00:00-05:00,MAZAR,131.366385
2026-09-17T08:00:00-05:00,MOLINO,403.025337
2026-09-17T08:00:00-05:00,MSF,11.5
2026-09-17T08:00:00-05:00,SOPLADORA,233.60701
2026-09-17T09:00:00-05:00,CELEC_SUR,1199.381841
2026-09-17T09:00:00-05:00,MAZAR,131.372758
2026-09-17T09:00:00-05:00,MOLINO,675.244353
2026-09-17T09:00:00-05:00,MSF,10.25
2026-09-17T09:00:00-05:00,SOPLADORA,382.51473
2026-09-17T10:00:00-05:00,CELEC_SUR,1513.104857
2026-09-17T10:00:00-05:00,MAZAR,134.033514
2026-09-17T10:00:00-05:00,MOLINO,879.105085
2026-09-17T10:00:00-05:00,MSF,20.0
2026-09-17T10:00:00-05:00,SOPLADORA,479.966258
2026-09-17T11:00:00-05:00,CELEC_SUR,1615.149303
2026-09-17T11:00:00-05:00,MAZAR,162.983315
2026-09-17T11:00:00-05:00,MOLINO,902.346352
2026-09-17T11:00:00-05:00,MSF,63.504
2026-09-17T11:00:00-05:00,SOPLADORA,486.315636
2026-09-17T12:00:00-05:00,CELEC_SUR,1706.045432
2026-09-17T12:00:00-05:00,MAZAR,161.658126
2026-09-17T12:00:00-05:00,MOLINO,901.317189
2026-09-17T12:00:00-05:00,MSF,156.75
2026-09-17T12:00:00-05:00,SOPLADORA,486.320117
2026-09-17T13:00:00-05:00,CELEC_SUR,1729.599448
2026-09-17T13:00:00-05:00,MAZAR,161.636459
2026-09-17T13:00:00-05:00,MOLINO,901.617006
2026-09-17T13:00:00-05:00,MSF,180.0
2026-09-17T13:00:00-05:00,SOPLADORA,486.345983
2026-09-17T14:00:00-05:00,CELEC_SUR,1742.910498
2026-09-17T14:00:00-05:00,MAZAR,161.611452
2026-09-17T14:00:00-05:00,MOLINO,902.189351
2026-09-17T14:00:00-05:00,MSF,192.75
2026-09-17T14:00:00-05:00,SOPLADORA,486.359695
2026-09-17T15:00:00-05:00,CELEC_SUR,1806.540416
2026-09-17T15:00:00-05:00,MAZAR,161.57526
2026-09-17T15:00:00-05:00,MOLINO,901.650407
2026-09-17T15:00:00-05:00,MSF,257.0
2026-09-17T15:00:00-05:00,SOPLADORA,486.314749
2026-09-17T16:00:00-05:00,CELEC_SUR,1812.856846
2026-09-17T16:00:00-05:00,MAZAR,161.57123
2026-09-17T16:00:00-05:00,MOLINO,902.427933
2026-09-17T16:00:00-05:00,MSF,263.0
2026-09-17T16:00:00-05:00,SOPLADORA,485.857683
2026-09-17T17:00:00-05:00,CELEC_SUR,1821.757092
2026-09-17T17:00:00-05:00,MAZAR,161.585273
2026-09-17T17:00:00-05:00,MOLINO,902.009029
2026-09-17T17:00:00-05:00,MSF,272.25
2026-09-17T17:00:00-05:00,SOPLADORA,485.91279
2026-09-17T18:00:00-05:00,CELEC_SUR,1815.798786
2026-09-17T18:00:00-05:00,MAZAR,161.615732
2026-09-17T18:00:00-05:00,MOLINO,901.766245
2026-09-17T18:00:00-05:00,MSF,266.5
2026-09-17T18:00:00-05:00,SOPLADORA,485.916809
2026-09-17T19:00:00-05:00,CELEC_SUR,1805.867453
2026-09-17T19:00:00-05:00,MAZAR,160.480648
2026-09-17T19:00:00-05:00,MOLINO,901.335839
2026-09-17T19:00:00-05:00,MSF,260.5
2026-09-17T19:00:00-05:00,SOPLADORA,483.550966
2026-09-17T20:00:00-05:00,CELEC_SUR,1822.198511
2026-09-17T20:00:00-05:00,MAZAR,161.59246
2026-09-17T20:00:00-05:00,MOLINO,902.238238
2026-09-17T20:00:00-05:00,MSF,272.25
2026-09-17T20:00:00-05:00,SOPLADORA,486.117813
2026-09-17T21:00:00-05:00,CELEC_SUR,1800.359167
2026-09-17T21:00:00-05:00,MAZAR,161.607459
2026-09-17T21:00:00-05:00,MOLINO,902.144665
2026-09-17T21:00:00-05:00,MSF,250.5
2026-09-17T21:00:00-05:00,SOPLADORA,486.107043
2026-09-17T22:00:00-05:00,CELEC_SUR,1708.501938
2026-09-17T22:00:00-05:00,MAZAR,161.615221
2026-09-17T22:00:00-05:00,MOLINO,902.27615
2026-09-17T22:00:00-05:00,MSF,158.5
2026-09-17T22:00:00-05:00,SOPLADORA,486.110567
2026-09-17T23:00:00-05:00,CELEC_SUR,1691.777069
2026-09-17T23:00:00-05:00,MAZAR,161.59676
2026-09-17T23:00:00-05:00,MOLINO,970.404809
2026-09-17T23:00:00-05:00,MSF,73.25
2026-09-17T23:00:00-05:00,SOPLADORA,486.5255
2026-09-18T00:00:00-05:00,CELEC_SUR,1662.978404
2026-09-18T00:00:00-05:00,MAZAR,153.138035
2026-09-18T00:00:00-05:00,MOLINO,1002.795334
2026-09-18T00:00:00-05:00,MSF,20.25
2026-09-18T00:00:00-05:00,SOPLADORA,486.795035
2026-09-18T01:00:00-05:00,CELEC_SUR,1532.978939
2026-09-18T01:00:00-05:00,MAZAR,129.183636
2026-09-18T01:00:00-05:00,MOLINO,909.545819
2026-09-18T01:00:00-05:00,MSF,10.81
2026-09-18T01:00:00-05:00,SOPLADORA,483.439484
2026-09-18T02:00:00-05:00,CELEC_SUR,1285.34777
2026-09-18T02:00:00-05:00,MAZAR,82.785041
2026-09-18T02:00:00-05:00,MOLINO,757.462584
2026-09-18T02:00:00-05:00,MSF,8.5
2026-09-18T02:00:00-05:00,SOPLADORA,436.600145
2026-09-18T03:00:00-05:00,CELEC_SUR,1088.771115
2026-09-18T03:00:00-05:00,MAZAR,82.795789
2026-09-18T03:00:00-05:00,MOLINO,631.323723
2026-09-18T03:00:00-05:00,MSF,3.0
2026-09-18T03:00:00-05:00,SOPLADORA,371.651603
2026-09-18T04:00:00-05:00,CELEC_SUR,996.887915
2026-09-18T04:00:00-05:00,MAZAR,108.046355
2026-09-18T04:00:00-05:00,MOLINO,566.501381
2026-09-18T04:00:00-05:00,MSF,0.0
2026-09-18T04:00:00-05:00,SOPLADORA,322.340179
2026-09-18T05:00:00-05:00,CELEC_SUR,906.580547
2026-09-18T05:00:00-05:00,MAZAR,130.664936
2026-09-18T05:00:00-05:00,MOLINO,485.413561
2026-09-18T05:00:00-05:00,MSF,0.0
2026-09-18T05:00:00-05:00,SOPLADORA,290.50205
2026-09-18T06:00:00-05:00,CELEC_SUR,731.756033
2026-09-18T06:00:00-05:00,MAZAR,130.681195
2026-09-18T06:00:00-05:00,MOLINO,379.565335
2026-09-18T06:00:00-05:00,MSF,4.25
2026-09-18T06:00:00-05:00,SOPLADORA,217.259503
2026-09-18T07:00:00-05:00,CELEC_SUR,761.175092
2026-09-18T07:00:00-05:00,MAZAR,130.697553
2026-09-18T07:00:00-05:00,MOLINO,392.687355
2026-09-18T07:00:00-05:00,MSF,10.0
2026-09-18T07:00:00-05:00,SOPLADORA,227.790184
2026-09-18T08:00:00-05:00,CELEC_SUR,724.175207
2026-09-18T08:00:00-05:00,MAZAR,130.707739
2026-09-18T08:00:00-05:00,MOLINO,367.577387
2026-09-18T08:00:00-05:00,MSF,10.25
2026-09-18T08:00:00-05:00,SOPLADORA,215.640081
2026-09-18T09:00:00-05:00,CELEC_SUR,1001.416546
2026-09-18T09:00:00-05:00,MAZAR,130.67988
2026-09-18T09:00:00-05:00,MOLINO,550.187541
2026-09-18T09:00:00-05:00,MSF,10.0
2026-09-18T09:00:00-05:00,SOPLADORA,310.549125
2026-09-18T10:00:00-05:00,CELEC_SUR,1311.790781
2026-09-18T10:00:00-05:00,MAZAR,157.76591
2026-09-18T10:00:00-05:00,MOLINO,727.449875
2026-09-18T10:00:00-05:00,MSF,10.0
2026-09-18T10:00:00-05:00,SOPLADORA,416.574996
2026-09-18T11:00:00-05:00,CELEC_SUR,1586.262577
2026-09-18T11:00:00-05:00,MAZAR,160.020684
2026-09-18T11:00:00-05:00,MOLINO,932.517968
2026-09-18T11:00:00-05:00,MSF,10.45
2026-09-18T11:00:00-05:00,SOPLADORA,483.273925
2026-09-18T12:00:00-05:00,CELEC_SUR,1670.058802
2026-09-18T12:00:00-05:00,MAZAR,160.009385
2026-09-18T12:00:00-05:00,MOLINO,1003.347143
2026-09-18T12:00:00-05:00,MSF,21.7
2026-09-18T12:00:00-05:00,SOPLADORA,485.002274
2026-09-18T13:00:00-05:00,CELEC_SUR,1656.05003
2026-09-18T13:00:00-05:00,MAZAR,157.371277
2026-09-18T13:00:00-05:00,MOLINO,990.805998
2026-09-18T13:00:00-05:00,MSF,23.0
2026-09-18T13:00:00-05:00,SOPLADORA,484.872755
2026-09-18T14:00:00-05:00,CELEC_SUR,1589.986974
2026-09-18T14:00:00-05:00,MAZAR,131.221789
2026-09-18T14:00:00-05:00,MOLINO,945.095505
2026-09-18T14:00:00-05:00,MSF,29.25
2026-09-18T14:00:00-05:00,SOPLADORA,484.41968
2026-09-18T15:00:00-05:00,CELEC_SUR,1618.281462
2026-09-18T15:00:00-05:00,MAZAR,131.215341
2026-09-18T15:00:00-05:00,MOLINO,969.20701
2026-09-18T15:00:00-05:00,MSF,33.25
2026-09-18T15:00:00-05:00,SOPLADORA,484.609111
2026-09-18T16:00:00-05:00,CELEC_SUR,1603.912621
2026-09-18T16:00:00-05:00,MAZAR,131.206949
2026-09-18T16:00:00-05:00,MOLINO,960.851212
2026-09-18T16:00:00-05:00,MSF,27.25
2026-09-18T16:00:00-05:00,SOPLADORA,484.60446
2026-09-18T17:00:00-05:00,CELEC_SUR,1490.67085
2026-09-18T17:00:00-05:00,MAZAR,131.26703
2026-09-18T17:00:00-05:00,MOLINO,854.323284
2026-09-18T17:00:00-05:00,MSF,21.5
2026-09-18T17:00:00-05:00,SOPLADORA,483.580536
2026-09-18T18:00:00-05:00,CELEC_SUR,1441.06691
2026-09-18T18:00:00-05:00,MAZAR,131.290529
2026-09-18T18:00:00-05:00,MOLINO,814.557994
2026-09-18T18:00:00-05:00,MSF,21.5
2026-09-18T18:00:00-05:00,SOPLADORA,473.718387
2026-09-18T19:00:00-05:00,CELEC_SUR,1498.318542
2026-09-18T19:00:00-05:00,MAZAR,146.840757
2026-09-18T19:00:00-05:00,MOLINO,843.579507
2026-09-18T19:00:00-05:00,MSF,43.25
2026-09-18T19:00:00-05:00,SOPLADORA,464.648278
2026-09-18T20:00:00-05:00,CELEC_SUR,1564.908033
2026-09-18T20:00:00-05:00,MAZAR,160.071158
2026-09-18T20:00:00-05:00,MOLINO,847.833407
2026-09-18T20:00:00-05:00,MSF,73.5
2026-09-18T20:00:00-05:00,SOPLADORA,483.503468
2026-09-18T21:00:00-05:00,CELEC_SUR,1554.167451
2026-09-18T21:00:00-05:00,MAZAR,139.115476
2026-09-18T21:00:00-05:00,MOLINO,844.006702
2026-09-18T21:00:00-05:00,MSF,87.75
2026-09-18T21:00:00-05:00,SOPLADORA,483.295273
2026-09-18T22:00:00-05:00,CELEC_SUR,1466.901998
2026-09-18T22:00:00-05:00,MAZAR,102.55962
2026-09-18T22:00:00-05:00,MOLINO,843.8064
2026-09-18T22:00:00-05:00,MSF,37.25
2026-09-18T22:00:00-05:00,SOPLADORA,483.285978
2026-09-18T23:00:00-05:00,CELEC_SUR,1416.165455
2026-09-18T23:00:00-05:00,MAZAR,65.525825
2026-09-18T23:00:00-05:00,MOLINO,844.129524
2026-09-18T23:00:00-05:00,MSF,23.25
2026-09-18T23:00:00-05:00,SOPLADORA,483.260106
2026-09-19T00:00:00-05:00,CELEC_SUR,1410.550143
2026-09-19T00:00:00-05:00,MAZAR,63.133534
2026-09-19T00:00:00-05:00,MOLINO,843.869612
2026-09-19T00:00:00-05:00,MSF,20.25
2026-09-19T00:00:00-05:00,SOPLADORA,483.296997
2026-09-19T01:00:00-05:00,CELEC_SUR,1338.743463
2026-09-19T01:00:00-05:00,MAZAR,0.083473
2026-09-19T01:00:00-05:00,MOLINO,835.340373
2026-09-19T01:00:00-05:00,MSF,23.0
2026-09-19T01:00:00-05:00,SOPLADORA,480.319617
2026-09-19T02:00:00-05:00,CELEC_SUR,1078.127251
2026-09-19T02:00:00-05:00,MAZAR,0.0
2026-09-19T02:00:00-05:00,MOLINO,666.957777
2026-09-19T02:00:00-05:00,MSF,20.0
2026-09-19T02:00:00-05:00,SOPLADORA,391.169474
2026-09-19T03:00:00-05:00,CELEC_SUR,813.775621
2026-09-19T03:00:00-05:00,MAZAR,0.0
2026-09-19T03:00:00-05:00,MOLINO,496.83439
2026-09-19T03:00:00-05:00,MSF,23.0
2026-09-19T03:00:00-05:00,SOPLADORA,293.941231
2026-09-19T04:00:00-05:00,CELEC_SUR,648.840652
2026-09-19T04:00:00-05:00,MAZAR,0.0
2026-09-19T04:00:00-05:00,MOLINO,395.6657
2026-09-19T04:00:00-05:00,MSF,23.32
2026-09-19T04:00:00-05:00,SOPLADORA,229.854952
2026-09-19T05:00:00-05:00,CELEC_SUR,547.106802
2026-09-19T05:00:00-05:00,MAZAR,0.0
2026-09-19T05:00:00-05:00,MOLINO,331.401831
2026-09-19T05:00:00-05:00,MSF,20.5
2026-09-19T05:00:00-05:00,SOPLADORA,195.204971
2026-09-19T06:00:00-05:00,CELEC_SUR,467.334622
2026-09-19T06:00:00-05:00,MAZAR,0.0
2026-09-19T06:00:00-05:00,MOLINO,281.396126
2026-09-19T06:00:00-05:00,MSF,23.0
2026-09-19T06:00:00-05:00,SOPLADORA,162.938496
2026-09-19T07:00:00-05:00,CELEC_SUR,334.026835
2026-09-19T07:00:00-05:00,MAZAR,0.0
2026-09-19T07:00:00-05:00,MOLINO,195.743509
2026-09-19T07:00:00-05:00,MSF,23.0
2026-09-19T07:00:00-05:00,SOPLADORA,115.283326
2026-09-19T08:00:00-05:00,CELEC_SUR,421.873029
2026-09-19T08:00:00-05:00,MAZAR,0.0
2026-09-19T08:00:00-05:00,MOLINO,261.615611
2026-09-19T08:00:00-05:00,MSF,20.0
2026-09-19T08:00:00-05:00,SOPLADORA,140.257418
2026-09-19T09:00:00-05:00,CELEC_SUR,761.548696
2026-09-19T09:00:00-05:00,MAZAR,0.0
2026-09-19T09:00:00-05:00,MOLINO,468.082119
2026-09-19T09:00:00-05:00,MSF,23.0
2026-09-19T09:00:00-05:00,SOPLADORA,270.466577
2026-09-19T10:00:00-05:00,CELEC_SUR,893.660949
2026-09-19T10:00:00-05:00,MAZAR,0.0
2026-09-19T10:00:00-05:00,MOLINO,557.803839
2026-09-19T10:00:00-05:00,MSF,21.75
2026-09-19T10:00:00-05:00,SOPLADORA,314.10711
2026-09-19T11:00:00-05:00,CELEC_SUR,1152.081577
2026-09-19T11:00:00-05:00,MAZAR,50.878266
2026-09-19T11:00:00-05:00,MOLINO,685.404567
2026-09-19T11:00:00-05:00,MSF,21.75
2026-09-19T11:00:00-05:00,SOPLADORA,394.048744
2026-09-19T12:00:00-05:00,CELEC_SUR,1269.316422
2026-09-19T12:00:00-05:00,MAZAR,64.735267
2026-09-19T12:00:00-05:00,MOLINO,749.718816
2026-09-19T12:00:00-05:00,MSF,23.0
2026-09-19T12:00:00-05:00,SOPLADORA,431.862339
2026-09-19T13:00:00-05:00,CELEC_SUR,1354.216099
2026-09-19T13:00:00-05:00,MAZAR,113.991177
2026-09-19T13:00:00-05:00,MOLINO,704.549468
2026-09-19T13:00:00-05:00,MSF,127.97
2026-09-19T13:00:00-05:00,SOPLADORA,407.705454
2026-09-19T14:00:00-05:00,CELEC_SUR,1373.943985
2026-09-19T14:00:00-05:00,MAZAR,129.788629
2026-09-19T14:00:00-05:00,MOLINO,658.235932
2026-09-19T14:00:00-05:00,MSF,201.5
2026-09-19T14:00:00-05:00,SOPLADORA,384.419424
2026-09-19T15:00:00-05:00,CELEC_SUR,1306.144567
2026-09-19T15:00:00-05:00,MAZAR,129.812136
2026-09-19T15:00:00-05:00,MOLINO,601.288644
2026-09-19T15:00:00-05:00,MSF,220.5
2026-09-19T15:00:00-05:00,SOPLADORA,354.543787
2026-09-19T16:00:00-05:00,CELEC_SUR,1310.293899
2026-09-19T16:00:00-05:00,MAZAR,117.493312
2026-09-19T16:00:00-05:00,MOLINO,603.083574
2026-09-19T16:00:00-05:00,MSF,253.25
2026-09-19T16:00:00-05:00,SOPLADORA,336.467013
2026-09-19T17:00:00-05:00,CELEC_SUR,1280.908696
2026-09-19T17:00:00-05:00,MAZAR,64.746405
2026-09-19T17:00:00-05:00,MOLINO,599.638755
2026-09-19T17:00:00-05:00,MSF,272.25
2026-09-19T17:00:00-05:00,SOPLADORA,344.273536
2026-09-19T18:00:00-05:00,CELEC_SUR,1250.270542
2026-09-19T18:00:00-05:00,MAZAR,64.748708
2026-09-19T18:00:00-05:00,MOLINO,589.229614
2026-09-19T18:00:00-05:00,MSF,269.25
2026-09-19T18:00:00-05:00,SOPLADORA,327.04222
2026-09-19T19:00:00-05:00,CELEC_SUR,1369.430103
2026-09-19T19:00:00-05:00,MAZAR,64.733835
2026-09-19T19:00:00-05:00,MOLINO,673.012289
2026-09-19T19:00:00-05:00,MSF,272.25
2026-09-19T19:00:00-05:00,SOPLADORA,359.433979
2026-09-19T20:00:00-05:00,CELEC_SUR,1384.32025
2026-09-19T20:00:00-05:00,MAZAR,64.729063
2026-09-19T20:00:00-05:00,MOLINO,664.049527
2026-09-19T20:00:00-05:00,MSF,270.7
2026-09-19T20:00:00-05:00,SOPLADORA,384.84166
2026-09-19T21:00:00-05:00,CELEC_SUR,1338.72454
2026-09-19T21:00:00-05:00,MAZAR,64.733088
2026-09-19T21:00:00-05:00,MOLINO,632.187595
2026-09-19T21:00:00-05:00,MSF,272.25
2026-09-19T21:00:00-05:00,SOPLADORA,369.553857
2026-09-19T22:00:00-05:00,CELEC_SUR,1324.258575
2026-09-19T22:00:00-05:00,MAZAR,64.723443
2026-09-19T22:00:00-05:00,MOLINO,626.715587
2026-09-19T22:00:00-05:00,MSF,272.0
2026-09-19T22:00:00-05:00,SOPLADORA,360.819545
2026-09-19T23:00:00-05:00,CELEC_SUR,1250.72123
2026-09-19T23:00:00-05:00,MAZAR,7.126619
2026-09-19T23:00:00-05:00,MOLINO,620.365999
2026-09-19T23:00:00-05:00,MSF,262.0
2026-09-19T23:00:00-05:00,SOPLADORA,361.228612
2026-09-20T00:00:00-05:00,CELEC_SUR,1113.779826
2026-09-20T00:00:00-05:00,MAZAR,0.0
2026-09-20T00:00:00-05:00,MOLINO,576.203091
2026-09-20T00:00:00-05:00,MSF,209.0
2026-09-20T00:00:00-05:00,SOPLADORA,328.576735
2026-09-20T01:00:00-05:00,CELEC_SUR,1123.382548
2026-09-20T01:00:00-05:00,MAZAR,0.0
2026-09-20T01:00:00-05:00,MOLINO,583.980517
2026-09-20T01:00:00-05:00,MSF,200.0
2026-09-20T01:00:00-05:00,SOPLADORA,339.402031
2026-09-20T02:00:00-05:00,CELEC_SUR,908.653607
2026-09-20T02:00:00-05:00,MAZAR,0.0
2026-09-20T02:00:00-05:00,MOLINO,484.673712
2026-09-20T02:00:00-05:00,MSF,151.25
2026-09-20T02:00:00-05:00,SOPLADORA,272.729895
2026-09-20T03:00:00-05:00,CELEC_SUR,730.606378
2026-09-20T03:00:00-05:00,MAZAR,0.0
2026-09-20T03:00:00-05:00,MOLINO,401.159156
2026-09-20T03:00:00-05:00,MSF,151.0
2026-09-20T03:00:00-05:00,SOPLADORA,178.447222
2026-09-20T04:00:00-05:00,CELEC_SUR,617.995684
2026-09-20T04:00:00-05:00,MAZAR,0.0
2026-09-20T04:00:00-05:00,MOLINO,319.455306
2026-09-20T04:00:00-05:00,MSF,136.75
2026-09-20T04:00:00-05:00,SOPLADORA,161.790378
2026-09-20T05:00:00-05:00,CELEC_SUR,503.167902
2026-09-20T05:00:00-05:00,MAZAR,0.0
2026-09-20T05:00:00-05:00,MOLINO,255.576898
2026-09-20T05:00:00-05:00,MSF,101.0
2026-09-20T05:00:00-05:00,SOPLADORA,146.591004
2026-09-20T06:00:00-05:00,CELEC_SUR,445.89858
2026-09-20T06:00:00-05:00,MAZAR,0.0
2026-09-20T06:00:00-05:00,MOLINO,214.747272
2026-09-20T06:00:00-05:00,MSF,102.0
2026-09-20T06:00:00-05:00,SOPLADORA,129.151308
2026-09-20T07:00:00-05:00,CELEC_SUR,404.967474
2026-09-20T07:00:00-05:00,MAZAR,0.0
2026-09-20T07:00:00-05:00,MOLINO,219.317375
2026-09-20T07:00:00-05:00,MSF,64.5
2026-09-20T07:00:00-05:00,SOPLADORA,121.150099
2026-09-20T08:00:00-05:00,CELEC_SUR,469.266472
2026-09-20T08:00:00-05:00,MAZAR,0.0
2026-09-20T08:00:00-05:00,MOLINO,276.74607
2026-09-20T08:00:00-05:00,MSF,34.5
2026-09-20T08:00:00-05:00,SOPLADORA,158.020402
2026-09-20T09:00:00-05:00,CELEC_SUR,459.838164
2026-09-20T09:00:00-05:00,MAZAR,0.0
2026-09-20T09:00:00-05:00,MOLINO,272.326054
2026-09-20T09:00:00-05:00,MSF,31.75
2026-09-20T09:00:00-05:00,SOPLADORA,155.76211
2026-09-20T10:00:00-05:00,CELEC_SUR,593.884661
2026-09-20T10:00:00-05:00,MAZAR,0.0
2026-09-20T10:00:00-05:00,MOLINO,348.754007
2026-09-20T10:00:00-05:00,MSF,54.76
2026-09-20T10:00:00-05:00,SOPLADORA,190.370654
2026-09-20T11:00:00-05:00,CELEC_SUR,774.651228
2026-09-20T11:00:00-05:00,MAZAR,0.0
2026-09-20T11:00:00-05:00,MOLINO,449.837226
2026-09-20T11:00:00-05:00,MSF,64.75
2026-09-20T11:00:00-05:00,SOPLADORA,260.064002
2026-09-20T12:00:00-05:00,CELEC_SUR,882.639521
2026-09-20T12:00:00-05:00,MAZAR,57.897925
2026-09-20T12:00:00-05:00,MOLINO,476.538851
2026-09-20T12:00:00-05:00,MSF,63.25
2026-09-20T12:00:00-05:00,SOPLADORA,284.952745
2026-09-20T13:00:00-05:00,CELEC_SUR,961.427239
2026-09-20T13:00:00-05:00,MAZAR,111.738267
2026-09-20T13:00:00-05:00,MOLINO,500.236441
2026-09-20T13:00:00-05:00,MSF,62.0
2026-09-20T13:00:00-05:00,SOPLADORA,287.452531
2026-09-20T14:00:00-05:00,CELEC_SUR,967.724556
2026-09-20T14:00:00-05:00,MAZAR,129.831111
2026-09-20T14:00:00-05:00,MOLINO,486.533946
2026-09-20T14:00:00-05:00,MSF,65.0
2026-09-20T14:00:00-05:00,SOPLADORA,286.359499
2026-09-20T15:00:00-05:00,CELEC_SUR,932.606523
2026-09-20T15:00:00-05:00,MAZAR,129.844991
2026-09-20T15:00:00-05:00,MOLINO,468.329639
2026-09-20T15:00:00-05:00,MSF,57.5
2026-09-20T15:00:00-05:00,SOPLADORA,276.931893
2026-09-20T16:00:00-05:00,CELEC_SUR,907.77376
2026-09-20T16:00:00-05:00,MAZAR,129.855617
2026-09-20T16:00:00-05:00,MOLINO,448.573797
2026-09-20T16:00:00-05:00,MSF,63.25
2026-09-20T16:00:00-05:00,SOPLADORA,266.094346
2026-09-20T17:00:00-05:00,CELEC_SUR,915.143383
2026-09-20T17:00:00-05:00,MAZAR,95.201374
2026-09-20T17:00:00-05:00,MOLINO,478.321419
2026-09-20T17:00:00-05:00,MSF,64.75
2026-09-20T17:00:00-05:00,SOPLADORA,276.87059
2026-09-20T18:00:00-05:00,CELEC_SUR,904.399188
2026-09-20T18:00:00-05:00,MAZAR,64.777835
2026-09-20T18:00:00-05:00,MOLINO,488.55594
2026-09-20T18:00:00-05:00,MSF,63.5
2026-09-20T18:00:00-05:00,SOPLADORA,287.565413
2026-09-20T19:00:00-05:00,CELEC_SUR,976.463775
2026-09-20T19:00:00-05:00,MAZAR,93.791791
2026-09-20T19:00:00-05:00,MOLINO,518.539247
2026-09-20T19:00:00-05:00,MSF,66.0
2026-09-20T19:00:00-05:00,SOPLADORA,298.132737
2026-09-20T20:00:00-05:00,CELEC_SUR,1137.594442
2026-09-20T20:00:00-05:00,MAZAR,129.755442
2026-09-20T20:00:00-05:00,MOLINO,539.638098
2026-09-20T20:00:00-05:00,MSF,150.0
2026-09-20T20:00:00-05:00,SOPLADORA,318.200902
2026-09-20T21:00:00-05:00,CELEC_SUR,1189.796427
2026-09-20T21:00:00-05:00,MAZAR,129.774011
2026-09-20T21:00:00-05:00,MOLINO,531.55901
2026-09-20T21:00:00-05:00,MSF,213.0
2026-09-20T21:00:00-05:00,SOPLADORA,315.463406
2026-09-20T22:00:00-05:00,CELEC_SUR,1284.262285
2026-09-20T22:00:00-05:00,MAZAR,129.764687
2026-09-20T22:00:00-05:00,MOLINO,565.771011
2026-09-20T22:00:00-05:00,MSF,272.25
2026-09-20T22:00:00-05:00,SOPLADORA,316.476587
2026-09-20T23:00:00-05:00,CELEC_SUR,1324.541552
2026-09-20T23:00:00-05:00,MAZAR,129.76292
2026-09-20T23:00:00-05:00,MOLINO,578.68916
2026-09-20T23:00:00-05:00,MSF,271.0
2026-09-20T23:00:00-05:00,SOPLADORA,345.089472
2026-09-21T00:00:00-05:00,CELEC_SUR,1237.088619
2026-09-21T00:00:00-05:00,MAZAR,129.774765
2026-09-21T00:00:00-05:00,MOLINO,599.178889
2026-09-21T00:00:00-05:00,MSF,168.25
2026-09-21T00:00:00-05:00,SOPLADORA,339.884965
2026-09-21T01:00:00-05:00,CELEC_SUR,1156.127078
2026-09-21T01:00:00-05:00,MAZAR,117.116988
2026-09-21T01:00:00-05:00,MOLINO,617.718009
2026-09-21T01:00:00-05:00,MSF,62.0
2026-09-21T01:00:00-05:00,SOPLADORA,359.292081
2026-09-21T02:00:00-05:00,CELEC_SUR,962.095146
2026-09-21T02:00:00-05:00,MAZAR,64.801311
2026-09-21T02:00:00-05:00,MOLINO,563.332935
2026-09-21T02:00:00-05:00,MSF,7.25
2026-09-21T02:00:00-05:00,SOPLADORA,326.7109
2026-09-21T03:00:00-05:00,CELEC_SUR,801.425576
2026-09-21T03:00:00-05:00,MAZAR,64.811539
2026-09-21T03:00:00-05:00,MOLINO,472.531451
2026-09-21T03:00:00-05:00,MSF,0.0
2026-09-21T03:00:00-05:00,SOPLADORA,264.082586
2026-09-21T04:00:00-05:00,CELEC_SUR,700.433738
2026-09-21T04:00:00-05:00,MAZAR,64.814223
2026-09-21T04:00:00-05:00,MOLINO,400.853868
2026-09-21T04:00:00-05:00,MSF,0.0
2026-09-21T04:00:00-05:00,SOPLADORA,234.765647
2026-09-21T05:00:00-05:00,CELEC_SUR,644.241604
2026-09-21T05:00:00-05:00,MAZAR,64.817307
2026-09-21T05:00:00-05:00,MOLINO,395.626665
2026-09-21T05:00:00-05:00,MSF,0.35
2026-09-21T05:00:00-05:00,SOPLADORA,183.447632
2026-09-21T06:00:00-05:00,CELEC_SUR,746.985381
2026-09-21T06:00:00-05:00,MAZAR,64.815095
2026-09-21T06:00:00-05:00,MOLINO,466.278375
2026-09-21T06:00:00-05:00,MSF,11.5
2026-09-21T06:00:00-05:00,SOPLADORA,204.391911
2026-09-21T07:00:00-05:00,CELEC_SUR,739.291888
2026-09-21T07:00:00-05:00,MAZAR,64.826143
2026-09-21T07:00:00-05:00,MOLINO,421.508862
2026-09-21T07:00:00-05:00,MSF,11.5
2026-09-21T07:00:00-05:00,SOPLADORA,241.456883
2026-09-21T08:00:00-05:00,CELEC_SUR,739.841597
2026-09-21T08:00:00-05:00,MAZAR,64.824913
2026-09-21T08:00:00-05:00,MOLINO,419.980736
2026-09-21T08:00:00-05:00,MSF,11.0
2026-09-21T08:00:00-05:00,SOPLADORA,244.035948
2026-09-21T09:00:00-05:00,CELEC_SUR,1034.958302
2026-09-21T09:00:00-05:00,MAZAR,64.819107
2026-09-21T09:00:00-05:00,MOLINO,610.226122
2026-09-21T09:00:00-05:00,MSF,11.5
2026-09-21T09:00:00-05:00,SOPLADORA,348.413073
2026-09-21T10:00:00-05:00,CELEC_SUR,1314.323638
2026-09-21T10:00:00-05:00,MAZAR,118.280933
2026-09-21T10:00:00-05:00,MOLINO,749.707633
2026-09-21T10:00:00-05:00,MSF,13.0
2026-09-21T10:00:00-05:00,SOPLADORA,433.335072
2026-09-21T11:00:00-05:00,CELEC_SUR,1540.438555
2026-09-21T11:00:00-05:00,MAZAR,155.748129
2026-09-21T11:00:00-05:00,MOLINO,859.345531
2026-09-21T11:00:00-05:00,MSF,46.0
2026-09-21T11:00:00-05:00,SOPLADORA,479.344895
2026-09-21T12:00:00-05:00,CELEC_SUR,1717.391877
2026-09-21T12:00:00-05:00,MAZAR,160.072171
2026-09-21T12:00:00-05:00,MOLINO,980.403219
2026-09-21T12:00:00-05:00,MSF,92.5
2026-09-21T12:00:00-05:00,SOPLADORA,484.416487
2026-09-21T13:00:00-05:00,CELEC_SUR,1745.195792
2026-09-21T13:00:00-05:00,MAZAR,160.041637
2026-09-21T13:00:00-05:00,MOLINO,1007.269715
2026-09-21T13:00:00-05:00,MSF,92.25
2026-09-21T13:00:00-05:00,SOPLADORA,485.63444
2026-09-21T14:00:00-05:00,CELEC_SUR,1769.603286
2026-09-21T14:00:00-05:00,MAZAR,160.010828
2026-09-21T14:00:00-05:00,MOLINO,1007.47333
2026-09-21T14:00:00-05:00,MSF,116.25
2026-09-21T14:00:00-05:00,SOPLADORA,485.869128
2026-09-21T15:00:00-05:00,CELEC_SUR,1774.738762
2026-09-21T15:00:00-05:00,MAZAR,159.966523
2026-09-21T15:00:00-05:00,MOLINO,1007.522832
2026-09-21T15:00:00-05:00,MSF,121.25
2026-09-21T15:00:00-05:00,SOPLADORA,485.999407
2026-09-21T16:00:00-05:00,CELEC_SUR,1774.298174
2026-09-21T16:00:00-05:00,MAZAR,160.054767
2026-09-21T16:00:00-05:00,MOLINO,1007.239784
2026-09-21T16:00:00-05:00,MSF,121.0
2026-09-21T16:00:00-05:00,SOPLADORA,486.003623
2026-09-21T17:00:00-05:00,CELEC_SUR,1773.800962
2026-09-21T17:00:00-05:00,MAZAR,160.043856
2026-09-21T17:00:00-05:00,MOLINO,1006.977955
2026-09-21T17:00:00-05:00,MSF,120.75
2026-09-21T17:00:00-05:00,SOPLADORA,486.029151
2026-09-21T18:00:00-05:00,CELEC_SUR,1737.174177
2026-09-21T18:00:00-05:00,MAZAR,160.080027
2026-09-21T18:00:00-05:00,MOLINO,1007.330048
2026-09-21T18:00:00-05:00,MSF,83.75
2026-09-21T18:00:00-05:00,SOPLADORA,486.014102
2026-09-21T19:00:00-05:00,CELEC_SUR,1794.139484
2026-09-21T19:00:00-05:00,MAZAR,160.078193
2026-09-21T19:00:00-05:00,MOLINO,1006.700392
2026-09-21T19:00:00-05:00,MSF,141.25
2026-09-21T19:00:00-05:00,SOPLADORA,486.110899
2026-09-21T20:00:00-05:00,CELEC_SUR,1804.020122
2026-09-21T20:00:00-05:00,MAZAR,160.081445
2026-09-21T20:00:00-05:00,MOLINO,1007.060164
2026-09-21T20:00:00-05:00,MSF,150.75
2026-09-21T20:00:00-05:00,SOPLADORA,486.128513
2026-09-21T21:00:00-05:00,CELEC_SUR,1806.242149
2026-09-21T21:00:00-05:00,MAZAR,160.07518
2026-09-21T21:00:00-05:00,MOLINO,1007.066481
2026-09-21T21:00:00-05:00,MSF,153.0
2026-09-21T21:00:00-05:00,SOPLADORA,486.100488
2026-09-21T22:00:00-05:00,CELEC_SUR,1688.191341
2026-09-21T22:00:00-05:00,MAZAR,160.087402
2026-09-21T22:00:00-05:00,MOLINO,940.241092
2026-09-21T22:00:00-05:00,MSF,102.0
2026-09-21T22:00:00-05:00,SOPLADORA,485.862847
2026-09-21T23:00:00-05:00,CELEC_SUR,1629.36706
2026-09-21T23:00:00-05:00,MAZAR,143.676917
2026-09-21T23:00:00-05:00,MOLINO,909.190456
2026-09-21T23:00:00-05:00,MSF,90.7
2026-09-21T23:00:00-05:00,SOPLADORA,485.799687
2026-09-22T00:00:00-05:00,CELEC_SUR,1513.984832
2026-09-22T00:00:00-05:00,MAZAR,150.789513
2026-09-22T00:00:00-05:00,MOLINO,857.811272
2026-09-22T00:00:00-05:00,MSF,20.0
2026-09-22T00:00:00-05:00,SOPLADORA,485.384047
2026-09-22T01:00:00-05:00,CELEC_SUR,1460.4099
2026-09-22T01:00:00-05:00,MAZAR,127.737169
2026-09-22T01:00:00-05:00,MOLINO,841.737082
2026-09-22T01:00:00-05:00,MSF,6.0
2026-09-22T01:00:00-05:00,SOPLADORA,484.935649
2026-09-22T02:00:00-05:00,CELEC_SUR,1241.02246
2026-09-22T02:00:00-05:00,MAZAR,0.0
2026-09-22T02:00:00-05:00,MOLINO,786.587093
2026-09-22T02:00:00-05:00,MSF,0.0
2026-09-22T02:00:00-05:00,SOPLADORA,454.435367
2026-09-22T03:00:00-05:00,CELEC_SUR,1099.979412
2026-09-22T03:00:00-05:00,MAZAR,0.0
2026-09-22T03:00:00-05:00,MOLINO,697.21338
2026-09-22T03:00:00-05:00,MSF,0.0
2026-09-22T03:00:00-05:00,SOPLADORA,402.766032
2026-09-22T04:00:00-05:00,CELEC_SUR,1003.169382
2026-09-22T04:00:00-05:00,MAZAR,0.0
2026-09-22T04:00:00-05:00,MOLINO,634.471329
2026-09-22T04:00:00-05:00,MSF,0.0
2026-09-22T04:00:00-05:00,SOPLADORA,368.698053
2026-09-22T05:00:00-05:00,CELEC_SUR,878.190773
2026-09-22T05:00:00-05:00,MAZAR,0.0
2026-09-22T05:00:00-05:00,MOLINO,560.090756
2026-09-22T05:00:00-05:00,MSF,0.0
2026-09-22T05:00:00-05:00,SOPLADORA,318.100017
2026-09-22T06:00:00-05:00,CELEC_SUR,934.605261
2026-09-22T06:00:00-05:00,MAZAR,0.0
2026-09-22T06:00:00-05:00,MOLINO,589.783335
2026-09-22T06:00:00-05:00,MSF,9.5
2026-09-22T06:00:00-05:00,SOPLADORA,335.321926
2026-09-22T07:00:00-05:00,CELEC_SUR,1046.726134
2026-09-22T07:00:00-05:00,MAZAR,0.0
2026-09-22T07:00:00-05:00,MOLINO,655.970693
2026-09-22T07:00:00-05:00,MSF,10.9
2026-09-22T07:00:00-05:00,SOPLADORA,379.855441
2026-09-22T08:00:00-05:00,CELEC_SUR,919.644031
2026-09-22T08:00:00-05:00,MAZAR,0.0
2026-09-22T08:00:00-05:00,MOLINO,573.984318
2026-09-22T08:00:00-05:00,MSF,11.5
2026-09-22T08:00:00-05:00,SOPLADORA,334.159713
2026-09-22T09:00:00-05:00,CELEC_SUR,1206.545582
2026-09-22T09:00:00-05:00,MAZAR,49.051918
2026-09-22T09:00:00-05:00,MOLINO,726.834539
2026-09-22T09:00:00-05:00,MSF,11.5
2026-09-22T09:00:00-05:00,SOPLADORA,419.159125
2026-09-22T10:00:00-05:00,CELEC_SUR,1504.494553
2026-09-22T10:00:00-05:00,MAZAR,135.427679
2026-09-22T10:00:00-05:00,MOLINO,870.011938
2026-09-22T10:00:00-05:00,MSF,14.5
2026-09-22T10:00:00-05:00,SOPLADORA,484.554936
2026-09-22T11:00:00-05:00,CELEC_SUR,1628.996662
2026-09-22T11:00:00-05:00,MAZAR,160.870836
2026-09-22T11:00:00-05:00,MOLINO,957.325912
2026-09-22T11:00:00-05:00,MSF,23.0
2026-09-22T11:00:00-05:00,SOPLADORA,487.799914
2026-09-22T12:00:00-05:00,CELEC_SUR,1717.273958
2026-09-22T12:00:00-05:00,MAZAR,160.84659
2026-09-22T12:00:00-05:00,MOLINO,1003.393901
2026-09-22T12:00:00-05:00,MSF,65.0
2026-09-22T12:00:00-05:00,SOPLADORA,488.033467
2026-09-22T13:00:00-05:00,CELEC_SUR,1751.6224
2026-09-22T13:00:00-05:00,MAZAR,160.870549
2026-09-22T13:00:00-05:00,MOLINO,1003.346573
2026-09-22T13:00:00-05:00,MSF,100.5
2026-09-22T13:00:00-05:00,SOPLADORA,486.905278
2026-09-22T14:00:00-05:00,CELEC_SUR,1753.499724
2026-09-22T14:00:00-05:00,MAZAR,160.844188
2026-09-22T14:00:00-05:00,MOLINO,1003.250023
2026-09-22T14:00:00-05:00,MSF,102.5
2026-09-22T14:00:00-05:00,SOPLADORA,486.905513
2026-09-22T15:00:00-05:00,CELEC_SUR,1752.041351
2026-09-22T15:00:00-05:00,MAZAR,160.788681
2026-09-22T15:00:00-05:00,MOLINO,1003.825959
2026-09-22T15:00:00-05:00,MSF,100.5
2026-09-22T15:00:00-05:00,SOPLADORA,486.926711
2026-09-22T16:00:00-05:00,CELEC_SUR,1723.866083
2026-09-22T16:00:00-05:00,MAZAR,160.820989
2026-09-22T16:00:00-05:00,MOLINO,1002.608176
2026-09-22T16:00:00-05:00,MSF,73.5
2026-09-22T16:00:00-05:00,SOPLADORA,486.936918
2026-09-22T17:00:00-05:00,CELEC_SUR,1719.295587
2026-09-22T17:00:00-05:00,MAZAR,160.842171
2026-09-22T17:00:00-05:00,MOLINO,1003.246111
2026-09-22T17:00:00-05:00,MSF,68.25
2026-09-22T17:00:00-05:00,SOPLADORA,486.957305
2026-09-22T18:00:00-05:00,CELEC_SUR,1734.659364
2026-09-22T18:00:00-05:00,MAZAR,160.861946
2026-09-22T18:00:00-05:00,MOLINO,1003.60785
2026-09-22T18:00:00-05:00,MSF,83.25
2026-09-22T18:00:00-05:00,SOPLADORA,486.939568
2026-09-22T19:00:00-05:00,CELEC_SUR,1751.712926
2026-09-22T19:00:00-05:00,MAZAR,160.861669
2026-09-22T19:00:00-05:00,MOLINO,1003.173461
2026-09-22T19:00:00-05:00,MSF,100.75
2026-09-22T19:00:00-05:00,SOPLADORA,486.927796
2026-09-22T20:00:00-05:00,CELEC_SUR,1750.871051
2026-09-22T20:00:00-05:00,MAZAR,160.854982
2026-09-22T20:00:00-05:00,MOLINO,1003.035322
2026-09-22T20:00:00-05:00,MSF,99.5
2026-09-22T20:00:00-05:00,SOPLADORA,487.480747
2026-09-22T21:00:00-05:00,CELEC_SUR,1750.968037
2026-09-22T21:00:00-05:00,MAZAR,160.853241
2026-09-22T21:00:00-05:00,MOLINO,1003.396011
2026-09-22T21:00:00-05:00,MSF,99.25
2026-09-22T21:00:00-05:00,SOPLADORA,487.468785
2026-09-22T22:00:00-05:00,CELEC_SUR,1699.317348
2026-09-22T22:00:00-05:00,MAZAR,160.836861
2026-09-22T22:00:00-05:00,MOLINO,1003.253346
2026-09-22T22:00:00-05:00,MSF,47.75
2026-09-22T22:00:00-05:00,SOPLADORA,487.477141
2026-09-22T23:00:00-05:00,CELEC_SUR,1595.405199
2026-09-22T23:00:00-05:00,MAZAR,160.837887
2026-09-22T23:00:00-05:00,MOLINO,921.194445
2026-09-22T23:00:00-05:00,MSF,28.5
2026-09-22T23:00:00-05:00,SOPLADORA,484.872867
2026-09-23T00:00:00-05:00,CELEC_SUR,1404.259952
2026-09-23T00:00:00-05:00,MAZAR,160.857544
2026-09-23T00:00:00-05:00,MOLINO,779.239619
2026-09-23T00:00:00-05:00,MSF,13.0
2026-09-23T00:00:00-05:00,SOPLADORA,451.162789
2026-09-23T01:00:00-05:00,CELEC_SUR,1164.155835
2026-09-23T01:00:00-05:00,MAZAR,160.825724
2026-09-23T01:00:00-05:00,MOLINO,635.017113
2026-09-23T01:00:00-05:00,MSF,0.0
2026-09-23T01:00:00-05:00,SOPLADORA,368.312998
2026-09-23T02:00:00-05:00,CELEC_SUR,1023.839131
2026-09-23T02:00:00-05:00,MAZAR,160.832658
2026-09-23T02:00:00-05:00,MOLINO,545.72877
2026-09-23T02:00:00-05:00,MSF,0.0
2026-09-23T02:00:00-05:00,SOPLADORA,317.277703
2026-09-23T03:00:00-05:00,CELEC_SUR,1024.182425
2026-09-23T03:00:00-05:00,MAZAR,160.859496
2026-09-23T03:00:00-05:00,MOLINO,546.320229
2026-09-23T03:00:00-05:00,MSF,0.0
2026-09-23T03:00:00-05:00,SOPLADORA,317.0027
2026-09-23T04:00:00-05:00,CELEC_SUR,1024.275923
2026-09-23T04:00:00-05:00,MAZAR,160.873585
2026-09-23T04:00:00-05:00,MOLINO,546.652297
2026-09-23T04:00:00-05:00,MSF,0.0
2026-09-23T04:00:00-05:00,SOPLADORA,316.750041
2026-09-23T05:00:00-05:00,CELEC_SUR,845.36427
2026-09-23T05:00:00-05:00,MAZAR,152.32384
2026-09-23T05:00:00-05:00,MOLINO,440.403527
2026-09-23T05:00:00-05:00,MSF,0.0
2026-09-23T05:00:00-05:00,SOPLADORA,252.636903
2026-09-23T06:00:00-05:00,CELEC_SUR,766.261621
2026-09-23T06:00:00-05:00,MAZAR,131.424062
2026-09-23T06:00:00-05:00,MOLINO,396.443325
2026-09-23T06:00:00-05:00,MSF,10.0
2026-09-23T06:00:00-05:00,SOPLADORA,228.394234
2026-09-23T07:00:00-05:00,CELEC_SUR,867.160637
2026-09-23T07:00:00-05:00,MAZAR,131.426003
2026-09-23T07:00:00-05:00,MOLINO,457.568451
2026-09-23T07:00:00-05:00,MSF,10.25
2026-09-23T07:00:00-05:00,SOPLADORA,267.916183
2026-09-23T08:00:00-05:00,CELEC_SUR,907.306567
2026-09-23T08:00:00-05:00,MAZAR,131.389973
2026-09-23T08:00:00-05:00,MOLINO,481.51854
2026-09-23T08:00:00-05:00,MSF,11.5
2026-09-23T08:00:00-05:00,SOPLADORA,282.898054
2026-09-23T09:00:00-05:00,CELEC_SUR,1013.703904
2026-09-23T09:00:00-05:00,MAZAR,152.374076
2026-09-23T09:00:00-05:00,MOLINO,534.465405
2026-09-23T09:00:00-05:00,MSF,11.0
2026-09-23T09:00:00-05:00,SOPLADORA,315.864423
2026-09-23T10:00:00-05:00,CELEC_SUR,1181.831786
2026-09-23T10:00:00-05:00,MAZAR,160.209138
2026-09-23T10:00:00-05:00,MOLINO,639.252054
2026-09-23T10:00:00-05:00,MSF,11.5
2026-09-23T10:00:00-05:00,SOPLADORA,370.870594
2026-09-23T11:00:00-05:00,CELEC_SUR,1288.348617
2026-09-23T11:00:00-05:00,MAZAR,160.096552
2026-09-23T11:00:00-05:00,MOLINO,710.172713
2026-09-23T11:00:00-05:00,MSF,11.4
2026-09-23T11:00:00-05:00,SOPLADORA,406.679352
2026-09-23T12:00:00-05:00,CELEC_SUR,1455.151873
2026-09-23T12:00:00-05:00,MAZAR,160.121842
2026-09-23T12:00:00-05:00,MOLINO,808.253106
2026-09-23T12:00:00-05:00,MSF,23.25
2026-09-23T12:00:00-05:00,SOPLADORA,463.526925
2026-09-23T13:00:00-05:00,CELEC_SUR,1528.488744
2026-09-23T13:00:00-05:00,MAZAR,160.152968
2026-09-23T13:00:00-05:00,MOLINO,861.74782
2026-09-23T13:00:00-05:00,MSF,22.5
2026-09-23T13:00:00-05:00,SOPLADORA,484.087956
2026-09-23T14:00:00-05:00,CELEC_SUR,1671.65877
2026-09-23T14:00:00-05:00,MAZAR,160.135425
2026-09-23T14:00:00-05:00,MOLINO,978.817236
2026-09-23T14:00:00-05:00,MSF,46.0
2026-09-23T14:00:00-05:00,SOPLADORA,486.706109
2026-09-23T15:00:00-05:00,CELEC_SUR,1733.6905
2026-09-23T15:00:00-05:00,MAZAR,160.162089
2026-09-23T15:00:00-05:00,MOLINO,997.123633
2026-09-23T15:00:00-05:00,MSF,89.5
2026-09-23T15:00:00-05:00,SOPLADORA,486.904778
2026-09-23T16:00:00-05:00,CELEC_SUR,1736.385453
2026-09-23T16:00:00-05:00,MAZAR,160.143554
2026-09-23T16:00:00-05:00,MOLINO,997.400446
2026-09-23T16:00:00-05:00,MSF,92.0
2026-09-23T16:00:00-05:00,SOPLADORA,486.841453
2026-09-23T17:00:00-05:00,CELEC_SUR,1658.236712
2026-09-23T17:00:00-05:00,MAZAR,160.121439
2026-09-23T17:00:00-05:00,MOLINO,979.862541
2026-09-23T17:00:00-05:00,MSF,31.5
2026-09-23T17:00:00-05:00,SOPLADORA,486.752732
2026-09-23T18:00:00-05:00,CELEC_SUR,1512.972394
2026-09-23T18:00:00-05:00,MAZAR,160.10009
2026-09-23T18:00:00-05:00,MOLINO,847.01746
2026-09-23T18:00:00-05:00,MSF,20.5
2026-09-23T18:00:00-05:00,SOPLADORA,485.354844
2026-09-23T19:00:00-05:00,CELEC_SUR,1633.925644
2026-09-23T19:00:00-05:00,MAZAR,160.094891
2026-09-23T19:00:00-05:00,MOLINO,966.019851
2026-09-23T19:00:00-05:00,MSF,21.5
2026-09-23T19:00:00-05:00,SOPLADORA,486.310902
2026-09-23T20:00:00-05:00,CELEC_SUR,1595.521176
2026-09-23T20:00:00-05:00,MAZAR,160.077843
2026-09-23T20:00:00-05:00,MOLINO,919.217125
2026-09-23T20:00:00-05:00,MSF,30.0
2026-09-23T20:00:00-05:00,SOPLADORA,486.226208
2026-09-23T21:00:00-05:00,CELEC_SUR,1449.238072
2026-09-23T21:00:00-05:00,MAZAR,160.066699
2026-09-23T21:00:00-05:00,MOLINO,787.129593
2026-09-23T21:00:00-05:00,MSF,45.5
2026-09-23T21:00:00-05:00,SOPLADORA,456.54178
2026-09-23T22:00:00-05:00,CELEC_SUR,1317.97531
2026-09-23T22:00:00-05:00,MAZAR,160.035248
2026-09-23T22:00:00-05:00,MOLINO,720.238626
2026-09-23T22:00:00-05:00,MSF,22.75
2026-09-23T22:00:00-05:00,SOPLADORA,414.951436
2026-09-23T23:00:00-05:00,CELEC_SUR,1140.376488
2026-09-23T23:00:00-05:00,MAZAR,160.056713
2026-09-23T23:00:00-05:00,MOLINO,605.33092
2026-09-23T23:00:00-05:00,MSF,18.75
2026-09-23T23:00:00-05:00,SOPLADORA,356.238855
2026-09-24T00:00:00-05:00,CELEC_SUR,1064.187409
2026-09-24T00:00:00-05:00,MAZAR,160.149752
2026-09-24T00:00:00-05:00,MOLINO,565.1043
2026-09-24T00:00:00-05:00,MSF,10.25
2026-09-24T00:00:00-05:00,SOPLADORA,328.683357
2026-09-24T01:00:00-05:00,CELEC_SUR,1001.677495
2026-09-24T01:00:00-05:00,MAZAR,134.407376
2026-09-24T01:00:00-05:00,MOLINO,549.153701
2026-09-24T01:00:00-05:00,MSF,2.75
2026-09-24T01:00:00-05:00,SOPLADORA,315.366418
2026-09-24T02:00:00-05:00,CELEC_SUR,847.82465
2026-09-24T02:00:00-05:00,MAZAR,131.540772
2026-09-24T02:00:00-05:00,MOLINO,452.803775
2026-09-24T02:00:00-05:00,MSF,0.0
2026-09-24T02:00:00-05:00,SOPLADORA,263.480103
2026-09-24T03:00:00-05:00,CELEC_SUR,730.92965
2026-09-24T03:00:00-05:00,MAZAR,75.314879
2026-09-24T03:00:00-05:00,MOLINO,411.141201
2026-09-24T03:00:00-05:00,MSF,0.0
2026-09-24T03:00:00-05:00,SOPLADORA,244.47357
2026-09-24T04:00:00-05:00,CELEC_SUR,633.352387
2026-09-24T04:00:00-05:00,MAZAR,57.521638
2026-09-24T04:00:00-05:00,MOLINO,360.698362
2026-09-24T04:00:00-05:00,MSF,0.0
2026-09-24T04:00:00-05:00,SOPLADORA,215.132387
2026-09-24T05:00:00-05:00,CELEC_SUR,584.929605
2026-09-24T05:00:00-05:00,MAZAR,0.0
2026-09-24T05:00:00-05:00,MOLINO,372.262431
2026-09-24T05:00:00-05:00,MSF,0.0
2026-09-24T05:00:00-05:00,SOPLADORA,212.667174
2026-09-24T06:00:00-05:00,CELEC_SUR,597.641996
2026-09-24T06:00:00-05:00,MAZAR,0.0
2026-09-24T06:00:00-05:00,MOLINO,373.331659
2026-09-24T06:00:00-05:00,MSF,10.0
2026-09-24T06:00:00-05:00,SOPLADORA,214.310337
2026-09-24T07:00:00-05:00,CELEC_SUR,652.093499
2026-09-24T07:00:00-05:00,MAZAR,17.721599
2026-09-24T07:00:00-05:00,MOLINO,391.883797
2026-09-24T07:00:00-05:00,MSF,11.5
2026-09-24T07:00:00-05:00,SOPLADORA,230.988103
2026-09-24T08:00:00-05:00,CELEC_SUR,777.98779
2026-09-24T08:00:00-05:00,MAZAR,65.105983
2026-09-24T08:00:00-05:00,MOLINO,442.820826
2026-09-24T08:00:00-05:00,MSF,11.5
2026-09-24T08:00:00-05:00,SOPLADORA,258.560981
2026-09-24T09:00:00-05:00,CELEC_SUR,988.416089
2026-09-24T09:00:00-05:00,MAZAR,119.206437
2026-09-24T09:00:00-05:00,MOLINO,549.546934
2026-09-24T09:00:00-05:00,MSF,10.25
2026-09-24T09:00:00-05:00,SOPLADORA,309.412718
2026-09-24T10:00:00-05:00,CELEC_SUR,1136.481195
2026-09-24T10:00:00-05:00,MAZAR,129.784363
2026-09-24T10:00:00-05:00,MOLINO,627.085265
2026-09-24T10:00:00-05:00,MSF,18.5
2026-09-24T10:00:00-05:00,SOPLADORA,361.111567
2026-09-24T11:00:00-05:00,CELEC_SUR,1413.468085
2026-09-24T11:00:00-05:00,MAZAR,129.688154
2026-09-24T11:00:00-05:00,MOLINO,797.337625
2026-09-24T11:00:00-05:00,MSF,30.25
2026-09-24T11:00:00-05:00,SOPLADORA,456.192306
2026-09-24T12:00:00-05:00,CELEC_SUR,1634.338196
2026-09-24T12:00:00-05:00,MAZAR,145.396844
2026-09-24T12:00:00-05:00,MOLINO,966.552555
2026-09-24T12:00:00-05:00,MSF,36.0
2026-09-24T12:00:00-05:00,SOPLADORA,486.388797
2026-09-24T13:00:00-05:00,CELEC_SUR,1685.29363
2026-09-24T13:00:00-05:00,MAZAR,155.729672
2026-09-24T13:00:00-05:00,MOLINO,997.96371
2026-09-24T13:00:00-05:00,MSF,44.75
2026-09-24T13:00:00-05:00,SOPLADORA,486.850248
2026-09-24T14:00:00-05:00,CELEC_SUR,1766.255919
2026-09-24T14:00:00-05:00,MAZAR,155.698572
2026-09-24T14:00:00-05:00,MOLINO,998.407738
2026-09-24T14:00:00-05:00,MSF,125.25
2026-09-24T14:00:00-05:00,SOPLADORA,486.899609
2026-09-24T15:00:00-05:00,CELEC_SUR,1789.878283
2026-09-24T15:00:00-05:00,MAZAR,155.711636
2026-09-24T15:00:00-05:00,MOLINO,996.009812
2026-09-24T15:00:00-05:00,MSF,151.25
2026-09-24T15:00:00-05:00,SOPLADORA,486.906835
2026-09-24T16:00:00-05:00,CELEC_SUR,1789.423985
2026-09-24T16:00:00-05:00,MAZAR,155.702718
2026-09-24T16:00:00-05:00,MOLINO,995.807428
2026-09-24T16:00:00-05:00,MSF,151.0
2026-09-24T16:00:00-05:00,SOPLADORA,486.913839
2026-09-24T17:00:00-05:00,CELEC_SUR,1789.455993
2026-09-24T17:00:00-05:00,MAZAR,155.691161
2026-09-24T17:00:00-05:00,MOLINO,995.336066
2026-09-24T17:00:00-05:00,MSF,151.5
2026-09-24T17:00:00-05:00,SOPLADORA,486.928766
2026-09-24T18:00:00-05:00,CELEC_SUR,1720.439878
2026-09-24T18:00:00-05:00,MAZAR,155.714059
2026-09-24T18:00:00-05:00,MOLINO,971.438245
2026-09-24T18:00:00-05:00,MSF,106.5
2026-09-24T18:00:00-05:00,SOPLADORA,486.787574
2026-09-24T19:00:00-05:00,CELEC_SUR,1699.516152
2026-09-24T19:00:00-05:00,MAZAR,155.801714
2026-09-24T19:00:00-05:00,MOLINO,954.790141
2026-09-24T19:00:00-05:00,MSF,102.25
2026-09-24T19:00:00-05:00,SOPLADORA,486.674297
2026-09-24T20:00:00-05:00,CELEC_SUR,1697.938833
2026-09-24T20:00:00-05:00,MAZAR,155.847935
2026-09-24T20:00:00-05:00,MOLINO,954.673327
2026-09-24T20:00:00-05:00,MSF,100.75
2026-09-24T20:00:00-05:00,SOPLADORA,486.667571
2026-09-24T21:00:00-05:00,CELEC_SUR,1688.054075
2026-09-24T21:00:00-05:00,MAZAR,155.815043
2026-09-24T21:00:00-05:00,MOLINO,954.718461
2026-09-24T21:00:00-05:00,MSF,90.75
2026-09-24T21:00:00-05:00,SOPLADORA,486.770571
2026-09-24T22:00:00-05:00,CELEC_SUR,1612.044692
2026-09-24T22:00:00-05:00,MAZAR,155.742992
2026-09-24T22:00:00-05:00,MOLINO,936.385392
2026-09-24T22:00:00-05:00,MSF,33.0
2026-09-24T22:00:00-05:00,SOPLADORA,486.916308
2026-09-24T23:00:00-05:00,CELEC_SUR,1530.292622
2026-09-24T23:00:00-05:00,MAZAR,155.805077
2026-09-24T23:00:00-05:00,MOLINO,858.047803
2026-09-24T23:00:00-05:00,MSF,30.25
2026-09-24T23:00:00-05:00,SOPLADORA,486.189742
2026-09-25T00:00:00-05:00,CELEC_SUR,1445.987231
2026-09-25T00:00:00-05:00,MAZAR,155.83201
2026-09-25T00:00:00-05:00,MOLINO,803.826476
2026-09-25T00:00:00-05:00,MSF,21.5
2026-09-25T00:00:00-05:00,SOPLADORA,464.828745
2026-09-25T01:00:00-05:00,CELEC_SUR,1177.188219
2026-09-25T01:00:00-05:00,MAZAR,142.292241
2026-09-25T01:00:00-05:00,MOLINO,649.162924
2026-09-25T01:00:00-05:00,MSF,3.75
2026-09-25T01:00:00-05:00,SOPLADORA,381.983054
2026-09-25T02:00:00-05:00,CELEC_SUR,1018.101238
2026-09-25T02:00:00-05:00,MAZAR,131.381827
2026-09-25T02:00:00-05:00,MOLINO,559.169688
2026-09-25T02:00:00-05:00,MSF,0.0
2026-09-25T02:00:00-05:00,SOPLADORA,327.549723
2026-09-25T03:00:00-05:00,CELEC_SUR,921.027436
2026-09-25T03:00:00-05:00,MAZAR,131.55728
2026-09-25T03:00:00-05:00,MOLINO,503.43691
2026-09-25T03:00:00-05:00,MSF,0.0
2026-09-25T03:00:00-05:00,SOPLADORA,286.033246
2026-09-25T04:00:00-05:00,CELEC_SUR,778.013987
2026-09-25T04:00:00-05:00,MAZAR,76.631807
2026-09-25T04:00:00-05:00,MOLINO,441.106878
2026-09-25T04:00:00-05:00,MSF,0.0
2026-09-25T04:00:00-05:00,SOPLADORA,260.275302
2026-09-25T05:00:00-05:00,CELEC_SUR,794.903488
2026-09-25T05:00:00-05:00,MAZAR,66.043301
2026-09-25T05:00:00-05:00,MOLINO,458.303569
2026-09-25T05:00:00-05:00,MSF,0.0
2026-09-25T05:00:00-05:00,SOPLADORA,270.556618
2026-09-25T06:00:00-05:00,CELEC_SUR,926.828121
2026-09-25T06:00:00-05:00,MAZAR,66.022051
2026-09-25T06:00:00-05:00,MOLINO,536.093961
2026-09-25T06:00:00-05:00,MSF,10.0
2026-09-25T06:00:00-05:00,SOPLADORA,314.712109
2026-09-25T07:00:00-05:00,CELEC_SUR,955.342546
2026-09-25T07:00:00-05:00,MAZAR,66.018201
2026-09-25T07:00:00-05:00,MOLINO,554.451547
2026-09-25T07:00:00-05:00,MSF,11.5
2026-09-25T07:00:00-05:00,SOPLADORA,323.372798
2026-09-25T08:00:00-05:00,CELEC_SUR,968.892225
2026-09-25T08:00:00-05:00,MAZAR,75.359701
2026-09-25T08:00:00-05:00,MOLINO,563.094772
2026-09-25T08:00:00-05:00,MSF,10.25
2026-09-25T08:00:00-05:00,SOPLADORA,320.187752
2026-09-25T09:00:00-05:00,CELEC_SUR,1398.320903
2026-09-25T09:00:00-05:00,MAZAR,156.072545
2026-09-25T09:00:00-05:00,MOLINO,781.557472
2026-09-25T09:00:00-05:00,MSF,11.5
2026-09-25T09:00:00-05:00,SOPLADORA,449.190886
2026-09-25T10:00:00-05:00,CELEC_SUR,1540.053173
2026-09-25T10:00:00-05:00,MAZAR,156.385116
2026-09-25T10:00:00-05:00,MOLINO,846.976588
2026-09-25T10:00:00-05:00,MSF,51.75
2026-09-25T10:00:00-05:00,SOPLADORA,484.941469
2026-09-25T11:00:00-05:00,CELEC_SUR,1607.067991
2026-09-25T11:00:00-05:00,MAZAR,156.407371
2026-09-25T11:00:00-05:00,MOLINO,874.223537
2026-09-25T11:00:00-05:00,MSF,91.0
2026-09-25T11:00:00-05:00,SOPLADORA,485.437083
2026-09-25T12:00:00-05:00,CELEC_SUR,1898.613065
2026-09-25T12:00:00-05:00,MAZAR,155.86488
2026-09-25T12:00:00-05:00,MOLINO,997.058016
2026-09-25T12:00:00-05:00,MSF,257.75
2026-09-25T12:00:00-05:00,SOPLADORA,487.940169
2026-09-25T13:00:00-05:00,CELEC_SUR,1864.269138
2026-09-25T13:00:00-05:00,MAZAR,155.654487
2026-09-25T13:00:00-05:00,MOLINO,997.63693
2026-09-25T13:00:00-05:00,MSF,223.0
2026-09-25T13:00:00-05:00,SOPLADORA,487.977721
2026-09-25T14:00:00-05:00,CELEC_SUR,1833.938471
2026-09-25T14:00:00-05:00,MAZAR,155.651014
2026-09-25T14:00:00-05:00,MOLINO,997.303086
2026-09-25T14:00:00-05:00,MSF,193.0
2026-09-25T14:00:00-05:00,SOPLADORA,487.984371
2026-09-25T15:00:00-05:00,CELEC_SUR,1828.11925
2026-09-25T15:00:00-05:00,MAZAR,155.618145
2026-09-25T15:00:00-05:00,MOLINO,997.328585
2026-09-25T15:00:00-05:00,MSF,187.25
2026-09-25T15:00:00-05:00,SOPLADORA,487.92252
2026-09-25T16:00:00-05:00,CELEC_SUR,1842.391952
2026-09-25T16:00:00-05:00,MAZAR,155.646981
2026-09-25T16:00:00-05:00,MOLINO,997.111108
2026-09-25T16:00:00-05:00,MSF,201.75
2026-09-25T16:00:00-05:00,SOPLADORA,487.883863
2026-09-25T17:00:00-05:00,CELEC_SUR,1843.384436
2026-09-25T17:00:00-05:00,MAZAR,155.708847
2026-09-25T17:00:00-05:00,MOLINO,997.031393
2026-09-25T17:00:00-05:00,MSF,203.0
2026-09-25T17:00:00-05:00,SOPLADORA,487.644196
2026-09-25T18:00:00-05:00,CELEC_SUR,1807.515961
2026-09-25T18:00:00-05:00,MAZAR,155.695086
2026-09-25T18:00:00-05:00,MOLINO,996.052121
2026-09-25T18:00:00-05:00,MSF,168.25
2026-09-25T18:00:00-05:00,SOPLADORA,487.518754
2026-09-25T19:00:00-05:00,CELEC_SUR,1798.987648
2026-09-25T19:00:00-05:00,MAZAR,155.695948
2026-09-25T19:00:00-05:00,MOLINO,995.810843
2026-09-25T19:00:00-05:00,MSF,160.0
2026-09-25T19:00:00-05:00,SOPLADORA,487.480857
2026-09-25T20:00:00-05:00,CELEC_SUR,1780.063443
2026-09-25T20:00:00-05:00,MAZAR,155.684397
2026-09-25T20:00:00-05:00,MOLINO,994.391226
2026-09-25T20:00:00-05:00,MSF,142.5
2026-09-25T20:00:00-05:00,SOPLADORA,487.48782
2026-09-25T21:00:00-05:00,CELEC_SUR,1691.799857
2026-09-25T21:00:00-05:00,MAZAR,155.667504
2026-09-25T21:00:00-05:00,MOLINO,990.910181
2026-09-25T21:00:00-05:00,MSF,57.75
2026-09-25T21:00:00-05:00,SOPLADORA,487.472172
2026-09-25T22:00:00-05:00,CELEC_SUR,1655.161075
2026-09-25T22:00:00-05:00,MAZAR,155.663433
2026-09-25T22:00:00-05:00,MOLINO,990.540011
2026-09-25T22:00:00-05:00,MSF,21.5
2026-09-25T22:00:00-05:00,SOPLADORA,487.457631
2026-09-25T23:00:00-05:00,CELEC_SUR,1641.640347
2026-09-25T23:00:00-05:00,MAZAR,155.645035
2026-09-25T23:00:00-05:00,MOLINO,988.939973
2026-09-25T23:00:00-05:00,MSF,10.0
2026-09-25T23:00:00-05:00,SOPLADORA,487.055339
2026-09-26T00:00:00-05:00,CELEC_SUR,1467.356505
2026-09-26T00:00:00-05:00,MAZAR,155.688725
2026-09-26T00:00:00-05:00,MOLINO,841.716003
2026-09-26T00:00:00-05:00,MSF,2.75
2026-09-26T00:00:00-05:00,SOPLADORA,467.201777
2026-09-26T01:00:00-05:00,CELEC_SUR,1102.054683
2026-09-26T01:00:00-05:00,MAZAR,107.468914
2026-09-26T01:00:00-05:00,MOLINO,625.759514
2026-09-26T01:00:00-05:00,MSF,0.0
2026-09-26T01:00:00-05:00,SOPLADORA,368.826255
2026-09-26T02:00:00-05:00,CELEC_SUR,844.671536
2026-09-26T02:00:00-05:00,MAZAR,65.623618
2026-09-26T02:00:00-05:00,MOLINO,490.078394
2026-09-26T02:00:00-05:00,MSF,0.0
2026-09-26T02:00:00-05:00,SOPLADORA,288.969524
2026-09-26T03:00:00-05:00,CELEC_SUR,734.742735
2026-09-26T03:00:00-05:00,MAZAR,65.622934
2026-09-26T03:00:00-05:00,MOLINO,422.492377
2026-09-26T03:00:00-05:00,MSF,0.0
2026-09-26T03:00:00-05:00,SOPLADORA,246.627424
2026-09-26T04:00:00-05:00,CELEC_SUR,627.562261
2026-09-26T04:00:00-05:00,MAZAR,65.623535
2026-09-26T04:00:00-05:00,MOLINO,350.508892
2026-09-26T04:00:00-05:00,MSF,0.0
2026-09-26T04:00:00-05:00,SOPLADORA,211.429834
2026-09-26T05:00:00-05:00,CELEC_SUR,678.745557
2026-09-26T05:00:00-05:00,MAZAR,65.624236
2026-09-26T05:00:00-05:00,MOLINO,390.237456
2026-09-26T05:00:00-05:00,MSF,0.0
2026-09-26T05:00:00-05:00,SOPLADORA,222.883865
2026-09-26T06:00:00-05:00,CELEC_SUR,712.636596
2026-09-26T06:00:00-05:00,MAZAR,65.62863
2026-09-26T06:00:00-05:00,MOLINO,402.177293
2026-09-26T06:00:00-05:00,MSF,10.0
2026-09-26T06:00:00-05:00,SOPLADORA,234.830673
2026-09-26T07:00:00-05:00,CELEC_SUR,654.460767
2026-09-26T07:00:00-05:00,MAZAR,65.658543
2026-09-26T07:00:00-05:00,MOLINO,362.895411
2026-09-26T07:00:00-05:00,MSF,11.75
2026-09-26T07:00:00-05:00,SOPLADORA,214.156813
2026-09-26T08:00:00-05:00,CELEC_SUR,649.123953
2026-09-26T08:00:00-05:00,MAZAR,65.67524
2026-09-26T08:00:00-05:00,MOLINO,359.929805
2026-09-26T08:00:00-05:00,MSF,11.5
2026-09-26T08:00:00-05:00,SOPLADORA,212.018908
2026-09-26T09:00:00-05:00,CELEC_SUR,792.498385
2026-09-26T09:00:00-05:00,MAZAR,65.663896
2026-09-26T09:00:00-05:00,MOLINO,450.696927
2026-09-26T09:00:00-05:00,MSF,11.5
2026-09-26T09:00:00-05:00,SOPLADORA,264.637562
2026-09-26T10:00:00-05:00,CELEC_SUR,1111.521433
2026-09-26T10:00:00-05:00,MAZAR,65.642527
2026-09-26T10:00:00-05:00,MOLINO,658.6181
2026-09-26T10:00:00-05:00,MSF,11.5
2026-09-26T10:00:00-05:00,SOPLADORA,375.760806
2026-09-26T11:00:00-05:00,CELEC_SUR,1175.187165
2026-09-26T11:00:00-05:00,MAZAR,65.630425
2026-09-26T11:00:00-05:00,MOLINO,692.814523
2026-09-26T11:00:00-05:00,MSF,10.0
2026-09-26T11:00:00-05:00,SOPLADORA,406.742217
2026-09-26T12:00:00-05:00,CELEC_SUR,1184.718254
2026-09-26T12:00:00-05:00,MAZAR,65.627649
2026-09-26T12:00:00-05:00,MOLINO,702.134308
2026-09-26T12:00:00-05:00,MSF,11.5
2026-09-26T12:00:00-05:00,SOPLADORA,405.456297
2026-09-26T13:00:00-05:00,CELEC_SUR,1422.177946
2026-09-26T13:00:00-05:00,MAZAR,113.542047
2026-09-26T13:00:00-05:00,MOLINO,825.913698
2026-09-26T13:00:00-05:00,MSF,11.5
2026-09-26T13:00:00-05:00,SOPLADORA,471.222201
2026-09-26T14:00:00-05:00,CELEC_SUR,1473.036613
2026-09-26T14:00:00-05:00,MAZAR,130.617577
2026-09-26T14:00:00-05:00,MOLINO,846.398319
2026-09-26T14:00:00-05:00,MSF,11.5
2026-09-26T14:00:00-05:00,SOPLADORA,484.520717
2026-09-26T15:00:00-05:00,CELEC_SUR,1473.608156
2026-09-26T15:00:00-05:00,MAZAR,130.616837
2026-09-26T15:00:00-05:00,MOLINO,846.977374
2026-09-26T15:00:00-05:00,MSF,11.5
2026-09-26T15:00:00-05:00,SOPLADORA,484.513945
2026-09-26T16:00:00-05:00,CELEC_SUR,1394.33776
2026-09-26T16:00:00-05:00,MAZAR,130.642482
2026-09-26T16:00:00-05:00,MOLINO,797.856072
2026-09-26T16:00:00-05:00,MSF,10.25
2026-09-26T16:00:00-05:00,SOPLADORA,455.589206
2026-09-26T17:00:00-05:00,CELEC_SUR,1202.314228
2026-09-26T17:00:00-05:00,MAZAR,130.692941
2026-09-26T17:00:00-05:00,MOLINO,670.751985
2026-09-26T17:00:00-05:00,MSF,11.5
2026-09-26T17:00:00-05:00,SOPLADORA,389.369302
2026-09-26T18:00:00-05:00,CELEC_SUR,1112.408765
2026-09-26T18:00:00-05:00,MAZAR,130.702898
2026-09-26T18:00:00-05:00,MOLINO,613.473642
2026-09-26T18:00:00-05:00,MSF,11.5
2026-09-26T18:00:00-05:00,SOPLADORA,356.732225
2026-09-26T19:00:00-05:00,CELEC_SUR,1149.106459
2026-09-26T19:00:00-05:00,MAZAR,130.705927
2026-09-26T19:00:00-05:00,MOLINO,633.4676
2026-09-26T19:00:00-05:00,MSF,17.25
2026-09-26T19:00:00-05:00,SOPLADORA,367.682932
2026-09-26T20:00:00-05:00,CELEC_SUR,1176.332632
2026-09-26T20:00:00-05:00,MAZAR,130.697657
2026-09-26T20:00:00-05:00,MOLINO,649.072719
2026-09-26T20:00:00-05:00,MSF,20.25
2026-09-26T20:00:00-05:00,SOPLADORA,376.312256
2026-09-26T21:00:00-05:00,CELEC_SUR,1162.631746
2026-09-26T21:00:00-05:00,MAZAR,130.695348
2026-09-26T21:00:00-05:00,MOLINO,642.117463
2026-09-26T21:00:00-05:00,MSF,20.25
2026-09-26T21:00:00-05:00,SOPLADORA,369.568935
2026-09-26T22:00:00-05:00,CELEC_SUR,1222.069039
2026-09-26T22:00:00-05:00,MAZAR,130.670413
2026-09-26T22:00:00-05:00,MOLINO,675.290216
2026-09-26T22:00:00-05:00,MSF,20.0
2026-09-26T22:00:00-05:00,SOPLADORA,396.10841
2026-09-26T23:00:00-05:00,CELEC_SUR,1191.355225
2026-09-26T23:00:00-05:00,MAZAR,130.663419
2026-09-26T23:00:00-05:00,MOLINO,666.902522
2026-09-26T23:00:00-05:00,MSF,11.5
2026-09-26T23:00:00-05:00,SOPLADORA,382.289284
2026-09-27T00:00:00-05:00,CELEC_SUR,1121.423402
2026-09-27T00:00:00-05:00,MAZAR,130.678339
2026-09-27T00:00:00-05:00,MOLINO,620.729147
2026-09-27T00:00:00-05:00,MSF,10.25
2026-09-27T00:00:00-05:00,SOPLADORA,359.765916
2026-09-27T01:00:00-05:00,CELEC_SUR,1098.251667
2026-09-27T01:00:00-05:00,MAZAR,130.69793
2026-09-27T01:00:00-05:00,MOLINO,616.412253
2026-09-27T01:00:00-05:00,MSF,1.5
2026-09-27T01:00:00-05:00,SOPLADORA,349.641484
2026-09-27T02:00:00-05:00,CELEC_SUR,966.592896
2026-09-27T02:00:00-05:00,MAZAR,130.722223
2026-09-27T02:00:00-05:00,MOLINO,527.809479
2026-09-27T02:00:00-05:00,MSF,0.0
2026-09-27T02:00:00-05:00,SOPLADORA,308.061194
2026-09-27T03:00:00-05:00,CELEC_SUR,747.579439
2026-09-27T03:00:00-05:00,MAZAR,130.755226
2026-09-27T03:00:00-05:00,MOLINO,397.521805
2026-09-27T03:00:00-05:00,MSF,0.0
2026-09-27T03:00:00-05:00,SOPLADORA,219.302408
2026-09-27T04:00:00-05:00,CELEC_SUR,685.142429
2026-09-27T04:00:00-05:00,MAZAR,98.214392
2026-09-27T04:00:00-05:00,MOLINO,397.979245
2026-09-27T04:00:00-05:00,MSF,0.0
2026-09-27T04:00:00-05:00,SOPLADORA,188.948792
2026-09-27T05:00:00-05:00,CELEC_SUR,634.724218
2026-09-27T05:00:00-05:00,MAZAR,65.648871
2026-09-27T05:00:00-05:00,MOLINO,359.758409
2026-09-27T05:00:00-05:00,MSF,0.0
2026-09-27T05:00:00-05:00,SOPLADORA,209.316938
2026-09-27T06:00:00-05:00,CELEC_SUR,592.552217
2026-09-27T06:00:00-05:00,MAZAR,65.651528
2026-09-27T06:00:00-05:00,MOLINO,355.156357
2026-09-27T06:00:00-05:00,MSF,10.0
2026-09-27T06:00:00-05:00,SOPLADORA,161.744332
2026-09-27T07:00:00-05:00,CELEC_SUR,434.316111
2026-09-27T07:00:00-05:00,MAZAR,15.58859
2026-09-27T07:00:00-05:00,MOLINO,282.703017
2026-09-27T07:00:00-05:00,MSF,10.0
2026-09-27T07:00:00-05:00,SOPLADORA,126.024504
2026-09-27T08:00:00-05:00,CELEC_SUR,362.796864
2026-09-27T08:00:00-05:00,MAZAR,0.0
2026-09-27T08:00:00-05:00,MOLINO,242.575165
2026-09-27T08:00:00-05:00,MSF,10.25
2026-09-27T08:00:00-05:00,SOPLADORA,109.971699
2026-09-27T09:00:00-05:00,CELEC_SUR,353.20614
2026-09-27T09:00:00-05:00,MAZAR,0.0
2026-09-27T09:00:00-05:00,MOLINO,238.037537
2026-09-27T09:00:00-05:00,MSF,10.0
2026-09-27T09:00:00-05:00,SOPLADORA,105.168603
2026-09-27T10:00:00-05:00,CELEC_SUR,424.451492
2026-09-27T10:00:00-05:00,MAZAR,0.0
2026-09-27T10:00:00-05:00,MOLINO,271.336916
2026-09-27T10:00:00-05:00,MSF,10.0
2026-09-27T10:00:00-05:00,SOPLADORA,143.114576
2026-09-27T11:00:00-05:00,CELEC_SUR,513.305397
2026-09-27T11:00:00-05:00,MAZAR,0.0
2026-09-27T11:00:00-05:00,MOLINO,341.203779
2026-09-27T11:00:00-05:00,MSF,10.0
2026-09-27T11:00:00-05:00,SOPLADORA,162.101618
2026-09-27T12:00:00-05:00,CELEC_SUR,632.242541
2026-09-27T12:00:00-05:00,MAZAR,0.0
2026-09-27T12:00:00-05:00,MOLINO,412.846859
2026-09-27T12:00:00-05:00,MSF,10.25
2026-09-27T12:00:00-05:00,SOPLADORA,209.145682
2026-09-27T13:00:00-05:00,CELEC_SUR,771.978147
2026-09-27T13:00:00-05:00,MAZAR,0.0
2026-09-27T13:00:00-05:00,MOLINO,485.958838
2026-09-27T13:00:00-05:00,MSF,10.25
2026-09-27T13:00:00-05:00,SOPLADORA,275.769309
2026-09-27T14:00:00-05:00,CELEC_SUR,843.690006
2026-09-27T14:00:00-05:00,MAZAR,0.0
2026-09-27T14:00:00-05:00,MOLINO,527.46063
2026-09-27T14:00:00-05:00,MSF,8.75
2026-09-27T14:00:00-05:00,SOPLADORA,307.479376
2026-09-27T15:00:00-05:00,CELEC_SUR,948.494575
2026-09-27T15:00:00-05:00,MAZAR,49.901529
2026-09-27T15:00:00-05:00,MOLINO,568.173495
2026-09-27T15:00:00-05:00,MSF,10.0
2026-09-27T15:00:00-05:00,SOPLADORA,320.419551
2026-09-27T16:00:00-05:00,CELEC_SUR,997.893381
2026-09-27T16:00:00-05:00,MAZAR,113.297442
2026-09-27T16:00:00-05:00,MOLINO,556.224466
2026-09-27T16:00:00-05:00,MSF,10.0
2026-09-27T16:00:00-05:00,SOPLADORA,318.371473
2026-09-27T17:00:00-05:00,CELEC_SUR,1135.774784
2026-09-27T17:00:00-05:00,MAZAR,129.782322
2026-09-27T17:00:00-05:00,MOLINO,632.120228
2026-09-27T17:00:00-05:00,MSF,10.25
2026-09-27T17:00:00-05:00,SOPLADORA,363.622234
2026-09-27T18:00:00-05:00,CELEC_SUR,1320.143645
2026-09-27T18:00:00-05:00,MAZAR,129.772591
2026-09-27T18:00:00-05:00,MOLINO,749.87264
2026-09-27T18:00:00-05:00,MSF,10.0
2026-09-27T18:00:00-05:00,SOPLADORA,430.498414
2026-09-27T19:00:00-05:00,CELEC_SUR,1397.684351
2026-09-27T19:00:00-05:00,MAZAR,129.741994
2026-09-27T19:00:00-05:00,MOLINO,789.263064
2026-09-27T19:00:00-05:00,MSF,21.75
2026-09-27T19:00:00-05:00,SOPLADORA,456.929293
2026-09-27T20:00:00-05:00,CELEC_SUR,1447.928392
2026-09-27T20:00:00-05:00,MAZAR,129.759716
2026-09-27T20:00:00-05:00,MOLINO,771.916794
2026-09-27T20:00:00-05:00,MSF,102.25
2026-09-27T20:00:00-05:00,SOPLADORA,444.001882
2026-09-27T21:00:00-05:00,CELEC_SUR,1272.417371
2026-09-27T21:00:00-05:00,MAZAR,129.781631
2026-09-27T21:00:00-05:00,MOLINO,668.07182
2026-09-27T21:00:00-05:00,MSF,82.0
2026-09-27T21:00:00-05:00,SOPLADORA,392.56392
2026-09-27T22:00:00-05:00,CELEC_SUR,1089.664799
2026-09-27T22:00:00-05:00,MAZAR,113.578271
2026-09-27T22:00:00-05:00,MOLINO,611.447587
2026-09-27T22:00:00-05:00,MSF,10.91
2026-09-27T22:00:00-05:00,SOPLADORA,353.728941
2026-09-27T23:00:00-05:00,CELEC_SUR,840.412521
2026-09-27T23:00:00-05:00,MAZAR,64.705962
2026-09-27T23:00:00-05:00,MOLINO,489.89929
2026-09-27T23:00:00-05:00,MSF,0.0
2026-09-27T23:00:00-05:00,SOPLADORA,285.807269
2026-09-28T00:00:00-05:00,CELEC_SUR,650.636031
2026-09-28T00:00:00-05:00,MAZAR,64.699991
2026-09-28T00:00:00-05:00,MOLINO,368.313811
2026-09-28T00:00:00-05:00,MSF,0.0
2026-09-28T00:00:00-05:00,SOPLADORA,217.622229
2026-09-28T01:00:00-05:00,CELEC_SUR,553.899083
2026-09-28T01:00:00-05:00,MAZAR,64.704789
2026-09-28T01:00:00-05:00,MOLINO,316.198966
2026-09-28T01:00:00-05:00,MSF,0.0
2026-09-28T01:00:00-05:00,SOPLADORA,172.995328
2026-09-28T02:00:00-05:00,CELEC_SUR,543.913025
2026-09-28T02:00:00-05:00,MAZAR,64.74797
2026-09-28T02:00:00-05:00,MOLINO,315.816297
2026-09-28T02:00:00-05:00,MSF,0.0
2026-09-28T02:00:00-05:00,SOPLADORA,163.348758
2026-09-28T03:00:00-05:00,CELEC_SUR,519.327072
2026-09-28T03:00:00-05:00,MAZAR,64.745808
2026-09-28T03:00:00-05:00,MOLINO,291.326139
2026-09-28T03:00:00-05:00,MSF,0.0
2026-09-28T03:00:00-05:00,SOPLADORA,163.255125
2026-09-28T04:00:00-05:00,CELEC_SUR,473.440347
2026-09-28T04:00:00-05:00,MAZAR,64.72052
2026-09-28T04:00:00-05:00,MOLINO,254.528757
2026-09-28T04:00:00-05:00,MSF,0.0
2026-09-28T04:00:00-05:00,SOPLADORA,154.19107
2026-09-28T05:00:00-05:00,CELEC_SUR,484.283587
2026-09-28T05:00:00-05:00,MAZAR,64.712501
2026-09-28T05:00:00-05:00,MOLINO,274.778652
2026-09-28T05:00:00-05:00,MSF,0.0
2026-09-28T05:00:00-05:00,SOPLADORA,144.792434
2026-09-28T06:00:00-05:00,CELEC_SUR,591.383736
2026-09-28T06:00:00-05:00,MAZAR,64.721438
2026-09-28T06:00:00-05:00,MOLINO,355.3094
2026-09-28T06:00:00-05:00,MSF,10.25
2026-09-28T06:00:00-05:00,SOPLADORA,161.102898
2026-09-28T07:00:00-05:00,CELEC_SUR,564.90179
2026-09-28T07:00:00-05:00,MAZAR,64.739223
2026-09-28T07:00:00-05:00,MOLINO,327.0213
2026-09-28T07:00:00-05:00,MSF,10.0
2026-09-28T07:00:00-05:00,SOPLADORA,163.141267
2026-09-28T08:00:00-05:00,CELEC_SUR,586.132794
2026-09-28T08:00:00-05:00,MAZAR,64.725028
2026-09-28T08:00:00-05:00,MOLINO,348.232927
2026-09-28T08:00:00-05:00,MSF,10.0
2026-09-28T08:00:00-05:00,SOPLADORA,163.174839
2026-09-28T09:00:00-05:00,CELEC_SUR,851.611959
2026-09-28T09:00:00-05:00,MAZAR,64.70226
2026-09-28T09:00:00-05:00,MOLINO,509.715523
2026-09-28T09:00:00-05:00,MSF,10.25
2026-09-28T09:00:00-05:00,SOPLADORA,266.944176
2026-09-28T10:00:00-05:00,CELEC_SUR,1196.905182
2026-09-28T10:00:00-05:00,MAZAR,64.681049
2026-09-28T10:00:00-05:00,MOLINO,715.176547
2026-09-28T10:00:00-05:00,MSF,10.0
2026-09-28T10:00:00-05:00,SOPLADORA,407.047586
2026-09-28T11:00:00-05:00,CELEC_SUR,1428.51133
2026-09-28T11:00:00-05:00,MAZAR,99.953452
2026-09-28T11:00:00-05:00,MOLINO,840.613075
2026-09-28T11:00:00-05:00,MSF,10.0
2026-09-28T11:00:00-05:00,SOPLADORA,477.944803
2026-09-28T12:00:00-05:00,CELEC_SUR,1589.897453
2026-09-28T12:00:00-05:00,MAZAR,129.62548
2026-09-28T12:00:00-05:00,MOLINO,960.269949
2026-09-28T12:00:00-05:00,MSF,13.25
2026-09-28T12:00:00-05:00,SOPLADORA,486.752024
2026-09-28T13:00:00-05:00,CELEC_SUR,1597.292896
2026-09-28T13:00:00-05:00,MAZAR,129.636085
2026-09-28T13:00:00-05:00,MOLINO,960.766222
2026-09-28T13:00:00-05:00,MSF,20.0
2026-09-28T13:00:00-05:00,SOPLADORA,486.890589
2026-09-28T14:00:00-05:00,CELEC_SUR,1662.385751
2026-09-28T14:00:00-05:00,MAZAR,149.328961
2026-09-28T14:00:00-05:00,MOLINO,981.289195
2026-09-28T14:00:00-05:00,MSF,44.75
2026-09-28T14:00:00-05:00,SOPLADORA,487.017595
2026-09-28T15:00:00-05:00,CELEC_SUR,1769.438729
2026-09-28T15:00:00-05:00,MAZAR,149.966678
2026-09-28T15:00:00-05:00,MOLINO,1001.324339
2026-09-28T15:00:00-05:00,MSF,131.0
2026-09-28T15:00:00-05:00,SOPLADORA,487.147712
2026-09-28T16:00:00-05:00,CELEC_SUR,1790.020129
2026-09-28T16:00:00-05:00,MAZAR,149.959493
2026-09-28T16:00:00-05:00,MOLINO,1001.678851
2026-09-28T16:00:00-05:00,MSF,151.25
2026-09-28T16:00:00-05:00,SOPLADORA,487.131785
2026-09-28T17:00:00-05:00,CELEC_SUR,1840.272545
2026-09-28T17:00:00-05:00,MAZAR,149.969827
2026-09-28T17:00:00-05:00,MOLINO,1001.440705
2026-09-28T17:00:00-05:00,MSF,201.75
2026-09-28T17:00:00-05:00,SOPLADORA,487.112013
2026-09-28T18:00:00-05:00,CELEC_SUR,1699.76893
2026-09-28T18:00:00-05:00,MAZAR,137.970244
2026-09-28T18:00:00-05:00,MOLINO,915.739955
2026-09-28T18:00:00-05:00,MSF,168.25
2026-09-28T18:00:00-05:00,SOPLADORA,477.808731
2026-09-28T19:00:00-05:00,CELEC_SUR,1650.259032
2026-09-28T19:00:00-05:00,MAZAR,146.499473
2026-09-28T19:00:00-05:00,MOLINO,898.928009
2026-09-28T19:00:00-05:00,MSF,119.5
2026-09-28T19:00:00-05:00,SOPLADORA,485.33155
2026-09-28T20:00:00-05:00,CELEC_SUR,1719.021157
2026-09-28T20:00:00-05:00,MAZAR,150.128418
2026-09-28T20:00:00-05:00,MOLINO,915.599778
2026-09-28T20:00:00-05:00,MSF,167.0
2026-09-28T20:00:00-05:00,SOPLADORA,486.292961
2026-09-28T21:00:00-05:00,CELEC_SUR,1798.596896
2026-09-28T21:00:00-05:00,MAZAR,150.058053
2026-09-28T21:00:00-05:00,MOLINO,1001.669183
2026-09-28T21:00:00-05:00,MSF,160.0
2026-09-28T21:00:00-05:00,SOPLADORA,486.86966
2026-09-28T22:00:00-05:00,CELEC_SUR,1854.084087
2026-09-28T22:00:00-05:00,MAZAR,149.978609
2026-09-28T22:00:00-05:00,MOLINO,1001.187142
2026-09-28T22:00:00-05:00,MSF,216.0
2026-09-28T22:00:00-05:00,SOPLADORA,486.918336
2026-09-28T23:00:00-05:00,CELEC_SUR,1715.538698
2026-09-28T23:00:00-05:00,MAZAR,149.866227
2026-09-28T23:00:00-05:00,MOLINO,1001.019787
2026-09-28T23:00:00-05:00,MSF,77.75
2026-09-28T23:00:00-05:00,SOPLADORA,486.902684
2026-09-29T00:00:00-05:00,CELEC_SUR,1544.938599
2026-09-29T00:00:00-05:00,MAZAR,131.231169
2026-09-29T00:00:00-05:00,MOLINO,913.107683
2026-09-29T00:00:00-05:00,MSF,14.25
2026-09-29T00:00:00-05:00,SOPLADORA,486.349747
2026-09-29T01:00:00-05:00,CELEC_SUR,1327.811006
2026-09-29T01:00:00-05:00,MAZAR,131.283384
2026-09-29T01:00:00-05:00,MOLINO,759.923867
2026-09-29T01:00:00-05:00,MSF,0.0
2026-09-29T01:00:00-05:00,SOPLADORA,436.603755
2026-09-29T02:00:00-05:00,CELEC_SUR,1161.511733
2026-09-29T02:00:00-05:00,MAZAR,131.355454
2026-09-29T02:00:00-05:00,MOLINO,647.934353
2026-09-29T02:00:00-05:00,MSF,0.0
2026-09-29T02:00:00-05:00,SOPLADORA,382.221926
2026-09-29T03:00:00-05:00,CELEC_SUR,993.69691
2026-09-29T03:00:00-05:00,MAZAR,131.361878
2026-09-29T03:00:00-05:00,MOLINO,546.949892
2026-09-29T03:00:00-05:00,MSF,0.0
2026-09-29T03:00:00-05:00,SOPLADORA,315.38514
2026-09-29T04:00:00-05:00,CELEC_SUR,885.522026
2026-09-29T04:00:00-05:00,MAZAR,80.193312
2026-09-29T04:00:00-05:00,MOLINO,503.9754
2026-09-29T04:00:00-05:00,MSF,0.0
2026-09-29T04:00:00-05:00,SOPLADORA,301.353314
2026-09-29T05:00:00-05:00,CELEC_SUR,836.790925
2026-09-29T05:00:00-05:00,MAZAR,65.455716
2026-09-29T05:00:00-05:00,MOLINO,498.219146
2026-09-29T05:00:00-05:00,MSF,0.0
2026-09-29T05:00:00-05:00,SOPLADORA,273.116063
2026-09-29T06:00:00-05:00,CELEC_SUR,909.122997
2026-09-29T06:00:00-05:00,MAZAR,65.471435
2026-09-29T06:00:00-05:00,MOLINO,534.112812
2026-09-29T06:00:00-05:00,MSF,7.25
2026-09-29T06:00:00-05:00,SOPLADORA,302.28875
2026-09-29T07:00:00-05:00,CELEC_SUR,791.582017
2026-09-29T07:00:00-05:00,MAZAR,65.48583
2026-09-29T07:00:00-05:00,MOLINO,450.143794
2026-09-29T07:00:00-05:00,MSF,11.5
2026-09-29T07:00:00-05:00,SOPLADORA,264.452393
2026-09-29T08:00:00-05:00,CELEC_SUR,868.252237
2026-09-29T08:00:00-05:00,MAZAR,65.475431
2026-09-29T08:00:00-05:00,MOLINO,501.95865
2026-09-29T08:00:00-05:00,MSF,11.5
2026-09-29T08:00:00-05:00,SOPLADORA,289.318156
2026-09-29T09:00:00-05:00,CELEC_SUR,1185.512897
2026-09-29T09:00:00-05:00,MAZAR,65.454761
2026-09-29T09:00:00-05:00,MOLINO,706.111753
2026-09-29T09:00:00-05:00,MSF,10.0
2026-09-29T09:00:00-05:00,SOPLADORA,403.946383
2026-09-29T10:00:00-05:00,CELEC_SUR,1346.393173
2026-09-29T10:00:00-05:00,MAZAR,116.763593
2026-09-29T10:00:00-05:00,MOLINO,771.641267
2026-09-29T10:00:00-05:00,MSF,11.5
2026-09-29T10:00:00-05:00,SOPLADORA,446.488313
2026-09-29T11:00:00-05:00,CELEC_SUR,1504.735657
2026-09-29T11:00:00-05:00,MAZAR,130.468004
2026-09-29T11:00:00-05:00,MOLINO,882.479633
2026-09-29T11:00:00-05:00,MSF,11.5
2026-09-29T11:00:00-05:00,SOPLADORA,480.28802
2026-09-29T12:00:00-05:00,CELEC_SUR,1644.989353
2026-09-29T12:00:00-05:00,MAZAR,145.887085
2026-09-29T12:00:00-05:00,MOLINO,1001.966275
2026-09-29T12:00:00-05:00,MSF,10.25
2026-09-29T12:00:00-05:00,SOPLADORA,486.885993
2026-09-29T13:00:00-05:00,CELEC_SUR,1655.420682
2026-09-29T13:00:00-05:00,MAZAR,149.948348
2026-09-29T13:00:00-05:00,MOLINO,1006.999864
2026-09-29T13:00:00-05:00,MSF,11.5
2026-09-29T13:00:00-05:00,SOPLADORA,486.97247
2026-09-29T14:00:00-05:00,CELEC_SUR,1655.675231
2026-09-29T14:00:00-05:00,MAZAR,149.980216
2026-09-29T14:00:00-05:00,MOLINO,1007.209053
2026-09-29T14:00:00-05:00,MSF,11.5
2026-09-29T14:00:00-05:00,SOPLADORA,486.985962
2026-09-29T15:00:00-05:00,CELEC_SUR,1676.463447
2026-09-29T15:00:00-05:00,MAZAR,149.98451
2026-09-29T15:00:00-05:00,MOLINO,1006.509573
2026-09-29T15:00:00-05:00,MSF,33.0
2026-09-29T15:00:00-05:00,SOPLADORA,486.969364
2026-09-29T16:00:00-05:00,CELEC_SUR,1631.323505
2026-09-29T16:00:00-05:00,MAZAR,149.972497
2026-09-29T16:00:00-05:00,MOLINO,955.988648
2026-09-29T16:00:00-05:00,MSF,39.0
2026-09-29T16:00:00-05:00,SOPLADORA,486.36236
2026-09-29T17:00:00-05:00,CELEC_SUR,1467.006856
2026-09-29T17:00:00-05:00,MAZAR,149.958417
2026-09-29T17:00:00-05:00,MOLINO,828.435861
2026-09-29T17:00:00-05:00,MSF,10.0
2026-09-29T17:00:00-05:00,SOPLADORA,478.612578
2026-09-29T18:00:00-05:00,CELEC_SUR,1362.487065
2026-09-29T18:00:00-05:00,MAZAR,150.007707
2026-09-29T18:00:00-05:00,MOLINO,761.518468
2026-09-29T18:00:00-05:00,MSF,10.0
2026-09-29T18:00:00-05:00,SOPLADORA,440.96089
2026-09-29T19:00:00-05:00,CELEC_SUR,1389.59509
2026-09-29T19:00:00-05:00,MAZAR,150.032032
2026-09-29T19:00:00-05:00,MOLINO,778.512515
2026-09-29T19:00:00-05:00,MSF,16.0
2026-09-29T19:00:00-05:00,SOPLADORA,445.050543
2026-09-29T20:00:00-05:00,CELEC_SUR,1389.360171
2026-09-29T20:00:00-05:00,MAZAR,137.278854
2026-09-29T20:00:00-05:00,MOLINO,780.697705
2026-09-29T20:00:00-05:00,MSF,21.5
2026-09-29T20:00:00-05:00,SOPLADORA,449.883612
2026-09-29T21:00:00-05:00,CELEC_SUR,1389.082151
2026-09-29T21:00:00-05:00,MAZAR,131.29117
2026-09-29T21:00:00-05:00,MOLINO,784.822155
2026-09-29T21:00:00-05:00,MSF,20.25
2026-09-29T21:00:00-05:00,SOPLADORA,452.718826
2026-09-29T22:00:00-05:00,CELEC_SUR,1434.743737
2026-09-29T22:00:00-05:00,MAZAR,83.936838
2026-09-29T22:00:00-05:00,MOLINO,845.538524
2026-09-29T22:00:00-05:00,MSF,21.75
2026-09-29T22:00:00-05:00,SOPLADORA,483.518375
2026-09-29T23:00:00-05:00,CELEC_SUR,1324.408427
2026-09-29T23:00:00-05:00,MAZAR,4.147856
2026-09-29T23:00:00-05:00,MOLINO,828.915805
2026-09-29T23:00:00-05:00,MSF,14.25
2026-09-29T23:00:00-05:00,SOPLADORA,477.094766
2026-09-30T00:00:00-05:00,CELEC_SUR,1145.68832
2026-09-30T00:00:00-05:00,MAZAR,0.0
2026-09-30T00:00:00-05:00,MOLINO,725.215863
2026-09-30T00:00:00-05:00,MSF,0.0
2026-09-30T00:00:00-05:00,SOPLADORA,420.472457
2026-09-30T01:00:00-05:00,CELEC_SUR,1015.257471
2026-09-30T01:00:00-05:00,MAZAR,56.15258
2026-09-30T01:00:00-05:00,MOLINO,606.568373
2026-09-30T01:00:00-05:00,MSF,0.0
2026-09-30T01:00:00-05:00,SOPLADORA,352.536518
2026-09-30T02:00:00-05:00,CELEC_SUR,833.503097
2026-09-30T02:00:00-05:00,MAZAR,64.784329
2026-09-30T02:00:00-05:00,MOLINO,481.871128
2026-09-30T02:00:00-05:00,MSF,0.0
2026-09-30T02:00:00-05:00,SOPLADORA,286.84764
2026-09-30T03:00:00-05:00,CELEC_SUR,659.573539
2026-09-30T03:00:00-05:00,MAZAR,41.651899
2026-09-30T03:00:00-05:00,MOLINO,389.418296
2026-09-30T03:00:00-05:00,MSF,0.0
2026-09-30T03:00:00-05:00,SOPLADORA,228.503344
2026-09-30T04:00:00-05:00,CELEC_SUR,545.672849
2026-09-30T04:00:00-05:00,MAZAR,0.0
2026-09-30T04:00:00-05:00,MOLINO,348.769194
2026-09-30T04:00:00-05:00,MSF,0.0
2026-09-30T04:00:00-05:00,SOPLADORA,196.903655
2026-09-30T05:00:00-05:00,CELEC_SUR,522.253796
2026-09-30T05:00:00-05:00,MAZAR,0.0
2026-09-30T05:00:00-05:00,MOLINO,359.177409
2026-09-30T05:00:00-05:00,MSF,0.0
2026-09-30T05:00:00-05:00,SOPLADORA,163.076387
2026-09-30T06:00:00-05:00,CELEC_SUR,639.586449
2026-09-30T06:00:00-05:00,MAZAR,0.0
2026-09-30T06:00:00-05:00,MOLINO,434.547996
2026-09-30T06:00:00-05:00,MSF,8.75
2026-09-30T06:00:00-05:00,SOPLADORA,196.288453
2026-09-30T07:00:00-05:00,CELEC_SUR,508.042135
2026-09-30T07:00:00-05:00,MAZAR,0.0
2026-09-30T07:00:00-05:00,MOLINO,309.207685
2026-09-30T07:00:00-05:00,MSF,10.0
2026-09-30T07:00:00-05:00,SOPLADORA,188.83445
2026-09-30T08:00:00-05:00,CELEC_SUR,535.420379
2026-09-30T08:00:00-05:00,MAZAR,0.0
2026-09-30T08:00:00-05:00,MOLINO,337.218457
2026-09-30T08:00:00-05:00,MSF,24.5
2026-09-30T08:00:00-05:00,SOPLADORA,173.701922
2026-09-30T09:00:00-05:00,CELEC_SUR,829.018482
2026-09-30T09:00:00-05:00,MAZAR,35.77054
2026-09-30T09:00:00-05:00,MOLINO,494.357468
2026-09-30T09:00:00-05:00,MSF,11.5
2026-09-30T09:00:00-05:00,SOPLADORA,287.390474
2026-09-30T10:00:00-05:00,CELEC_SUR,1056.478892
2026-09-30T10:00:00-05:00,MAZAR,88.017359
2026-09-30T10:00:00-05:00,MOLINO,605.784056
2026-09-30T10:00:00-05:00,MSF,11.5
2026-09-30T10:00:00-05:00,SOPLADORA,351.177477
2026-09-30T11:00:00-05:00,CELEC_SUR,1288.245558
2026-09-30T11:00:00-05:00,MAZAR,149.8699
2026-09-30T11:00:00-05:00,MOLINO,717.108681
2026-09-30T11:00:00-05:00,MSF,11.5
2026-09-30T11:00:00-05:00,SOPLADORA,409.766977
2026-09-30T12:00:00-05:00,CELEC_SUR,1433.929955
2026-09-30T12:00:00-05:00,MAZAR,150.124757
2026-09-30T12:00:00-05:00,MOLINO,805.779184
2026-09-30T12:00:00-05:00,MSF,10.0
2026-09-30T12:00:00-05:00,SOPLADORA,468.026014
2026-09-30T13:00:00-05:00,CELEC_SUR,1429.821552
2026-09-30T13:00:00-05:00,MAZAR,150.127201
2026-09-30T13:00:00-05:00,MOLINO,805.506584
2026-09-30T13:00:00-05:00,MSF,11.5
2026-09-30T13:00:00-05:00,SOPLADORA,462.687767
2026-09-30T14:00:00-05:00,CELEC_SUR,1533.29373
2026-09-30T14:00:00-05:00,MAZAR,150.106563
2026-09-30T14:00:00-05:00,MOLINO,848.371599
2026-09-30T14:00:00-05:00,MSF,49.0
2026-09-30T14:00:00-05:00,SOPLADORA,485.815568
2026-09-30T15:00:00-05:00,CELEC_SUR,1604.187303
2026-09-30T15:00:00-05:00,MAZAR,150.105364
2026-09-30T15:00:00-05:00,MOLINO,876.456502
2026-09-30T15:00:00-05:00,MSF,90.75
2026-09-30T15:00:00-05:00,SOPLADORA,486.875437
2026-09-30T16:00:00-05:00,CELEC_SUR,1596.861436
2026-09-30T16:00:00-05:00,MAZAR,150.117634
2026-09-30T16:00:00-05:00,MOLINO,869.141371
2026-09-30T16:00:00-05:00,MSF,90.75
2026-09-30T16:00:00-05:00,SOPLADORA,486.852431
2026-09-30T17:00:00-05:00,CELEC_SUR,1557.329541
2026-09-30T17:00:00-05:00,MAZAR,150.16791
2026-09-30T17:00:00-05:00,MOLINO,844.720913
2026-09-30T17:00:00-05:00,MSF,76.25
2026-09-30T17:00:00-05:00,SOPLADORA,486.190718
2026-09-30T18:00:00-05:00,CELEC_SUR,1451.712971
2026-09-30T18:00:00-05:00,MAZAR,150.156465
2026-09-30T18:00:00-05:00,MOLINO,783.113806
2026-09-30T18:00:00-05:00,MSF,62.0
2026-09-30T18:00:00-05:00,SOPLADORA,456.4427
2026-09-30T19:00:00-05:00,CELEC_SUR,1449.200072
2026-09-30T19:00:00-05:00,MAZAR,150.151572
2026-09-30T19:00:00-05:00,MOLINO,788.67719
2026-09-30T19:00:00-05:00,MSF,60.5
2026-09-30T19:00:00-05:00,SOPLADORA,449.87131
2026-09-30T20:00:00-05:00,CELEC_SUR,1444.678129
2026-09-30T20:00:00-05:00,MAZAR,150.15723
2026-09-30T20:00:00-05:00,MOLINO,781.434816
2026-09-30T20:00:00-05:00,MSF,62.0
2026-09-30T20:00:00-05:00,SOPLADORA,451.086083
2026-09-30T21:00:00-05:00,CELEC_SUR,1435.912706
2026-09-30T21:00:00-05:00,MAZAR,150.147889
2026-09-30T21:00:00-05:00,MOLINO,776.426617
2026-09-30T21:00:00-05:00,MSF,59.0
2026-09-30T21:00:00-05:00,SOPLADORA,450.3382
2026-09-30T22:00:00-05:00,CELEC_SUR,1368.576135
2026-09-30T22:00:00-05:00,MAZAR,150.157512
2026-09-30T22:00:00-05:00,MOLINO,755.695375
2026-09-30T22:00:00-05:00,MSF,31.5
2026-09-30T22:00:00-05:00,SOPLADORA,431.223248
2026-09-30T23:00:00-05:00,CELEC_SUR,1256.671742
2026-09-30T23:00:00-05:00,MAZAR,150.150251
2026-09-30T23:00:00-05:00,MOLINO,677.436255
2026-09-30T23:00:00-05:00,MSF,31.75
2026-09-30T23:00:00-05:00,SOPLADORA,397.335236
2026-10-01T00:00:00-05:00,CELEC_SUR,1062.006197
2026-10-01T00:00:00-05:00,MAZAR,150.181657
2026-10-01T00:00:00-05:00,MOLINO,568.873662
2026-10-01T00:00:00-05:00,MSF,8.75
2026-10-01T00:00:00-05:00,SOPLADORA,334.200878
2026-10-01T01:00:00-05:00,CELEC_SUR,877.792726
2026-10-01T01:00:00-05:00,MAZAR,144.142129
2026-10-01T01:00:00-05:00,MOLINO,464.004678
2026-10-01T01:00:00-05:00,MSF,0.0
2026-10-01T01:00:00-05:00,SOPLADORA,269.645919
2026-10-01T02:00:00-05:00,CELEC_SUR,766.047983
2026-10-01T02:00:00-05:00,MAZAR,131.743677
2026-10-01T02:00:00-05:00,MOLINO,394.502923
2026-10-01T02:00:00-05:00,MSF,0.0
2026-10-01T02:00:00-05:00,SOPLADORA,239.801383
2026-10-01T03:00:00-05:00,CELEC_SUR,715.981188
2026-10-01T03:00:00-05:00,MAZAR,131.735869
2026-10-01T03:00:00-05:00,MOLINO,371.312828
2026-10-01T03:00:00-05:00,MSF,0.0
2026-10-01T03:00:00-05:00,SOPLADORA,212.932491
2026-10-01T04:00:00-05:00,CELEC_SUR,716.312462
2026-10-01T04:00:00-05:00,MAZAR,131.744869
2026-10-01T04:00:00-05:00,MOLINO,371.230122
2026-10-01T04:00:00-05:00,MSF,0.0
2026-10-01T04:00:00-05:00,SOPLADORA,213.337471
2026-10-01T05:00:00-05:00,CELEC_SUR,699.854673
2026-10-01T05:00:00-05:00,MAZAR,131.764012
2026-10-01T05:00:00-05:00,MOLINO,355.067588
2026-10-01T05:00:00-05:00,MSF,0.0
2026-10-01T05:00:00-05:00,SOPLADORA,213.023073
2026-10-01T06:00:00-05:00,CELEC_SUR,678.246163
2026-10-01T06:00:00-05:00,MAZAR,131.766052
2026-10-01T06:00:00-05:00,MOLINO,339.524887
2026-10-01T06:00:00-05:00,MSF,8.75
2026-10-01T06:00:00-05:00,SOPLADORA,198.205224
2026-10-01T07:00:00-05:00,CELEC_SUR,593.942259
2026-10-01T07:00:00-05:00,MAZAR,131.761305
2026-10-01T07:00:00-05:00,MOLINO,289.251489
2026-10-01T07:00:00-05:00,MSF,10.0
2026-10-01T07:00:00-05:00,SOPLADORA,162.929465
2026-10-01T08:00:00-05:00,CELEC_SUR,698.860934
2026-10-01T08:00:00-05:00,MAZAR,131.746204
2026-10-01T08:00:00-05:00,MOLINO,356.052412
2026-10-01T08:00:00-05:00,MSF,10.25
2026-10-01T08:00:00-05:00,SOPLADORA,200.812318
2026-10-01T09:00:00-05:00,CELEC_SUR,1045.540564
2026-10-01T09:00:00-05:00,MAZAR,131.7419
2026-10-01T09:00:00-05:00,MOLINO,575.857311
2026-10-01T09:00:00-05:00,MSF,10.0
2026-10-01T09:00:00-05:00,SOPLADORA,327.941353
2026-10-01T10:00:00-05:00,CELEC_SUR,1164.424132
2026-10-01T10:00:00-05:00,MAZAR,131.660373
2026-10-01T10:00:00-05:00,MOLINO,649.9598
2026-10-01T10:00:00-05:00,MSF,10.0
2026-10-01T10:00:00-05:00,SOPLADORA,372.803959
2026-10-01T11:00:00-05:00,CELEC_SUR,1330.037313
2026-10-01T11:00:00-05:00,MAZAR,131.63775
2026-10-01T11:00:00-05:00,MOLINO,754.795849
2026-10-01T11:00:00-05:00,MSF,10.25
2026-10-01T11:00:00-05:00,SOPLADORA,433.353714
2026-10-01T12:00:00-05:00,CELEC_SUR,1445.267974
2026-10-01T12:00:00-05:00,MAZAR,131.646126
2026-10-01T12:00:00-05:00,MOLINO,827.242939
2026-10-01T12:00:00-05:00,MSF,17.25
2026-10-01T12:00:00-05:00,SOPLADORA,469.128909
2026-10-01T13:00:00-05:00,CELEC_SUR,1467.145978
2026-10-01T13:00:00-05:00,MAZAR,131.683195
2026-10-01T13:00:00-05:00,MOLINO,835.566902
2026-10-01T13:00:00-05:00,MSF,17.25
2026-10-01T13:00:00-05:00,SOPLADORA,482.645881
2026-10-01T14:00:00-05:00,CELEC_SUR,1512.357364
2026-10-01T14:00:00-05:00,MAZAR,131.621135
2026-10-01T14:00:00-05:00,MOLINO,849.578793
2026-10-01T14:00:00-05:00,MSF,47.5
2026-10-01T14:00:00-05:00,SOPLADORA,483.657436
2026-10-01T15:00:00-05:00,CELEC_SUR,1574.869295
2026-10-01T15:00:00-05:00,MAZAR,131.534294
2026-10-01T15:00:00-05:00,MOLINO,842.819077
2026-10-01T15:00:00-05:00,MSF,115.25
2026-10-01T15:00:00-05:00,SOPLADORA,485.265924
2026-10-01T16:00:00-05:00,CELEC_SUR,1580.065641
2026-10-01T16:00:00-05:00,MAZAR,131.542816
2026-10-01T16:00:00-05:00,MOLINO,843.544234
2026-10-01T16:00:00-05:00,MSF,121.0
2026-10-01T16:00:00-05:00,SOPLADORA,483.978591
2026-10-01T17:00:00-05:00,CELEC_SUR,1570.948254
2026-10-01T17:00:00-05:00,MAZAR,131.610393
2026-10-01T17:00:00-05:00,MOLINO,844.648008
2026-10-01T17:00:00-05:00,MSF,111.0
2026-10-01T17:00:00-05:00,SOPLADORA,483.689853
2026-10-01T18:00:00-05:00,CELEC_SUR,1493.964909
2026-10-01T18:00:00-05:00,MAZAR,131.613293
2026-10-01T18:00:00-05:00,MOLINO,838.655213
2026-10-01T18:00:00-05:00,MSF,43.0
2026-10-01T18:00:00-05:00,SOPLADORA,480.696403
2026-10-01T19:00:00-05:00,CELEC_SUR,1302.534984
2026-10-01T19:00:00-05:00,MAZAR,131.632522
2026-10-01T19:00:00-05:00,MOLINO,722.07736
2026-10-01T19:00:00-05:00,MSF,34.5
2026-10-01T19:00:00-05:00,SOPLADORA,414.325102
2026-10-01T20:00:00-05:00,CELEC_SUR,1313.527717
2026-10-01T20:00:00-05:00,MAZAR,131.626843
2026-10-01T20:00:00-05:00,MOLINO,697.772258
2026-10-01T20:00:00-05:00,MSF,82.5
2026-10-01T20:00:00-05:00,SOPLADORA,401.628616
2026-10-01T21:00:00-05:00,CELEC_SUR,1294.477924
2026-10-01T21:00:00-05:00,MAZAR,131.624832
2026-10-01T21:00:00-05:00,MOLINO,697.790509
2026-10-01T21:00:00-05:00,MSF,56.25
2026-10-01T21:00:00-05:00,SOPLADORA,408.812583
2026-10-01T22:00:00-05:00,CELEC_SUR,1255.261465
2026-10-01T22:00:00-05:00,MAZAR,131.635505
2026-10-01T22:00:00-05:00,MOLINO,697.593751
2026-10-01T22:00:00-05:00,MSF,21.5
2026-10-01T22:00:00-05:00,SOPLADORA,404.532209
2026-10-01T23:00:00-05:00,CELEC_SUR,1384.067439
2026-10-01T23:00:00-05:00,MAZAR,131.634884
2026-10-01T23:00:00-05:00,MOLINO,784.176692
2026-10-01T23:00:00-05:00,MSF,21.5
2026-10-01T23:00:00-05:00,SOPLADORA,446.755863
2026-10-02T00:00:00-05:00,CELEC_SUR,1253.910952
2026-10-02T00:00:00-05:00,MAZAR,131.629279
2026-10-02T00:00:00-05:00,MOLINO,701.840686
2026-10-02T00:00:00-05:00,MSF,16.0
2026-10-02T00:00:00-05:00,SOPLADORA,404.440987
2026-10-02T01:00:00-05:00,CELEC_SUR,969.694696
2026-10-02T01:00:00-05:00,MAZAR,96.19461
2026-10-02T01:00:00-05:00,MOLINO,553.600457
2026-10-02T01:00:00-05:00,MSF,0.0
2026-10-02T01:00:00-05:00,SOPLADORA,319.899629
2026-10-02T02:00:00-05:00,CELEC_SUR,831.156561
2026-10-02T02:00:00-05:00,MAZAR,36.625805
2026-10-02T02:00:00-05:00,MOLINO,504.056642
2026-10-02T02:00:00-05:00,MSF,0.0
2026-10-02T02:00:00-05:00,SOPLADORA,290.474114
2026-10-02T03:00:00-05:00,CELEC_SUR,729.798488
2026-10-02T03:00:00-05:00,MAZAR,0.0
2026-10-02T03:00:00-05:00,MOLINO,458.510074
2026-10-02T03:00:00-05:00,MSF,0.0
2026-10-02T03:00:00-05:00,SOPLADORA,271.288414
2026-10-02T04:00:00-05:00,CELEC_SUR,735.098056
2026-10-02T04:00:00-05:00,MAZAR,0.0
2026-10-02T04:00:00-05:00,MOLINO,468.139366
2026-10-02T04:00:00-05:00,MSF,0.0
2026-10-02T04:00:00-05:00,SOPLADORA,266.95869
2026-10-02T05:00:00-05:00,CELEC_SUR,683.209521
2026-10-02T05:00:00-05:00,MAZAR,0.0
2026-10-02T05:00:00-05:00,MOLINO,433.557785
2026-10-02T05:00:00-05:00,MSF,0.0
2026-10-02T05:00:00-05:00,SOPLADORA,249.651736
2026-10-02T06:00:00-05:00,CELEC_SUR,700.861485
2026-10-02T06:00:00-05:00,MAZAR,0.0
2026-10-02T06:00:00-05:00,MOLINO,433.298406
2026-10-02T06:00:00-05:00,MSF,10.25
2026-10-02T06:00:00-05:00,SOPLADORA,257.313079
2026-10-02T07:00:00-05:00,CELEC_SUR,721.917561
2026-10-02T07:00:00-05:00,MAZAR,0.0
2026-10-02T07:00:00-05:00,MOLINO,433.746117
2026-10-02T07:00:00-05:00,MSF,36.0
2026-10-02T07:00:00-05:00,SOPLADORA,252.171444
2026-10-02T08:00:00-05:00,CELEC_SUR,706.555241
2026-10-02T08:00:00-05:00,MAZAR,44.035686
2026-10-02T08:00:00-05:00,MOLINO,415.367728
2026-10-02T08:00:00-05:00,MSF,10.0
2026-10-02T08:00:00-05:00,SOPLADORA,237.151827
2026-10-02T09:00:00-05:00,CELEC_SUR,810.804466
2026-10-02T09:00:00-05:00,MAZAR,130.03781
2026-10-02T09:00:00-05:00,MOLINO,422.523005
2026-10-02T09:00:00-05:00,MSF,13.0
2026-10-02T09:00:00-05:00,SOPLADORA,245.243651
2026-10-02T10:00:00-05:00,CELEC_SUR,1089.099195
2026-10-02T10:00:00-05:00,MAZAR,130.088348
2026-10-02T10:00:00-05:00,MOLINO,587.156821
2026-10-02T10:00:00-05:00,MSF,40.25
2026-10-02T10:00:00-05:00,SOPLADORA,331.604026
2026-10-02T11:00:00-05:00,CELEC_SUR,1085.046515
2026-10-02T11:00:00-05:00,MAZAR,130.087297
2026-10-02T11:00:00-05:00,MOLINO,577.781277
2026-10-02T11:00:00-05:00,MSF,40.25
2026-10-02T11:00:00-05:00,SOPLADORA,336.927941
2026-10-02T12:00:00-05:00,CELEC_SUR,1043.320564
2026-10-02T12:00:00-05:00,MAZAR,129.98113
2026-10-02T12:00:00-05:00,MOLINO,565.591431
2026-10-02T12:00:00-05:00,MSF,27.5
2026-10-02T12:00:00-05:00,SOPLADORA,320.248003
2026-10-02T13:00:00-05:00,CELEC_SUR,1085.940362
2026-10-02T13:00:00-05:00,MAZAR,129.976647
2026-10-02T13:00:00-05:00,MOLINO,574.221286
2026-10-02T13:00:00-05:00,MSF,44.75
2026-10-02T13:00:00-05:00,SOPLADORA,336.992429
2026-10-02T14:00:00-05:00,CELEC_SUR,1007.527384
2026-10-02T14:00:00-05:00,MAZAR,129.964022
2026-10-02T14:00:00-05:00,MOLINO,526.889245
2026-10-02T14:00:00-05:00,MSF,49.0
2026-10-02T14:00:00-05:00,SOPLADORA,301.674117
2026-10-02T15:00:00-05:00,CELEC_SUR,848.218331
2026-10-02T15:00:00-05:00,MAZAR,129.947818
2026-10-02T15:00:00-05:00,MOLINO,434.524991
2026-10-02T15:00:00-05:00,MSF,23.0
2026-10-02T15:00:00-05:00,SOPLADORA,260.745522
2026-10-02T16:00:00-05:00,CELEC_SUR,817.174657
2026-10-02T16:00:00-05:00,MAZAR,129.957426
2026-10-02T16:00:00-05:00,MOLINO,425.492799
2026-10-02T16:00:00-05:00,MSF,23.0
2026-10-02T16:00:00-05:00,SOPLADORA,238.724432
2026-10-02T17:00:00-05:00,CELEC_SUR,731.979534
2026-10-02T17:00:00-05:00,MAZAR,129.973468
2026-10-02T17:00:00-05:00,MOLINO,362.145327
2026-10-02T17:00:00-05:00,MSF,21.5
2026-10-02T17:00:00-05:00,SOPLADORA,218.360739
2026-10-02T18:00:00-05:00,CELEC_SUR,630.113699
2026-10-02T18:00:00-05:00,MAZAR,129.997781
2026-10-02T18:00:00-05:00,MOLINO,310.798264
2026-10-02T18:00:00-05:00,MSF,21.5
2026-10-02T18:00:00-05:00,SOPLADORA,167.817654
2026-10-02T19:00:00-05:00,CELEC_SUR,740.075187
2026-10-02T19:00:00-05:00,MAZAR,129.968403
2026-10-02T19:00:00-05:00,MOLINO,367.969828
2026-10-02T19:00:00-05:00,MSF,43.5
2026-10-02T19:00:00-05:00,SOPLADORA,198.636956
2026-10-02T20:00:00-05:00,CELEC_SUR,746.192682
2026-10-02T20:00:00-05:00,MAZAR,129.975754
2026-10-02T20:00:00-05:00,MOLINO,373.497927
2026-10-02T20:00:00-05:00,MSF,23.0
2026-10-02T20:00:00-05:00,SOPLADORA,219.719001
2026-10-02T21:00:00-05:00,CELEC_SUR,714.693765
2026-10-02T21:00:00-05:00,MAZAR,129.98246
2026-10-02T21:00:00-05:00,MOLINO,359.751588
2026-10-02T21:00:00-05:00,MSF,21.5
2026-10-02T21:00:00-05:00,SOPLADORA,203.459717
2026-10-02T22:00:00-05:00,CELEC_SUR,613.329042
2026-10-02T22:00:00-05:00,MAZAR,129.986695
2026-10-02T22:00:00-05:00,MOLINO,284.531216
2026-10-02T22:00:00-05:00,MSF,23.0
2026-10-02T22:00:00-05:00,SOPLADORA,175.811131
2026-10-02T23:00:00-05:00,CELEC_SUR,468.791905
2026-10-02T23:00:00-05:00,MAZAR,130.070227
2026-10-02T23:00:00-05:00,MOLINO,202.26126
2026-10-02T23:00:00-05:00,MSF,21.5
2026-10-02T23:00:00-05:00,SOPLADORA,114.960418
2026-10-03T00:00:00-05:00,CELEC_SUR,389.64019
2026-10-03T00:00:00-05:00,MAZAR,63.145526
2026-10-03T00:00:00-05:00,MOLINO,199.493079
2026-10-03T00:00:00-05:00,MSF,18.75
2026-10-03T00:00:00-05:00,SOPLADORA,108.251585
2026-10-03T01:00:00-05:00,CELEC_SUR,372.579373
2026-10-03T01:00:00-05:00,MAZAR,0.0
2026-10-03T01:00:00-05:00,MOLINO,228.994912
2026-10-03T01:00:00-05:00,MSF,3.0
2026-10-03T01:00:00-05:00,SOPLADORA,140.584461
2026-10-03T02:00:00-05:00,CELEC_SUR,316.481878
2026-10-03T02:00:00-05:00,MAZAR,0.0
2026-10-03T02:00:00-05:00,MOLINO,203.019946
2026-10-03T02:00:00-05:00,MSF,0.0
2026-10-03T02:00:00-05:00,SOPLADORA,113.461932
2026-10-03T03:00:00-05:00,CELEC_SUR,152.47665
2026-10-03T03:00:00-05:00,MAZAR,0.0
2026-10-03T03:00:00-05:00,MOLINO,97.511088
2026-10-03T03:00:00-05:00,MSF,0.0
2026-10-03T03:00:00-05:00,SOPLADORA,54.965562
2026-10-03T04:00:00-05:00,CELEC_SUR,0.0
2026-10-03T04:00:00-05:00,MAZAR,0.0
2026-10-03T04:00:00-05:00,MOLINO,0.0
2026-10-03T04:00:00-05:00,MSF,0.0
2026-10-03T04:00:00-05:00,SOPLADORA,0.0
2026-10-03T05:00:00-05:00,CELEC_SUR,0.0
2026-10-03T05:00:00-05:00,MAZAR,0.0
2026-10-03T05:00:00-05:00,MOLINO,0.0
2026-10-03T05:00:00-05:00,MSF,0.0
2026-10-03T05:00:00-05:00,SOPLADORA,0.0
2026-10-03T06:00:00-05:00,CELEC_SUR,11.75
2026-10-03T06:00:00-05:00,MAZAR,0.0
2026-10-03T06:00:00-05:00,MOLINO,0.0
2026-10-03T06:00:00-05:00,MSF,11.75
2026-10-03T06:00:00-05:00,SOPLADORA,0.0
2026-10-03T07:00:00-05:00,CELEC_SUR,10.0
2026-10-03T07:00:00-05:00,MAZAR,0.0
2026-10-03T07:00:00-05:00,MOLINO,0.0
2026-10-03T07:00:00-05:00,MSF,10.0
2026-10-03T07:00:00-05:00,SOPLADORA,0.0
2026-10-03T08:00:00-05:00,CELEC_SUR,11.5
2026-10-03T08:00:00-05:00,MAZAR,0.0
2026-10-03T08:00:00-05:00,MOLINO,0.0
2026-10-03T08:00:00-05:00,MSF,11.5
2026-10-03T08:00:00-05:00,SOPLADORA,0.0
2026-10-03T09:00:00-05:00,CELEC_SUR,20.25
2026-10-03T09:00:00-05:00,MAZAR,0.0
2026-10-03T09:00:00-05:00,MOLINO,0.0
2026-10-03T09:00:00-05:00,MSF,20.25
2026-10-03T09:00:00-05:00,SOPLADORA,0.0
2026-10-03T10:00:00-05:00,CELEC_SUR,42.75
2026-10-03T10:00:00-05:00,MAZAR,0.0
2026-10-03T10:00:00-05:00,MOLINO,0.0
2026-10-03T10:00:00-05:00,MSF,42.75
2026-10-03T10:00:00-05:00,SOPLADORA,0.0
2026-10-03T11:00:00-05:00,CELEC_SUR,346.307165
2026-10-03T11:00:00-05:00,MAZAR,0.0
2026-10-03T11:00:00-05:00,MOLINO,149.247641
2026-10-03T11:00:00-05:00,MSF,116.5
2026-10-03T11:00:00-05:00,SOPLADORA,80.559524
2026-10-03T12:00:00-05:00,CELEC_SUR,564.733595
2026-10-03T12:00:00-05:00,MAZAR,0.0
2026-10-03T12:00:00-05:00,MOLINO,243.811556
2026-10-03T12:00:00-05:00,MSF,173.0
2026-10-03T12:00:00-05:00,SOPLADORA,147.922039
2026-10-03T13:00:00-05:00,CELEC_SUR,612.246743
2026-10-03T13:00:00-05:00,MAZAR,0.0
2026-10-03T13:00:00-05:00,MOLINO,261.28502
2026-10-03T13:00:00-05:00,MSF,198.75
2026-10-03T13:00:00-05:00,SOPLADORA,152.211723
2026-10-03T14:00:00-05:00,CELEC_SUR,640.755565
2026-10-03T14:00:00-05:00,MAZAR,0.0
2026-10-03T14:00:00-05:00,MOLINO,341.060811
2026-10-03T14:00:00-05:00,MSF,106.5
2026-10-03T14:00:00-05:00,SOPLADORA,193.194754
2026-10-03T15:00:00-05:00,CELEC_SUR,665.73902
2026-10-03T15:00:00-05:00,MAZAR,0.0
2026-10-03T15:00:00-05:00,MOLINO,396.311651
2026-10-03T15:00:00-05:00,MSF,44.5
2026-10-03T15:00:00-05:00,SOPLADORA,224.927369
2026-10-03T16:00:00-05:00,CELEC_SUR,649.759152
2026-10-03T16:00:00-05:00,MAZAR,0.0
2026-10-03T16:00:00-05:00,MOLINO,365.496484
2026-10-03T16:00:00-05:00,MSF,72.0
2026-10-03T16:00:00-05:00,SOPLADORA,212.262668
2026-10-03T17:00:00-05:00,CELEC_SUR,653.750623
2026-10-03T17:00:00-05:00,MAZAR,0.0
2026-10-03T17:00:00-05:00,MOLINO,373.376785
2026-10-03T17:00:00-05:00,MSF,60.5
2026-10-03T17:00:00-05:00,SOPLADORA,219.873838
2026-10-03T18:00:00-05:00,CELEC_SUR,727.08348
2026-10-03T18:00:00-05:00,MAZAR,0.0
2026-10-03T18:00:00-05:00,MOLINO,446.317444
2026-10-03T18:00:00-05:00,MSF,33.0
2026-10-03T18:00:00-05:00,SOPLADORA,247.766036
2026-10-03T19:00:00-05:00,CELEC_SUR,722.152569
2026-10-03T19:00:00-05:00,MAZAR,0.0
2026-10-03T19:00:00-05:00,MOLINO,430.554777
2026-10-03T19:00:00-05:00,MSF,39.0
2026-10-03T19:00:00-05:00,SOPLADORA,252.597792
2026-10-03T20:00:00-05:00,CELEC_SUR,705.448332
2026-10-03T20:00:00-05:00,MAZAR,0.0
2026-10-03T20:00:00-05:00,MOLINO,409.362895
2026-10-03T20:00:00-05:00,MSF,50.25
2026-10-03T20:00:00-05:00,SOPLADORA,245.835437
2026-10-03T21:00:00-05:00,CELEC_SUR,622.939015
2026-10-03T21:00:00-05:00,MAZAR,0.0
2026-10-03T21:00:00-05:00,MOLINO,377.088404
2026-10-03T21:00:00-05:00,MSF,31.8
2026-10-03T21:00:00-05:00,SOPLADORA,214.050611
2026-10-03T22:00:00-05:00,CELEC_SUR,597.028793
2026-10-03T22:00:00-05:00,MAZAR,0.0
2026-10-03T22:00:00-05:00,MOLINO,361.333049
2026-10-03T22:00:00-05:00,MSF,31.0
2026-10-03T22:00:00-05:00,SOPLADORA,204.695744
2026-10-03T23:00:00-05:00,CELEC_SUR,440.081891
2026-10-03T23:00:00-05:00,MAZAR,0.0
2026-10-03T23:00:00-05:00,MOLINO,257.965657
2026-10-03T23:00:00-05:00,MSF,28.0
2026-10-03T23:00:00-05:00,SOPLADORA,154.116234
2026-10-04T00:00:00-05:00,CELEC_SUR,310.216499
2026-10-04T00:00:00-05:00,MAZAR,0.0
2026-10-04T00:00:00-05:00,MOLINO,180.637016
2026-10-04T00:00:00-05:00,MSF,23.25
2026-10-04T00:00:00-05:00,SOPLADORA,106.329483
2026-10-04T01:00:00-05:00,CELEC_SUR,287.316421
2026-10-04T01:00:00-05:00,MAZAR,0.0
2026-10-04T01:00:00-05:00,MOLINO,180.899659
2026-10-04T01:00:00-05:00,MSF,2.52
2026-10-04T01:00:00-05:00,SOPLADORA,103.896762
2026-10-04T02:00:00-05:00,CELEC_SUR,197.177946
2026-10-04T02:00:00-05:00,MAZAR,0.0
2026-10-04T02:00:00-05:00,MOLINO,129.450559
2026-10-04T02:00:00-05:00,MSF,0.0
2026-10-04T02:00:00-05:00,SOPLADORA,67.727387
2026-10-04T03:00:00-05:00,CELEC_SUR,0.0
2026-10-04T03:00:00-05:00,MAZAR,0.0
2026-10-04T03:00:00-05:00,MOLINO,0.0
2026-10-04T03:00:00-05:00,MSF,0.0
2026-10-04T03:00:00-05:00,SOPLADORA,0.0
2026-10-04T04:00:00-05:00,CELEC_SUR,0.0
2026-10-04T04:00:00-05:00,MAZAR,0.0
2026-10-04T04:00:00-05:00,MOLINO,0.0
2026-10-04T04:00:00-05:00,MSF,0.0
2026-10-04T04:00:00-05:00,SOPLADORA,0.0
2026-10-04T05:00:00-05:00,CELEC_SUR,0.0
2026-10-04T05:00:00-05:00,MAZAR,0.0
2026-10-04T05:00:00-05:00,MOLINO,0.0
2026-10-04T05:00:00-05:00,MSF,0.0
2026-10-04T05:00:00-05:00,SOPLADORA,0.0
2026-10-04T06:00:00-05:00,CELEC_SUR,11.5
2026-10-04T06:00:00-05:00,MAZAR,0.0
2026-10-04T06:00:00-05:00,MOLINO,0.0
2026-10-04T06:00:00-05:00,MSF,11.5
2026-10-04T06:00:00-05:00,SOPLADORA,0.0
2026-10-04T07:00:00-05:00,CELEC_SUR,10.25
2026-10-04T07:00:00-05:00,MAZAR,0.0
2026-10-04T07:00:00-05:00,MOLINO,0.0
2026-10-04T07:00:00-05:00,MSF,10.25
2026-10-04T07:00:00-05:00,SOPLADORA,0.0
2026-10-04T08:00:00-05:00,CELEC_SUR,11.5
2026-10-04T08:00:00-05:00,MAZAR,0.0
2026-10-04T08:00:00-05:00,MOLINO,0.0
2026-10-04T08:00:00-05:00,MSF,11.5
2026-10-04T08:00:00-05:00,SOPLADORA,0.0
2026-10-04T09:00:00-05:00,CELEC_SUR,55.0
2026-10-04T09:00:00-05:00,MAZAR,0.0
2026-10-04T09:00:00-05:00,MOLINO,0.0
2026-10-04T09:00:00-05:00,MSF,55.0
2026-10-04T09:00:00-05:00,SOPLADORA,0.0
2026-10-04T10:00:00-05:00,CELEC_SUR,142.8
2026-10-04T10:00:00-05:00,MAZAR,0.0
2026-10-04T10:00:00-05:00,MOLINO,0.0
2026-10-04T10:00:00-05:00,MSF,142.8
2026-10-04T10:00:00-05:00,SOPLADORA,0.0
2026-10-04T11:00:00-05:00,CELEC_SUR,297.724585
2026-10-04T11:00:00-05:00,MAZAR,0.0
2026-10-04T11:00:00-05:00,MOLINO,95.495406
2026-10-04T11:00:00-05:00,MSF,149.5
2026-10-04T11:00:00-05:00,SOPLADORA,52.729179
2026-10-04T12:00:00-05:00,CELEC_SUR,523.333166
2026-10-04T12:00:00-05:00,MAZAR,0.0
2026-10-04T12:00:00-05:00,MOLINO,265.8356
2026-10-04T12:00:00-05:00,MSF,102.5
2026-10-04T12:00:00-05:00,SOPLADORA,154.997566
2026-10-04T13:00:00-05:00,CELEC_SUR,616.586745
2026-10-04T13:00:00-05:00,MAZAR,0.0
2026-10-04T13:00:00-05:00,MOLINO,328.09349
2026-10-04T13:00:00-05:00,MSF,103.5
2026-10-04T13:00:00-05:00,SOPLADORA,184.993255
2026-10-04T14:00:00-05:00,CELEC_SUR,688.61297
2026-10-04T14:00:00-05:00,MAZAR,0.0
2026-10-04T14:00:00-05:00,MOLINO,372.04371
2026-10-04T14:00:00-05:00,MSF,103.5
2026-10-04T14:00:00-05:00,SOPLADORA,213.06926
2026-10-04T15:00:00-05:00,CELEC_SUR,687.561149
2026-10-04T15:00:00-05:00,MAZAR,0.0
2026-10-04T15:00:00-05:00,MOLINO,371.935859
2026-10-04T15:00:00-05:00,MSF,102.5
2026-10-04T15:00:00-05:00,SOPLADORA,213.12529
2026-10-04T16:00:00-05:00,CELEC_SUR,686.397382
2026-10-04T16:00:00-05:00,MAZAR,0.0
2026-10-04T16:00:00-05:00,MOLINO,371.277299
2026-10-04T16:00:00-05:00,MSF,102.0
2026-10-04T16:00:00-05:00,SOPLADORA,213.120083
2026-10-04T17:00:00-05:00,CELEC_SUR,702.197801
2026-10-04T17:00:00-05:00,MAZAR,0.0
2026-10-04T17:00:00-05:00,MOLINO,380.301188
2026-10-04T17:00:00-05:00,MSF,104.0
2026-10-04T17:00:00-05:00,SOPLADORA,217.896613
2026-10-04T18:00:00-05:00,CELEC_SUR,657.652532
2026-10-04T18:00:00-05:00,MAZAR,0.0
2026-10-04T18:00:00-05:00,MOLINO,377.547808
2026-10-04T18:00:00-05:00,MSF,66.0
2026-10-04T18:00:00-05:00,SOPLADORA,214.104724
2026-10-04T19:00:00-05:00,CELEC_SUR,812.149388
2026-10-04T19:00:00-05:00,MAZAR,0.0
2026-10-04T19:00:00-05:00,MOLINO,463.754713
2026-10-04T19:00:00-05:00,MSF,83.5
2026-10-04T19:00:00-05:00,SOPLADORA,264.894675
2026-10-04T20:00:00-05:00,CELEC_SUR,945.094512
2026-10-04T20:00:00-05:00,MAZAR,0.0
2026-10-04T20:00:00-05:00,MOLINO,533.932125
2026-10-04T20:00:00-05:00,MSF,101.0
2026-10-04T20:00:00-05:00,SOPLADORA,310.162387
2026-10-04T21:00:00-05:00,CELEC_SUR,995.287675
2026-10-04T21:00:00-05:00,MAZAR,0.0
2026-10-04T21:00:00-05:00,MOLINO,531.556186
2026-10-04T21:00:00-05:00,MSF,150.0
2026-10-04T21:00:00-05:00,SOPLADORA,313.731489
2026-10-04T22:00:00-05:00,CELEC_SUR,967.264188
2026-10-04T22:00:00-05:00,MAZAR,0.0
2026-10-04T22:00:00-05:00,MOLINO,518.057462
2026-10-04T22:00:00-05:00,MSF,153.0
2026-10-04T22:00:00-05:00,SOPLADORA,296.206726
2026-10-04T23:00:00-05:00,CELEC_SUR,906.538143
2026-10-04T23:00:00-05:00,MAZAR,0.0
2026-10-04T23:00:00-05:00,MOLINO,484.816318
2026-10-04T23:00:00-05:00,MSF,137.0
2026-10-04T23:00:00-05:00,SOPLADORA,284.721825
2026-10-05T00:00:00-05:00,CELEC_SUR,801.135359
2026-10-05T00:00:00-05:00,MAZAR,0.0
2026-10-05T00:00:00-05:00,MOLINO,436.192662
2026-10-05T00:00:00-05:00,MSF,109.5
2026-10-05T00:00:00-05:00,SOPLADORA,255.442697
2026-10-05T01:00:00-05:00,CELEC_SUR,604.910487
2026-10-05T01:00:00-05:00,MAZAR,0.0
2026-10-05T01:00:00-05:00,MOLINO,370.674041
2026-10-05T01:00:00-05:00,MSF,15.75
2026-10-05T01:00:00-05:00,SOPLADORA,218.486446
2026-10-05T02:00:00-05:00,CELEC_SUR,544.873906
2026-10-05T02:00:00-05:00,MAZAR,0.0
2026-10-05T02:00:00-05:00,MOLINO,346.395107
2026-10-05T02:00:00-05:00,MSF,0.0
2026-10-05T02:00:00-05:00,SOPLADORA,198.478799
2026-10-05T03:00:00-05:00,CELEC_SUR,412.15876
2026-10-05T03:00:00-05:00,MAZAR,0.0
2026-10-05T03:00:00-05:00,MOLINO,260.576049
2026-10-05T03:00:00-05:00,MSF,0.0
2026-10-05T03:00:00-05:00,SOPLADORA,151.582711
2026-10-05T04:00:00-05:00,CELEC_SUR,355.948999
2026-10-05T04:00:00-05:00,MAZAR,59.566521
2026-10-05T04:00:00-05:00,MOLINO,186.81141
2026-10-05T04:00:00-05:00,MSF,0.0
2026-10-05T04:00:00-05:00,SOPLADORA,109.571068
2026-10-05T05:00:00-05:00,CELEC_SUR,349.281828
2026-10-05T05:00:00-05:00,MAZAR,54.37777
2026-10-05T05:00:00-05:00,MOLINO,188.52951
2026-10-05T05:00:00-05:00,MSF,0.0
2026-10-05T05:00:00-05:00,SOPLADORA,106.374548
2026-10-05T06:00:00-05:00,CELEC_SUR,308.765211
2026-10-05T06:00:00-05:00,MAZAR,0.0
2026-10-05T06:00:00-05:00,MOLINO,192.073159
2026-10-05T06:00:00-05:00,MSF,10.0
2026-10-05T06:00:00-05:00,SOPLADORA,106.692052
2026-10-05T07:00:00-05:00,CELEC_SUR,309.232519
2026-10-05T07:00:00-05:00,MAZAR,0.0
2026-10-05T07:00:00-05:00,MOLINO,190.885608
2026-10-05T07:00:00-05:00,MSF,11.5
2026-10-05T07:00:00-05:00,SOPLADORA,106.846911
2026-10-05T08:00:00-05:00,CELEC_SUR,394.716557
2026-10-05T08:00:00-05:00,MAZAR,0.0
2026-10-05T08:00:00-05:00,MOLINO,241.889195
2026-10-05T08:00:00-05:00,MSF,11.75
2026-10-05T08:00:00-05:00,SOPLADORA,141.077362
2026-10-05T09:00:00-05:00,CELEC_SUR,677.690062
2026-10-05T09:00:00-05:00,MAZAR,0.0
2026-10-05T09:00:00-05:00,MOLINO,417.982151
2026-10-05T09:00:00-05:00,MSF,21.75
2026-10-05T09:00:00-05:00,SOPLADORA,237.957911
2026-10-05T10:00:00-05:00,CELEC_SUR,1025.76096
2026-10-05T10:00:00-05:00,MAZAR,59.736965
2026-10-05T10:00:00-05:00,MOLINO,591.363809
2026-10-05T10:00:00-05:00,MSF,34.5
2026-10-05T10:00:00-05:00,SOPLADORA,340.160186
2026-10-05T11:00:00-05:00,CELEC_SUR,1274.324177
2026-10-05T11:00:00-05:00,MAZAR,74.919779
2026-10-05T11:00:00-05:00,MOLINO,713.839546
2026-10-05T11:00:00-05:00,MSF,74.75
2026-10-05T11:00:00-05:00,SOPLADORA,410.814852
2026-10-05T12:00:00-05:00,CELEC_SUR,1447.601588
2026-10-05T12:00:00-05:00,MAZAR,74.925717
2026-10-05T12:00:00-05:00,MOLINO,824.786449
2026-10-05T12:00:00-05:00,MSF,72.0
2026-10-05T12:00:00-05:00,SOPLADORA,475.889422
2026-10-05T13:00:00-05:00,CELEC_SUR,1496.062252
2026-10-05T13:00:00-05:00,MAZAR,74.922302
2026-10-05T13:00:00-05:00,MOLINO,862.223626
2026-10-05T13:00:00-05:00,MSF,73.75
2026-10-05T13:00:00-05:00,SOPLADORA,485.166324
2026-10-05T14:00:00-05:00,CELEC_SUR,1417.736059
2026-10-05T14:00:00-05:00,MAZAR,74.88043
2026-10-05T14:00:00-05:00,MOLINO,818.998685
2026-10-05T14:00:00-05:00,MSF,52.25
2026-10-05T14:00:00-05:00,SOPLADORA,471.606944
2026-10-05T15:00:00-05:00,CELEC_SUR,1455.320139
2026-10-05T15:00:00-05:00,MAZAR,74.888636
2026-10-05T15:00:00-05:00,MOLINO,826.23234
2026-10-05T15:00:00-05:00,MSF,79.0
2026-10-05T15:00:00-05:00,SOPLADORA,475.199163
2026-10-05T16:00:00-05:00,CELEC_SUR,1549.470539
2026-10-05T16:00:00-05:00,MAZAR,74.879974
2026-10-05T16:00:00-05:00,MOLINO,890.964643
2026-10-05T16:00:00-05:00,MSF,96.5
2026-10-05T16:00:00-05:00,SOPLADORA,487.125922
2026-10-05T17:00:00-05:00,CELEC_SUR,1642.549845
2026-10-05T17:00:00-05:00,MAZAR,74.862753
2026-10-05T17:00:00-05:00,MOLINO,956.385269
2026-10-05T17:00:00-05:00,MSF,123.75
2026-10-05T17:00:00-05:00,SOPLADORA,487.551823
2026-10-05T18:00:00-05:00,CELEC_SUR,1629.70842
2026-10-05T18:00:00-05:00,MAZAR,74.85759
2026-10-05T18:00:00-05:00,MOLINO,956.390591
2026-10-05T18:00:00-05:00,MSF,111.0
2026-10-05T18:00:00-05:00,SOPLADORA,487.460239
2026-10-05T19:00:00-05:00,CELEC_SUR,1610.418004
2026-10-05T19:00:00-05:00,MAZAR,74.843792
2026-10-05T19:00:00-05:00,MOLINO,954.878633
2026-10-05T19:00:00-05:00,MSF,93.3
2026-10-05T19:00:00-05:00,SOPLADORA,487.395579
2026-10-05T20:00:00-05:00,CELEC_SUR,1563.836528
2026-10-05T20:00:00-05:00,MAZAR,74.865679
2026-10-05T20:00:00-05:00,MOLINO,859.64714
2026-10-05T20:00:00-05:00,MSF,147.1
2026-10-05T20:00:00-05:00,SOPLADORA,482.223709
2026-10-05T21:00:00-05:00,CELEC_SUR,1502.629353
2026-10-05T21:00:00-05:00,MAZAR,74.883315
2026-10-05T21:00:00-05:00,MOLINO,810.251556
2026-10-05T21:00:00-05:00,MSF,150.7
2026-10-05T21:00:00-05:00,SOPLADORA,466.794482
2026-10-05T22:00:00-05:00,CELEC_SUR,1497.257849
2026-10-05T22:00:00-05:00,MAZAR,74.98633
2026-10-05T22:00:00-05:00,MOLINO,806.588827
2026-10-05T22:00:00-05:00,MSF,151.0
2026-10-05T22:00:00-05:00,SOPLADORA,464.682692
2026-10-05T23:00:00-05:00,CELEC_SUR,1484.905985
2026-10-05T23:00:00-05:00,MAZAR,75.003245
2026-10-05T23:00:00-05:00,MOLINO,807.099332
2026-10-05T23:00:00-05:00,MSF,138.0
2026-10-05T23:00:00-05:00,SOPLADORA,464.803408
2026-10-06T00:00:00-05:00,CELEC_SUR,1395.300785
2026-10-06T00:00:00-05:00,MAZAR,73.872435
2026-10-06T00:00:00-05:00,MOLINO,812.865252
2026-10-06T00:00:00-05:00,MSF,35.2
2026-10-06T00:00:00-05:00,SOPLADORA,473.363098
2026-10-06T01:00:00-05:00,CELEC_SUR,1321.935136
2026-10-06T01:00:00-05:00,MAZAR,65.558844
2026-10-06T01:00:00-05:00,MOLINO,788.108656
2026-10-06T01:00:00-05:00,MSF,15.7
2026-10-06T01:00:00-05:00,SOPLADORA,452.567636
2026-10-06T02:00:00-05:00,CELEC_SUR,1166.51668
2026-10-06T02:00:00-05:00,MAZAR,65.564707
2026-10-06T02:00:00-05:00,MOLINO,694.643344
2026-10-06T02:00:00-05:00,MSF,0.0
2026-10-06T02:00:00-05:00,SOPLADORA,406.308629
2026-10-06T03:00:00-05:00,CELEC_SUR,995.411471
2026-10-06T03:00:00-05:00,MAZAR,62.445678
2026-10-06T03:00:00-05:00,MOLINO,592.873005
2026-10-06T03:00:00-05:00,MSF,0.0
2026-10-06T03:00:00-05:00,SOPLADORA,340.092788
2026-10-06T04:00:00-05:00,CELEC_SUR,896.015696
2026-10-06T04:00:00-05:00,MAZAR,0.073031
2026-10-06T04:00:00-05:00,MOLINO,569.140948
2026-10-06T04:00:00-05:00,MSF,0.0
2026-10-06T04:00:00-05:00,SOPLADORA,326.801717
2026-10-06T05:00:00-05:00,CELEC_SUR,833.220167
2026-10-06T05:00:00-05:00,MAZAR,0.0
2026-10-06T05:00:00-05:00,MOLINO,533.307817
2026-10-06T05:00:00-05:00,MSF,0.0
2026-10-06T05:00:00-05:00,SOPLADORA,299.91235
2026-10-06T06:00:00-05:00,CELEC_SUR,882.959775
2026-10-06T06:00:00-05:00,MAZAR,0.0
2026-10-06T06:00:00-05:00,MOLINO,535.427893
2026-10-06T06:00:00-05:00,MSF,28.0
2026-10-06T06:00:00-05:00,SOPLADORA,319.531882
2026-10-06T07:00:00-05:00,CELEC_SUR,807.328018
2026-10-06T07:00:00-05:00,MAZAR,0.0
2026-10-06T07:00:00-05:00,MOLINO,502.756409
2026-10-06T07:00:00-05:00,MSF,11.02
2026-10-06T07:00:00-05:00,SOPLADORA,293.551609
2026-10-06T08:00:00-05:00,CELEC_SUR,788.025831
2026-10-06T08:00:00-05:00,MAZAR,0.012921
2026-10-06T08:00:00-05:00,MOLINO,493.077457
2026-10-06T08:00:00-05:00,MSF,11.02
2026-10-06T08:00:00-05:00,SOPLADORA,283.915453
2026-10-06T09:00:00-05:00,CELEC_SUR,1052.405633
2026-10-06T09:00:00-05:00,MAZAR,118.294608
2026-10-06T09:00:00-05:00,MOLINO,582.215719
2026-10-06T09:00:00-05:00,MSF,11.02
2026-10-06T09:00:00-05:00,SOPLADORA,340.875306
2026-10-06T10:00:00-05:00,CELEC_SUR,1265.76766
2026-10-06T10:00:00-05:00,MAZAR,129.881237
2026-10-06T10:00:00-05:00,MOLINO,717.656252
2026-10-06T10:00:00-05:00,MSF,11.02
2026-10-06T10:00:00-05:00,SOPLADORA,407.210171
2026-10-06T11:00:00-05:00,CELEC_SUR,1486.071631
2026-10-06T11:00:00-05:00,MAZAR,129.865478
2026-10-06T11:00:00-05:00,MOLINO,856.141125
2026-10-06T11:00:00-05:00,MSF,18.7
2026-10-06T11:00:00-05:00,SOPLADORA,481.365028
2026-10-06T12:00:00-05:00,CELEC_SUR,1591.699376
2026-10-06T12:00:00-05:00,MAZAR,129.786684
2026-10-06T12:00:00-05:00,MOLINO,902.140264
2026-10-06T12:00:00-05:00,MSF,72.5
2026-10-06T12:00:00-05:00,SOPLADORA,487.272428
2026-10-06T13:00:00-05:00,CELEC_SUR,1618.394177
2026-10-06T13:00:00-05:00,MAZAR,129.768096
2026-10-06T13:00:00-05:00,MOLINO,920.933786
2026-10-06T13:00:00-05:00,MSF,80.0
2026-10-06T13:00:00-05:00,SOPLADORA,487.692295
2026-10-06T14:00:00-05:00,CELEC_SUR,1724.372269
2026-10-06T14:00:00-05:00,MAZAR,129.710431
2026-10-06T14:00:00-05:00,MOLINO,987.73615
2026-10-06T14:00:00-05:00,MSF,119.0
2026-10-06T14:00:00-05:00,SOPLADORA,487.925688
2026-10-06T15:00:00-05:00,CELEC_SUR,1769.330133
2026-10-06T15:00:00-05:00,MAZAR,129.686172
2026-10-06T15:00:00-05:00,MOLINO,1007.62336
2026-10-06T15:00:00-05:00,MSF,144.0
2026-10-06T15:00:00-05:00,SOPLADORA,488.020601
2026-10-06T16:00:00-05:00,CELEC_SUR,1805.79898
2026-10-06T16:00:00-05:00,MAZAR,129.697016
2026-10-06T16:00:00-05:00,MOLINO,1007.050838
2026-10-06T16:00:00-05:00,MSF,181.1
2026-10-06T16:00:00-05:00,SOPLADORA,487.951126
2026-10-06T17:00:00-05:00,CELEC_SUR,1866.397262
2026-10-06T17:00:00-05:00,MAZAR,129.712278
2026-10-06T17:00:00-05:00,MOLINO,1007.509733
2026-10-06T17:00:00-05:00,MSF,242.2
2026-10-06T17:00:00-05:00,SOPLADORA,486.975251
2026-10-06T18:00:00-05:00,CELEC_SUR,1894.926794
2026-10-06T18:00:00-05:00,MAZAR,129.729959
2026-10-06T18:00:00-05:00,MOLINO,1007.740873
2026-10-06T18:00:00-05:00,MSF,270.5
2026-10-06T18:00:00-05:00,SOPLADORA,486.955962
2026-10-06T19:00:00-05:00,CELEC_SUR,1890.545032
2026-10-06T19:00:00-05:00,MAZAR,129.71302
2026-10-06T19:00:00-05:00,MOLINO,1007.432317
2026-10-06T19:00:00-05:00,MSF,266.5
2026-10-06T19:00:00-05:00,SOPLADORA,486.899695
2026-10-06T20:00:00-05:00,CELEC_SUR,1800.048794
2026-10-06T20:00:00-05:00,MAZAR,129.717646
2026-10-06T20:00:00-05:00,MOLINO,1007.617961
2026-10-06T20:00:00-05:00,MSF,175.8
2026-10-06T20:00:00-05:00,SOPLADORA,486.913187
2026-10-06T21:00:00-05:00,CELEC_SUR,1774.770313
2026-10-06T21:00:00-05:00,MAZAR,129.676038
2026-10-06T21:00:00-05:00,MOLINO,1007.897869
2026-10-06T21:00:00-05:00,MSF,150.3
2026-10-06T21:00:00-05:00,SOPLADORA,486.896406
2026-10-06T22:00:00-05:00,CELEC_SUR,1661.72314
2026-10-06T22:00:00-05:00,MAZAR,129.67443
2026-10-06T22:00:00-05:00,MOLINO,1008.2822
2026-10-06T22:00:00-05:00,MSF,36.9
2026-10-06T22:00:00-05:00,SOPLADORA,486.86651
2026-10-06T23:00:00-05:00,CELEC_SUR,1625.975664
2026-10-06T23:00:00-05:00,MAZAR,129.643262
2026-10-06T23:00:00-05:00,MOLINO,998.337644
2026-10-06T23:00:00-05:00,MSF,11.19
2026-10-06T23:00:00-05:00,SOPLADORA,486.804758
2026-10-07T00:00:00-05:00,CELEC_SUR,1489.772136
2026-10-07T00:00:00-05:00,MAZAR,129.67812
2026-10-07T00:00:00-05:00,MOLINO,864.100894
2026-10-07T00:00:00-05:00,MSF,10.2
2026-10-07T00:00:00-05:00,SOPLADORA,485.793122
2026-10-07T01:00:00-05:00,CELEC_SUR,1375.471502
2026-10-07T01:00:00-05:00,MAZAR,129.706556
2026-10-07T01:00:00-05:00,MOLINO,785.828414
2026-10-07T01:00:00-05:00,MSF,0.9
2026-10-07T01:00:00-05:00,SOPLADORA,459.036532
2026-10-07T02:00:00-05:00,CELEC_SUR,1133.049307
2026-10-07T02:00:00-05:00,MAZAR,134.08794
2026-10-07T02:00:00-05:00,MOLINO,626.510832
2026-10-07T02:00:00-05:00,MSF,0.0
2026-10-07T02:00:00-05:00,SOPLADORA,372.450535
2026-10-07T03:00:00-05:00,CELEC_SUR,948.977796
2026-10-07T03:00:00-05:00,MAZAR,70.66424
2026-10-07T03:00:00-05:00,MOLINO,563.329634
2026-10-07T03:00:00-05:00,MSF,0.0
2026-10-07T03:00:00-05:00,SOPLADORA,314.983922
2026-10-07T04:00:00-05:00,CELEC_SUR,828.677003
2026-10-07T04:00:00-05:00,MAZAR,65.485223
2026-10-07T04:00:00-05:00,MOLINO,473.696879
2026-10-07T04:00:00-05:00,MSF,0.0
2026-10-07T04:00:00-05:00,SOPLADORA,289.494901
2026-10-07T05:00:00-05:00,CELEC_SUR,757.691684
2026-10-07T05:00:00-05:00,MAZAR,65.464102
2026-10-07T05:00:00-05:00,MOLINO,434.757906
2026-10-07T05:00:00-05:00,MSF,0.0
2026-10-07T05:00:00-05:00,SOPLADORA,257.469676
2026-10-07T06:00:00-05:00,CELEC_SUR,865.309452
2026-10-07T06:00:00-05:00,MAZAR,65.419058
2026-10-07T06:00:00-05:00,MOLINO,510.218592
2026-10-07T06:00:00-05:00,MSF,10.0
2026-10-07T06:00:00-05:00,SOPLADORA,279.671802
2026-10-07T07:00:00-05:00,CELEC_SUR,892.911559
2026-10-07T07:00:00-05:00,MAZAR,65.441852
2026-10-07T07:00:00-05:00,MOLINO,509.304017
2026-10-07T07:00:00-05:00,MSF,11.1
2026-10-07T07:00:00-05:00,SOPLADORA,307.06569
2026-10-07T08:00:00-05:00,CELEC_SUR,960.883714
2026-10-07T08:00:00-05:00,MAZAR,65.449189
2026-10-07T08:00:00-05:00,MOLINO,564.919671
2026-10-07T08:00:00-05:00,MSF,11.0
2026-10-07T08:00:00-05:00,SOPLADORA,319.514854
2026-10-07T09:00:00-05:00,CELEC_SUR,1145.370314
2026-10-07T09:00:00-05:00,MAZAR,65.453796
2026-10-07T09:00:00-05:00,MOLINO,678.540749
2026-10-07T09:00:00-05:00,MSF,11.0
2026-10-07T09:00:00-05:00,SOPLADORA,390.375769
2026-10-07T10:00:00-05:00,CELEC_SUR,1388.757141
2026-10-07T10:00:00-05:00,MAZAR,130.314906
2026-10-07T10:00:00-05:00,MOLINO,792.070229
2026-10-07T10:00:00-05:00,MSF,11.0
2026-10-07T10:00:00-05:00,SOPLADORA,455.372006
2026-10-07T11:00:00-05:00,CELEC_SUR,1570.372919
2026-10-07T11:00:00-05:00,MAZAR,145.917547
2026-10-07T11:00:00-05:00,MOLINO,913.169965
2026-10-07T11:00:00-05:00,MSF,24.0
2026-10-07T11:00:00-05:00,SOPLADORA,487.285407
2026-10-07T12:00:00-05:00,CELEC_SUR,1701.332453
2026-10-07T12:00:00-05:00,MAZAR,145.926546
2026-10-07T12:00:00-05:00,MOLINO,992.889693
2026-10-07T12:00:00-05:00,MSF,74.5
2026-10-07T12:00:00-05:00,SOPLADORA,488.016214
2026-10-07T13:00:00-05:00,CELEC_SUR,1728.489213
2026-10-07T13:00:00-05:00,MAZAR,145.898155
2026-10-07T13:00:00-05:00,MOLINO,993.119589
2026-10-07T13:00:00-05:00,MSF,101.5
2026-10-07T13:00:00-05:00,SOPLADORA,487.971469
2026-10-07T14:00:00-05:00,CELEC_SUR,1771.576352
2026-10-07T14:00:00-05:00,MAZAR,145.863826
2026-10-07T14:00:00-05:00,MOLINO,998.189877
2026-10-07T14:00:00-05:00,MSF,139.5
2026-10-07T14:00:00-05:00,SOPLADORA,488.022649
2026-10-07T15:00:00-05:00,CELEC_SUR,1816.164446
2026-10-07T15:00:00-05:00,MAZAR,145.918133
2026-10-07T15:00:00-05:00,MOLINO,1002.582015
2026-10-07T15:00:00-05:00,MSF,180.0
2026-10-07T15:00:00-05:00,SOPLADORA,487.664298
2026-10-07T16:00:00-05:00,CELEC_SUR,1875.108847
2026-10-07T16:00:00-05:00,MAZAR,145.853702
2026-10-07T16:00:00-05:00,MOLINO,1002.264423
2026-10-07T16:00:00-05:00,MSF,240.3
2026-10-07T16:00:00-05:00,SOPLADORA,486.690722
2026-10-07T17:00:00-05:00,CELEC_SUR,1886.25394
2026-10-07T17:00:00-05:00,MAZAR,145.922949
2026-10-07T17:00:00-05:00,MOLINO,1002.500888
2026-10-07T17:00:00-05:00,MSF,251.11
2026-10-07T17:00:00-05:00,SOPLADORA,486.720103
2026-10-07T18:00:00-05:00,CELEC_SUR,1874.802914
2026-10-07T18:00:00-05:00,MAZAR,145.865951
2026-10-07T18:00:00-05:00,MOLINO,1003.205428
2026-10-07T18:00:00-05:00,MSF,239.0
2026-10-07T18:00:00-05:00,SOPLADORA,486.731535
2026-10-07T19:00:00-05:00,CELEC_SUR,1803.412005
2026-10-07T19:00:00-05:00,MAZAR,145.983793
2026-10-07T19:00:00-05:00,MOLINO,1002.594385
2026-10-07T19:00:00-05:00,MSF,168.1
2026-10-07T19:00:00-05:00,SOPLADORA,486.733827
2026-10-07T20:00:00-05:00,CELEC_SUR,1665.961157
2026-10-07T20:00:00-05:00,MAZAR,145.940473
2026-10-07T20:00:00-05:00,MOLINO,965.660969
2026-10-07T20:00:00-05:00,MSF,66.6
2026-10-07T20:00:00-05:00,SOPLADORA,487.759715
2026-10-07T21:00:00-05:00,CELEC_SUR,1536.404815
2026-10-07T21:00:00-05:00,MAZAR,145.991515
2026-10-07T21:00:00-05:00,MOLINO,863.229206
2026-10-07T21:00:00-05:00,MSF,40.3
2026-10-07T21:00:00-05:00,SOPLADORA,486.884094
2026-10-07T22:00:00-05:00,CELEC_SUR,1400.547465
2026-10-07T22:00:00-05:00,MAZAR,145.965304
2026-10-07T22:00:00-05:00,MOLINO,780.663356
2026-10-07T22:00:00-05:00,MSF,19.1
2026-10-07T22:00:00-05:00,SOPLADORA,454.818805
2026-10-07T23:00:00-05:00,CELEC_SUR,1247.504635
2026-10-07T23:00:00-05:00,MAZAR,145.976715
2026-10-07T23:00:00-05:00,MOLINO,680.569139
2026-10-07T23:00:00-05:00,MSF,23.1
2026-10-07T23:00:00-05:00,SOPLADORA,397.858781
2026-10-08T00:00:00-05:00,CELEC_SUR,1530.63022
2026-10-08T00:00:00-05:00,MAZAR,145.935322
2026-10-08T00:00:00-05:00,MOLINO,825.081177
2026-10-08T00:00:00-05:00,MSF,81.8
2026-10-08T00:00:00-05:00,SOPLADORA,477.813721
2026-10-08T01:00:00-05:00,CELEC_SUR,1595.04679
2026-10-08T01:00:00-05:00,MAZAR,146.023114
2026-10-08T01:00:00-05:00,MOLINO,865.595254
2026-10-08T01:00:00-05:00,MSF,103.5
2026-10-08T01:00:00-05:00,SOPLADORA,479.928422
2026-10-08T02:00:00-05:00,CELEC_SUR,1647.570374
2026-10-08T02:00:00-05:00,MAZAR,146.032728
2026-10-08T02:00:00-05:00,MOLINO,909.395579
2026-10-08T02:00:00-05:00,MSF,105.5
2026-10-08T02:00:00-05:00,SOPLADORA,486.642067
2026-10-08T03:00:00-05:00,CELEC_SUR,1632.240246
2026-10-08T03:00:00-05:00,MAZAR,145.958001
2026-10-08T03:00:00-05:00,MOLINO,903.774438
2026-10-08T03:00:00-05:00,MSF,96.1
2026-10-08T03:00:00-05:00,SOPLADORA,486.407807
