fecha,cota_mazar,afluente_m3s,q7_m3s,exp30_m3s,apagon_ese_dia,etiqueta_apagon_0_30d,usado_en_ajuste,prob_modelo
2022-01-01,2152.1091666666666,49.9208759575,,55.55,False,0,False,
2022-01-02,2151.945833333333,45.735137555,,55.55,False,0,False,
2022-01-03,2151.4166666666665,44.95858448958333,,55.54,False,0,False,
2022-01-04,2150.59375,36.43058646541667,,55.38,False,0,False,
2022-01-05,2149.6754166666665,33.3157943125,42.07,55.23,False,0,True,0.0014
2022-01-06,2148.75,33.04560841041667,40.57,54.63,False,0,True,0.002
2022-01-07,2147.86125,27.1222823,38.65,54.32,False,0,True,0.0027
2022-01-08,2146.9979166666667,23.71149263708333,34.9,54.32,False,0,True,0.0041
2022-01-09,2145.9875,21.915521157083333,31.5,54.32,False,0,True,0.0066
2022-01-10,2144.838333333333,21.66956513208333,28.17,54.32,False,0,True,0.0109
2022-01-11,2144.079166666667,26.965943943333333,26.82,54.32,False,0,True,0.0144
2022-01-12,2143.34,26.811010115416668,25.89,55.23,False,0,True,0.0177
2022-01-13,2142.9192907708334,21.31326431375,24.22,55.23,False,0,True,0.0224
2022-01-14,2141.9408333333336,44.86787692208333,26.75,55.23,False,0,True,0.0225
2022-01-15,2141.15,35.279198379166665,28.4,54.32,False,0,True,0.0246
2022-01-16,2141.0108333333333,42.58906290833333,31.36,54.32,False,0,True,0.0205
2022-01-17,2140.6866666666665,32.08668111875,32.84,52.61,False,0,True,0.0216
2022-01-18,2140.1725,24.310111975416667,32.47,52.36,False,0,True,0.0251
2022-01-19,2139.589166666666,26.924250864166662,32.48,52.36,False,0,True,0.0286
2022-01-20,2139.26125,36.4518772675,34.64,52.36,False,0,True,0.0268
2022-01-21,2138.9654166666664,36.67871496041667,33.47,49.8,False,0,True,0.0348
2022-01-22,2138.7166666666667,38.25252875708333,33.9,48.74,False,0,True,0.0378
2022-01-23,2138.415,33.75416171416666,32.64,48.25,False,0,True,0.0448
2022-01-24,2137.798333333333,25.104389637083333,31.64,48.25,False,0,True,0.0548
2022-01-25,2137.4170833333333,27.41092900375,32.08,48.74,False,0,True,0.0564
2022-01-26,2137.4979166666667,44.86702826416666,34.65,49.26,False,0,True,0.046
2022-01-27,2137.2770182291665,41.51724207583333,35.37,49.31,False,0,True,0.0461
2022-01-28,2137.2925,39.18899240666666,35.73,49.8,False,0,True,0.0439
2022-01-29,2137.237083333333,50.827371480833335,37.52,50.93,False,0,True,0.0379
2022-01-30,2137.1142513,34.617166242083336,37.65,52.01,False,0,True,0.0368
2022-01-31,2136.73,29.108680924782607,38.22,52.08,False,0,True,0.0387
2022-02-01,2136.4220833333334,31.373083319166668,38.79,52.38,False,0,True,0.0395
2022-02-02,2136.079583333333,28.062371859583333,36.38,53.63,False,0,True,0.0462
2022-02-03,2135.7125,22.33935723708333,33.65,55.22,False,0,True,0.055
2022-02-04,2135.0475,25.47528086375,31.69,58.4,False,0,True,0.0631
2022-02-05,2134.393333333333,28.299170625833334,28.47,60.71,False,0,True,0.0826
2022-02-06,2134.25313965,36.21446089625,28.7,62.01,False,0,True,0.0797
2022-02-07,2134.079166666667,29.47253586375,28.75,62.73,False,0,True,0.0802
2022-02-08,2133.735,31.613100185416663,28.78,62.95,False,0,True,0.0853
2022-02-09,2133.358333333333,35.67735060208334,29.87,63.01,False,0,True,0.0855
2022-02-10,2132.6608333333334,26.20527502375,30.42,63.25,False,0,True,0.0945
2022-02-11,2131.784166666667,32.42051863458333,31.41,63.47,False,0,True,0.1055
2022-02-12,2131.550833333333,62.41860552375,36.29,64.37,False,0,True,0.0802
2022-02-13,2132.0645833333333,70.30723557125,41.16,64.59,False,0,True,0.0549
2022-02-14,2131.929583333333,51.04443144333333,44.24,64.81,False,0,True,0.0482
2022-02-15,2131.5979166666666,50.76332345666667,46.98,66.3,False,0,True,0.0432
2022-02-16,2130.9879166666665,35.33146915,46.93,69.37,False,0,True,0.0444
2022-02-17,2130.2341666666666,30.02857091,47.47,69.84,False,0,True,0.0503
2022-02-18,2129.5733333333333,33.31937540875,47.6,69.84,False,0,True,0.0578
2022-02-19,2129.033087566667,29.52889987583333,42.9,69.84,False,0,True,0.0804
2022-02-20,2128.32,26.456383317083333,36.64,69.84,False,0,True,0.1276
2022-02-21,2127.385,23.0088749225,32.63,69.84,False,0,True,0.1899
2022-02-22,2126.76375,18.488037725833333,28.02,69.84,False,0,True,0.275
2022-02-23,2125.866666666667,21.7166765825,26.08,69.84,False,0,True,0.3535
2022-02-24,2125.61125,40.99296988375,27.64,68.04,False,0,True,0.3524
2022-02-25,2125.68375,51.21579221458333,30.2,66.3,False,0,True,0.3195
2022-02-26,2126.14625,65.55152825458333,35.35,66.09,False,0,True,0.2308
2022-02-27,2126.8475126125,78.9483851775,42.85,65.43,False,0,True,0.146
2022-02-28,2127.169565217391,72.19472158695652,49.87,65.15,False,0,True,0.1028
2022-03-01,2127.5304166666665,104.53001097166668,62.16,65.04,False,0,True,0.061
2022-03-02,2129.2225,168.32547973708333,83.11,64.89,False,0,True,0.0227
2022-03-03,2131.4508333333333,149.4033865575,98.6,64.75,False,0,True,0.0095
2022-03-04,2132.4475,120.18991136708334,108.45,64.74,False,0,True,0.0061
2022-03-05,2133.1295833333334,107.3290275075,114.42,64.7,False,0,True,0.0047
2022-03-06,2133.935833333333,120.98375897375,120.42,64.74,False,0,True,0.0035
2022-03-07,2134.653638508333,97.55069084958332,124.04,64.75,False,0,True,0.0027
2022-03-08,2134.3637015791664,75.22242254541666,119.86,64.75,False,0,True,0.0032
2022-03-09,2133.8428682458334,51.170409715,103.12,64.7,False,0,True,0.005
2022-03-10,2132.812083333333,39.854465949583336,87.47,64.44,False,0,True,0.0092
2022-03-11,2131.5719166666668,33.910375045833334,75.15,64.44,False,0,True,0.0169
2022-03-12,2130.522916666667,35.216898195,64.84,64.44,False,0,True,0.0295
2022-03-13,2129.812083333333,39.11875954458333,53.15,64.44,False,0,True,0.0527
2022-03-14,2129.962916666667,102.65124594916666,53.88,64.44,False,0,True,0.0496
2022-03-15,2130.2891666666665,63.6025504475,52.22,64.44,False,0,True,0.0493
2022-03-16,2129.36125,44.63239324833334,51.28,65.44,False,0,True,0.0604
2022-03-17,2129.6375,167.77084230833333,69.56,65.81,False,0,True,0.0294
2022-03-18,2130.0775,101.86500166708332,79.27,66.1,False,0,True,0.0198
2022-03-19,2129.5129166666666,76.15235846416667,85.11,67.0,False,0,True,0.0187
2022-03-20,2130.04,96.48522652916668,93.31,68.02,False,0,True,0.013
2022-03-21,2131.1011381041667,100.53496680541669,93.01,69.95,False,0,True,0.0096
2022-03-22,2131.36625,76.31896565541666,94.82,71.44,False,0,True,0.0082
2022-03-23,2131.0604166666667,61.37075723,97.21,73.91,False,0,True,0.0077
2022-03-24,2130.2791666666667,53.8530961025,80.94,76.35,False,0,True,0.0127
2022-03-25,2130.1833333333334,76.21731700625,77.28,77.12,False,0,True,0.014
2022-03-26,2129.3879166666666,48.4310585325,73.32,78.7,False,0,True,0.0179
2022-03-27,2129.6358333333333,100.88620474583334,73.94,81.3,False,0,True,0.0153
2022-03-28,2130.34625,100.09170124208332,73.88,85.29,False,0,True,0.0116
2022-03-29,2130.012083333333,89.1237538425,75.71,89.37,False,0,True,0.0105
2022-03-30,2130.03875,121.56451385,84.31,93.28,False,0,True,0.0074
2022-03-31,2129.812608695652,95.11014743086956,90.2,95.84,False,0,True,0.0063
2022-04-01,2130.72875,131.95766814041667,98.17,95.84,False,0,True,0.0042
2022-04-02,2131.3779634583334,124.97088722208332,109.1,95.84,False,0,True,0.0029
2022-04-03,2131.1160416666667,79.86890934416667,106.1,95.84,False,0,True,0.0033
2022-04-04,2130.9720833333336,63.06612326375,100.81,95.84,False,0,True,0.0038
2022-04-05,2130.89,54.01871729916667,95.79,95.84,False,0,True,0.0043
2022-04-06,2130.749583333333,56.8372060025,86.55,95.84,False,0,True,0.0056
2022-04-07,2130.790833333333,64.54324621916666,82.18,96.7,False,0,True,0.006
2022-04-08,2129.2845833333336,57.27502553666667,71.51,96.76,False,0,True,0.0116
2022-04-09,2129.38125,228.55557951416668,86.31,96.92,False,0,True,0.0074
2022-04-10,2132.56375,132.61262219916668,93.84,96.7,False,0,True,0.003
2022-04-11,2133.0558463541665,63.7672857175,93.94,96.11,False,0,True,0.0027
2022-04-12,2132.9575,49.39055249208333,93.28,96.01,False,0,True,0.0028
2022-04-13,2131.4029166666664,56.01545728333333,93.17,96.01,False,0,True,0.0041
2022-04-14,2130.1520833333334,65.74473513958333,93.34,96.01,False,0,True,0.0054
2022-04-15,2130.7570833333334,91.66225699208331,98.25,96.01,False,0,True,0.0042
2022-04-16,2131.26875,71.8666892975,75.87,96.7,False,0,True,0.0065
2022-04-17,2131.2604166666665,54.18477138833333,64.66,97.1,False,0,True,0.0091
2022-04-18,2131.370884604167,79.57760225416666,66.92,97.23,False,0,True,0.0082
2022-04-19,2132.9154166666667,215.65467928041667,90.67,97.44,False,0,True,0.0029
2022-04-20,2134.9366914875,189.03136449916667,109.67,97.44,False,0,True,0.0012
2022-04-21,2139.400869954167,399.2721676841667,157.32,100.92,False,0,True,0.0002
2022-04-22,2142.31125,179.40800161291668,169.86,104.58,False,0,True,0.0001
2022-04-23,2143.94375,129.33767712083332,178.07,106.44,False,0,True,0.0
2022-04-24,2145.36375,127.28019181333332,188.51,107.47,False,0,True,0.0
2022-04-25,2145.95625,92.71355277833334,190.39,107.47,False,0,True,0.0
2022-04-26,2145.610416666667,69.34303566375,169.48,107.47,False,0,True,0.0
2022-04-27,2145.452083333333,60.12889522333333,151.07,106.85,False,0,True,0.0
2022-04-28,2145.17625,66.95864442958333,103.6,106.62,False,0,True,0.0001
2022-04-29,2145.83625,139.18181777791668,97.85,106.44,False,0,True,0.0001
2022-04-30,2146.7203494391306,200.18468607913044,107.97,106.31,False,0,True,0.0001
2022-05-01,2148.153333333333,138.46757702208333,109.57,105.93,False,0,True,0.0
2022-05-02,2148.9229182958334,74.63282011541666,106.99,105.78,False,0,True,0.0
2022-05-03,2148.602083333333,57.75228851791667,105.33,105.74,False,0,True,0.0
2022-05-04,2148.3766666666666,65.086138735,106.04,105.6,False,0,True,0.0
2022-05-05,2148.45625,87.79575227541666,109.01,104.01,False,0,True,0.0
2022-05-06,2149.0029215541667,105.00247149625,104.13,102.08,False,0,True,0.0
2022-05-07,2149.6470833333333,89.38142257666667,88.3,101.42,False,0,True,0.0001
2022-05-08,2150.2941666666666,83.0754315275,80.39,100.66,False,0,True,0.0001
2022-05-09,2150.6629166666667,62.94983213708333,78.72,99.47,False,0,True,0.0001
2022-05-10,2150.636882325,85.34919307041666,82.66,98.88,False,0,True,0.0001
2022-05-11,2151.085,103.61867005375,88.17,98.88,False,0,True,0.0
2022-05-12,2151.2425,89.42284616541667,88.4,98.88,False,0,True,0.0
2022-05-13,2151.9308333333333,126.46701090416668,91.47,98.88,False,0,True,0.0
2022-05-14,2152.5754166666666,122.44593113416668,96.19,98.88,False,0,True,0.0
2022-05-15,2153.4066666666668,161.37914375083332,107.38,98.78,False,0,True,0.0
2022-05-16,2153.6808333333333,139.90702971708333,118.37,98.71,False,0,True,0.0
2022-05-17,2153.7258333333334,208.70829586666667,135.99,98.37,False,0,True,0.0
2022-05-18,2154.3470833333336,337.68230308625,169.43,98.29,False,0,True,0.0
2022-05-19,2153.845,166.3375782175,180.42,97.82,False,0,True,0.0
2022-05-20,2153.4975,118.28128121291668,179.25,97.82,False,0,True,0.0
2022-05-21,2153.3316666666665,86.43678732875,174.1,97.62,False,0,True,0.0
2022-05-22,2153.4454166666665,76.73925634125,162.01,97.62,False,0,True,0.0
2022-05-23,2153.5070833333334,80.57380817541667,153.54,97.7,False,0,True,0.0
2022-05-24,2153.5575,89.57559335125,136.52,97.82,False,0,True,0.0
2022-05-25,2153.599166666667,92.75410980041669,101.53,97.9,False,0,True,0.0
2022-05-26,2153.6879166666668,108.60221258166666,93.28,97.82,False,0,True,0.0
2022-05-27,2153.7145833333334,105.53652860375,91.46,97.82,False,0,True,0.0
2022-05-28,2153.6270833333333,94.92817947583332,92.67,97.9,False,0,True,0.0
2022-05-29,2153.6167179333333,84.62673498458334,93.8,97.98,False,0,True,0.0
2022-05-30,2153.47125,61.19464773291666,91.03,97.98,False,0,True,0.0
2022-05-31,2153.3960869565217,57.96970395652174,86.52,98.04,False,0,True,0.0
2022-06-01,2153.2941666666666,49.067184402083335,80.28,98.2,False,0,True,0.0
2022-06-02,2153.0045833333334,48.375086170416665,71.67,98.2,False,0,True,0.0
2022-06-03,2152.4491886375,53.592796327083335,64.25,98.29,False,0,True,0.0001
2022-06-04,2152.5425,78.14193073375,61.85,98.35,False,0,True,0.0001
2022-06-05,2152.79675,57.04213828,57.91,98.56,False,0,True,0.0001
2022-06-06,2152.760708333333,48.953305355,56.16,98.98,False,0,True,0.0001
2022-06-07,2152.6495416666667,45.9255523075,54.44,98.98,False,0,True,0.0001
2022-06-08,2152.6091666666666,82.878055655,59.27,98.98,False,0,True,0.0001
2022-06-09,2152.732916666667,76.61840686791666,63.31,98.95,False,0,True,0.0001
2022-06-10,2152.88625,72.91051398916666,66.07,98.95,False,0,True,0.0001
2022-06-11,2153.067916666667,86.07117201125,67.2,98.95,False,0,True,0.0001
2022-06-12,2153.22375,90.78355755125,72.02,98.95,False,0,True,0.0
2022-06-13,2153.4284627291668,73.09101074291667,75.47,98.95,False,0,True,0.0
2022-06-14,2153.28875,53.51424029416667,76.55,99.07,False,0,True,0.0
2022-06-15,2152.999583333333,42.66901915,70.81,100.77,False,0,True,0.0
2022-06-16,2152.4129166666667,41.374787955,65.77,104.64,False,0,True,0.0001
2022-06-17,2151.7266666666665,36.249730524166665,60.54,106.01,False,0,True,0.0001
2022-06-18,2151.0181666666667,37.26322973041667,53.56,106.83,False,0,True,0.0001
2022-06-19,2151.0990891125,47.70416484583333,47.41,106.85,False,0,True,0.0001
2022-06-20,2150.7233333333334,45.844871464583335,43.52,107.27,False,0,True,0.0002
2022-06-21,2150.185,41.34679388125,41.78,108.37,False,0,True,0.0002
2022-06-22,2149.721666666667,71.8683185725,45.95,108.56,False,0,True,0.0002
2022-06-23,2150.1529166666664,122.4105352925,57.53,110.44,False,0,True,0.0001
2022-06-24,2151.2604166666665,280.2270485641667,92.38,110.44,False,0,True,0.0
2022-06-25,2154.235,518.8261487229166,161.18,110.44,False,0,True,0.0
2022-06-26,2154.692916666667,326.23763862041665,200.97,110.44,False,0,True,0.0
2022-06-27,2153.989583333333,153.30258695333333,216.32,110.44,False,0,True,0.0
2022-06-28,2153.4504166666666,90.52298524458334,223.34,110.44,False,0,True,0.0
2022-06-29,2153.229246420833,71.53746880958333,223.29,110.44,False,0,True,0.0
2022-06-30,2153.398695652174,92.75978030043478,219.06,110.44,False,0,True,0.0
2022-07-01,2153.5329166666666,81.37345845083334,190.65,109.73,False,0,True,0.0
2022-07-02,2153.4722916666665,75.38320348625,127.3,105.48,False,0,True,0.0
2022-07-03,2154.47625,526.8969682491667,155.97,103.94,False,0,True,0.0
2022-07-04,2155.833333333333,933.151575125,267.38,103.69,False,0,True,0.0
2022-07-05,2155.1366666666668,591.8512965645833,338.99,103.22,False,0,True,0.0
2022-07-06,2154.822083333333,467.58891329625,395.57,103.04,False,0,True,0.0
2022-07-07,2154.451666666667,310.5114286341667,426.68,102.02,False,0,True,0.0
2022-07-08,2153.8158333333336,177.80512525916666,440.46,101.68,False,0,True,0.0
2022-07-09,2154.290596925,403.8621633125,487.38,101.2,False,0,True,0.0
2022-07-10,2154.290833333333,220.74139341625,443.64,101.2,False,0,True,0.0
2022-07-11,2153.773333333333,140.88184279125,330.46,99.47,False,0,True,0.0
2022-07-12,2153.4925,114.769382455,262.31,99.3,False,0,True,0.0
2022-07-13,2153.449583333333,129.2006062525,213.97,99.05,False,0,True,0.0
2022-07-14,2153.4204854333334,103.95937462708332,184.46,97.97,False,0,True,0.0
2022-07-15,2152.952083333333,74.5749590025,169.71,97.96,False,0,True,0.0
2022-07-16,2153.0762015791665,73.18139811708333,122.47,97.9,False,0,True,0.0
2022-07-17,2153.2883333333334,74.45509838875,101.57,97.78,False,0,True,0.0
2022-07-18,2153.327083333333,102.02457623125,96.02,97.35,False,0,True,0.0
2022-07-19,2153.5175,104.97068007666668,94.62,94.89,False,0,True,0.0
2022-07-20,2153.7075,122.09486812416668,93.61,89.14,False,0,True,0.0
2022-07-21,2153.613333333333,96.60003680375,92.56,84.38,False,0,True,0.0
2022-07-22,2153.59,89.24545545,94.65,83.21,False,0,True,0.0
2022-07-23,2153.5975,80.83156202666666,95.75,83.01,False,0,True,0.0
2022-07-24,2153.60875,84.02562390958333,97.11,82.92,False,0,True,0.0
2022-07-25,2153.625833333333,86.42714663833334,94.89,82.39,False,0,True,0.0
2022-07-26,2153.725190020833,151.80406199083333,101.58,82.07,False,0,True,0.0
2022-07-27,2154.0613981125,189.27529952583333,111.17,81.41,False,0,True,0.0
2022-07-28,2153.8233333333333,126.5314515475,115.45,81.01,False,0,True,0.0
2022-07-29,2153.6525505375,90.32667737708331,115.6,77.72,False,0,True,0.0
2022-07-30,2153.544375,72.26481121083333,114.38,72.95,False,0,True,0.0
2022-07-31,2153.5135003391306,66.79589373478261,111.92,70.87,False,0,True,0.0
2022-08-01,2153.3929166666667,59.49279890166667,108.07,69.84,False,0,True,0.0
2022-08-02,2153.41875,79.60270864458333,97.76,67.59,False,0,True,0.0001
2022-08-03,2153.4925,86.2984621475,83.04,66.13,False,0,True,0.0001
2022-08-04,2153.6216666666664,136.38620739833334,84.45,65.28,False,0,True,0.0001
2022-08-05,2153.779583333333,136.57350801,91.06,64.2,False,0,True,0.0001
2022-08-06,2153.80375,130.81139494541668,99.42,63.67,False,0,True,0.0001
2022-08-07,2153.7295833333333,95.96365362083333,103.59,63.59,False,0,True,0.0001
2022-08-08,2153.582083333333,71.810403395,105.35,63.12,False,0,True,0.0001
2022-08-09,2153.47625,79.23963776125,105.3,60.63,False,0,True,0.0001
2022-08-10,2153.83625,212.14856945041663,123.28,59.07,False,0,True,0.0
2022-08-11,2154.64625,433.6463425204167,165.74,58.25,False,0,True,0.0
2022-08-12,2153.9216666666666,163.10591249333334,169.53,57.56,False,0,True,0.0
2022-08-13,2153.25125,84.27960650708333,162.88,57.45,False,0,True,0.0
2022-08-14,2153.37125,78.49978919458333,160.39,57.44,False,0,True,0.0
2022-08-15,2153.405,69.453773085,160.05,57.26,False,0,True,0.0
2022-08-16,2153.2479166666667,57.533175524166666,156.95,54.99,False,0,True,0.0
2022-08-17,2153.0241666666666,52.959901950416665,134.21,54.83,False,0,True,0.0001
2022-08-18,2152.7625,48.89742803166666,79.25,54.66,False,0,True,0.0002
2022-08-19,2152.530833333333,46.458146086666666,62.58,54.18,False,0,True,0.0003
2022-08-20,2152.429583333333,122.87547483708332,68.1,52.73,False,0,True,0.0003
2022-08-21,2153.505,197.1854559975,85.05,52.73,False,0,True,0.0001
2022-08-22,2153.62875,105.83482796708331,90.25,52.73,False,0,True,0.0001
2022-08-23,2153.3029166666665,65.61655146541666,91.4,52.73,False,0,True,0.0001
2022-08-24,2153.0583333333334,52.33248074833333,91.31,52.54,False,0,True,0.0001
2022-08-25,2152.74875,45.116775564583335,90.77,52.41,False,0,True,0.0001
2022-08-26,2152.393333333333,40.914620292083335,89.98,51.84,False,0,True,0.0002
2022-08-27,2151.619166666667,41.11151369625,78.3,51.37,False,0,True,0.0003
2022-08-28,2150.83,37.45430993041666,55.48,51.07,False,0,True,0.0007
2022-08-29,2150.672767333333,116.15919461375,56.96,50.13,False,0,True,0.0007
2022-08-30,2152.45375,334.08939418791664,95.31,48.85,False,0,True,0.0002
2022-08-31,2153.9430434782607,195.7227591247826,115.8,47.97,False,0,True,0.0001
2022-09-01,2153.4666666666667,86.41096071125,121.69,46.86,False,0,True,0.0001
2022-09-02,2153.052568766667,59.60445258083333,124.36,43.98,False,0,True,0.0001
2022-09-03,2152.7720833333333,79.44351767708334,129.84,39.6,False,0,True,0.0001
2022-09-04,2153.16125,96.27713054958332,138.24,37.05,False,0,True,0.0001
2022-09-05,2153.3508333333334,119.45241585875,138.71,35.78,False,0,True,0.0001
2022-09-06,2153.36375,84.11569654791667,103.0,35.16,False,0,True,0.0003
2022-09-07,2153.205833333333,60.87395644916667,83.74,33.56,False,0,True,0.0005
2022-09-08,2152.917399904167,48.627764455833336,78.34,33.18,False,0,True,0.0006
2022-09-09,2152.3766666666666,44.86773286291667,76.24,32.8,False,0,True,0.0008
2022-09-10,2152.218333333333,56.172897168333336,72.91,32.52,False,0,True,0.0009
2022-09-11,2152.5020833333333,62.67526680541667,68.11,32.25,False,0,True,0.001
2022-09-12,2152.61375,45.86355622666667,57.6,32.05,False,0,True,0.0014
2022-09-13,2152.31625,39.57424925916666,51.24,31.84,False,0,True,0.002
2022-09-14,2151.605833333333,37.038683495,47.83,28.04,False,0,True,0.0038
2022-09-15,2150.9333333333334,35.38958023833333,45.94,28.04,False,0,True,0.0048
2022-09-16,2150.78625,75.87549712166667,50.37,28.04,False,0,True,0.0041
2022-09-17,2150.7304166666668,56.21123489916667,50.38,28.04,False,0,True,0.0041
2022-09-18,2150.87125,44.48389899,47.78,28.04,False,0,True,0.0045
2022-09-19,2150.3995833333333,34.866945879583334,46.21,28.04,False,0,True,0.0054
2022-09-20,2149.653333333333,30.84333521708333,44.96,28.04,False,0,True,0.0068
2022-09-21,2149.033958333333,30.766701535416665,44.06,28.04,False,0,True,0.0081
2022-09-22,2148.594791666667,27.617305786666662,42.95,28.35,False,0,True,0.0093
2022-09-23,2148.130208333333,30.31998584125,36.44,28.35,False,0,True,0.0147
2022-09-24,2147.6452083333334,31.889522522916668,32.97,28.35,False,0,True,0.0205
2022-09-25,2147.4408333333336,32.22363544833333,31.22,28.35,False,0,True,0.0241
2022-09-26,2147.231875,34.66886559458333,31.19,29.08,False,0,True,0.0238
2022-09-27,2146.8191666666667,26.006237191666667,30.5,29.98,False,0,True,0.0254
2022-09-28,2146.3389876291667,24.257993573333334,29.57,31.51,False,0,True,0.0268
2022-09-29,2145.8158333333336,22.746644952083333,28.87,32.61,False,0,True,0.0292
2022-09-30,2145.302608695652,24.937411157826087,28.1,33.08,False,0,True,0.0335
2022-10-01,2144.8279166666666,33.41529611916667,28.32,34.33,False,0,True,0.0334
2022-10-02,2144.67125,34.182944768333336,28.6,35.34,False,0,True,0.0316
2022-10-03,2144.6329166666665,29.34201065625,27.84,36.31,False,0,True,0.0316
2022-10-04,2144.058125,24.17810205208333,27.58,37.24,False,0,True,0.0345
2022-10-05,2143.4222916666668,24.09473564125,27.56,38.3,False,0,True,0.0371
2022-10-06,2142.894375,24.509647955416668,27.81,39.02,False,0,True,0.0391
2022-10-07,2141.88375,27.05754057083333,28.11,39.29,False,0,True,0.047
2022-10-08,2141.118375,27.206543604166665,27.22,39.17,False,0,True,0.0598
2022-10-09,2140.815,38.99141480666667,27.91,39.31,False,0,True,0.0601
2022-10-10,2140.80275,31.035956041666665,28.15,39.82,False,0,True,0.0575
2022-10-11,2140.4730833333333,27.31460038708333,28.6,40.09,False,0,True,0.0588
2022-10-12,2139.8429166666665,23.021313764583333,28.45,40.11,False,0,True,0.068
2022-10-13,2139.1583333333333,23.075524690416668,28.24,40.11,False,0,True,0.0799
2022-10-14,2138.875833333333,24.80770608708333,27.92,40.11,False,0,True,0.0868
2022-10-15,2139.1579166666666,87.48449356583333,36.53,39.35,False,0,True,0.0489
2022-10-16,2140.2054166666667,69.61854817041667,40.91,38.79,False,0,True,0.0316
2022-10-17,2140.5075,38.644977931666666,42.0,37.67,False,0,True,0.03
2022-10-18,2140.52,34.58271071708333,43.03,37.0,False,0,True,0.0296
2022-10-19,2140.4989166666664,81.62875033333333,51.41,36.42,False,0,True,0.0211
2022-10-20,2140.957077716667,90.84162893541668,61.09,36.5,False,0,True,0.013
2022-10-21,2142.173333333333,125.84680856416666,75.52,36.38,False,0,True,0.0062
2022-10-22,2143.35875,94.86272538625,76.58,36.67,False,0,True,0.0045
2022-10-23,2144.403125,84.707164545,78.73,36.97,False,0,True,0.0033
2022-10-24,2145.4662083333333,102.9668930925,87.92,36.79,False,0,True,0.002
2022-10-25,2146.04375,90.39698798708334,95.89,36.7,False,0,True,0.0015
2022-10-26,2146.397329916667,93.06877730625,97.53,36.38,False,0,True,0.0013
2022-10-27,2146.414583333333,73.11736408958333,95.0,35.98,False,0,True,0.0015
2022-10-28,2145.985833333333,48.09605193791667,83.89,35.82,False,0,True,0.0021
2022-10-29,2145.3,38.910148758333335,75.89,35.63,False,0,True,0.0032
2022-10-30,2144.875833333333,36.380190725,68.99,35.41,False,0,True,0.0044
2022-10-31,2144.707208982609,35.91702002391305,59.41,35.26,False,0,True,0.0064
2022-11-01,2144.467291666667,37.030947152083336,51.79,35.11,False,0,True,0.0092
2022-11-02,2143.8739166666664,49.49688784666667,45.56,34.95,False,0,True,0.0141
2022-11-03,2144.279145425,50.00867266958333,42.26,34.75,False,0,True,0.0154
2022-11-04,2144.405333333333,34.7207671375,40.35,34.75,False,0,True,0.0166
2022-11-05,2143.9880416666665,30.12928026166667,39.1,34.75,False,0,True,0.0195
2022-11-06,2143.4851324875,27.361858950416668,37.81,34.75,False,0,True,0.0235
2022-11-07,2142.7685,25.77364598,36.36,34.75,False,0,True,0.03
2022-11-08,2142.5212916666665,26.132633549166663,34.8,34.75,False,0,True,0.0349
2022-11-09,2142.0954166666666,27.6525770525,31.68,34.2,False,0,True,0.0486
2022-11-10,2141.570833333333,25.77118519333333,28.22,34.14,False,0,True,0.0696
2022-11-11,2140.775,27.376472036666662,27.17,33.92,False,0,True,0.0904
2022-11-12,2140.4591666666665,28.626703402916668,26.96,33.81,False,0,True,0.0988
2022-11-13,2140.1091666666666,24.946623712083333,26.61,33.67,False,0,True,0.11
2022-11-14,2139.9533333333334,21.572865099166663,26.01,33.44,False,0,True,0.1205
2022-11-15,2139.907291666667,52.39191271625,29.76,32.93,False,0,True,0.0965
2022-11-16,2140.418333333333,137.65861588666667,45.48,32.46,False,0,True,0.037
2022-11-17,2141.585833333333,120.78551697541668,59.05,31.8,False,0,True,0.017
2022-11-18,2142.032208333333,45.0615308175,61.58,31.12,False,0,True,0.0148
2022-11-19,2141.59375,36.689671275,62.73,30.83,False,0,True,0.0161
2022-11-20,2141.305375,32.252253249166664,63.77,30.75,False,0,True,0.0167
2022-11-21,2141.1720833333334,48.51141542375,67.62,31.69,False,0,True,0.014
2022-11-22,2141.192541666667,51.50191061583333,67.49,31.69,False,0,True,0.014
2022-11-23,2140.8516666666665,35.37086085666667,52.88,31.69,False,0,True,0.0258
2022-11-24,2140.133333333333,25.47260790208333,39.27,32.02,False,0,True,0.0556
2022-11-25,2139.3970833333333,32.235774999166665,37.43,33.3,False,0,True,0.0656
2022-11-26,2139.3479166666666,46.12045001458333,38.78,33.48,False,0,True,0.0609
2022-11-27,2139.4533333333334,36.39796280791667,39.37,33.48,False,0,True,0.0576
2022-11-28,2138.999333333333,28.506228417916667,36.52,33.48,False,0,True,0.0743
2022-11-29,2137.9759166666668,21.28195340375,32.2,33.48,False,0,True,0.1184
2022-11-30,2137.031652173913,20.15207681173913,30.02,33.48,False,0,True,0.1631
2022-12-01,2136.08225,23.127881626666667,29.69,33.48,False,0,True,0.1991
2022-12-02,2135.185,18.73356966833333,27.76,33.48,False,0,True,0.2618
2022-12-03,2134.349458333333,21.77577503833333,24.28,33.48,False,0,True,0.3665
2022-12-04,2133.8325,24.652591234166668,22.6,33.48,False,0,True,0.433
2022-12-05,2133.430125,16.939793164166666,20.95,33.48,False,0,True,0.4979
2022-12-06,2132.538791666667,14.292171883333332,19.95,32.95,False,0,True,0.5853
2022-12-07,2131.8462083333334,16.7872494525,19.47,33.92,False,0,True,0.6191
2022-12-08,2131.278989666667,16.82705137375,18.57,35.22,False,0,True,0.6516
2022-12-09,2130.547916666667,18.256559590416668,18.5,36.76,False,0,True,0.6671
2022-12-10,2129.807916666666,13.589870656666667,17.34,39.32,False,0,True,0.6986
2022-12-11,2130.030833333333,65.46969432916667,23.17,41.77,False,0,True,0.4986
2022-12-12,2130.304166666667,35.89502028416667,25.87,44.38,False,0,True,0.3855
2022-12-13,2129.49225,18.28074709833333,26.44,46.93,False,0,True,0.385
2022-12-14,2128.470875,22.739387215,27.29,50.22,False,0,True,0.3837
2022-12-15,2128.175166666667,37.19126212166667,30.2,52.56,False,0,True,0.3218
2022-12-16,2128.1932875,33.200514660416665,32.34,53.82,False,0,True,0.2768
2022-12-17,2128.0345833333336,28.714093696666662,34.5,55.23,False,0,True,0.2436
2022-12-18,2128.168333333333,33.68916469208333,29.96,55.93,False,0,True,0.2927
2022-12-19,2128.0574208333333,34.02567355625,29.69,56.46,False,0,True,0.2972
2022-12-20,2127.600958333333,20.01676306375,29.94,56.75,False,0,True,0.3129
2022-12-21,2126.5216666666665,11.248074429166667,28.3,57.62,False,0,True,0.389
2022-12-22,2125.1654166666667,11.7437954175,24.66,61.04,False,0,True,0.5052
2022-12-23,2123.8829166666665,25.450702762916663,23.56,60.73,False,0,True,0.606
2022-12-24,2123.2633333333333,25.66660466,23.12,59.61,False,0,True,0.6596
2022-12-25,2122.9533333333334,16.69977848,20.69,62.59,False,0,True,0.7018
2022-12-26,2122.440416666667,39.40584781041667,21.46,58.29,False,0,True,0.745
2022-12-27,2122.6520833333334,26.41942554,22.38,57.13,False,0,True,0.7274
2022-12-28,2122.25125,19.610595648333334,23.57,57.03,False,0,True,0.7237
2022-12-29,2121.7699583333333,16.085951327083333,24.19,56.92,False,0,True,0.7351
2022-12-30,2120.7102083333334,10.363076981666667,22.04,56.77,False,0,True,0.8143
2022-12-31,2120.090217391304,38.865078367391305,23.92,56.62,False,0,True,0.8093
2023-01-01,2120.5825,32.960894251666666,26.24,55.55,False,0,True,0.764
2023-01-02,2121.03625,36.630712322916665,25.85,55.55,False,0,True,0.7511
2023-01-03,2121.4504166666666,27.885715015416668,26.06,55.54,False,0,True,0.7294
2023-01-04,2121.26125,22.703514729166667,26.5,55.38,False,0,True,0.732
2023-01-05,2121.040833333333,21.851741104166667,27.32,55.23,False,0,True,0.7299
2023-01-06,2120.668476970833,17.371129869166666,28.32,54.63,False,0,True,0.7365
2023-01-07,2120.329166666667,20.96352175833333,25.77,54.32,False,0,True,0.7909
2023-01-08,2119.98,23.022114954583333,24.35,54.32,False,0,True,0.8229
2023-01-09,2120.040833333333,28.892538309583333,23.24,54.32,False,0,True,0.8355
2023-01-10,2119.864333333333,33.478594668333336,24.04,54.32,False,0,True,0.8307
2023-01-11,2119.9125,66.9062495375,30.36,54.32,False,0,True,0.7432
2023-01-12,2121.1815408541665,80.88126259875,38.79,55.23,False,0,True,0.546
2023-01-13,2122.322083333333,77.80335748541667,47.42,55.23,False,0,True,0.372
2023-01-14,2123.0091666666667,47.69302672833334,51.24,55.23,False,0,True,0.2987
2023-01-15,2123.383333333333,75.25840699125,58.7,54.32,False,0,True,0.2316
2023-01-16,2124.275208333333,83.73595212291667,66.54,54.32,False,0,True,0.1567
2023-01-17,2125.084375,47.7964265425,68.58,52.61,False,0,True,0.1352
2023-01-18,2125.299583333333,54.39786952958333,66.8,52.36,False,0,True,0.1377
2023-01-19,2125.45875,53.170726025,62.84,52.36,False,0,True,0.1499
2023-01-20,2126.3466658541665,78.46946300208333,62.93,52.36,False,0,True,0.1253
2023-01-21,2127.6908333333336,83.00291076416667,67.98,49.8,False,0,True,0.0913
2023-01-22,2128.6266666666666,53.6464719125,64.89,48.74,False,0,True,0.0866
2023-01-23,2129.0345833333336,40.72435703625,58.74,48.25,False,0,True,0.0994
2023-01-24,2128.925833333333,54.03791457625,59.64,48.25,False,0,True,0.0987
2023-01-25,2129.92625,67.9152941425,61.57,48.74,False,0,True,0.0732
2023-01-26,2130.140875,37.87758386416667,59.38,49.26,False,0,True,0.0735
2023-01-27,2130.3590833333333,29.91792152791667,52.45,49.31,False,0,True,0.0902
2023-01-28,2129.898166666667,26.218211211666667,44.33,49.8,False,0,True,0.135
2023-01-29,2130.125,23.78539432125,40.07,50.93,False,0,True,0.1491
2023-01-30,2129.5235,19.755606359166663,37.07,52.01,False,0,True,0.1848
2023-01-31,2128.3348782608696,21.99918838304348,32.5,52.08,False,0,True,0.2847
2023-02-01,2127.880625,29.04133412,26.94,52.38,False,0,True,0.3976
2023-02-02,2127.30125,26.9334758325,25.38,53.63,False,0,True,0.448
2023-02-03,2126.6283333333336,18.50668513333333,23.75,55.22,False,0,True,0.505
2023-02-04,2125.971666666667,17.416235927083335,22.49,58.4,False,0,True,0.5376
2023-02-05,2125.4064583333334,21.58757292458333,22.18,60.71,False,0,True,0.5534
2023-02-06,2125.5704166666665,42.17740030875,25.38,62.01,False,0,True,0.4562
2023-02-07,2126.186583333333,45.80137879625,28.78,62.73,False,0,True,0.3485
2023-02-08,2126.4457908541667,41.02793623625,30.49,62.95,False,0,True,0.3053
2023-02-09,2126.507583333333,41.91044837208333,32.63,63.01,False,0,True,0.2711
2023-02-10,2126.48325,29.6562261575,34.23,63.25,False,0,True,0.2499
2023-02-11,2125.9377083333334,31.95317084208333,36.3,63.47,False,0,True,0.2473
2023-02-12,2125.9421666666667,36.503204822916665,38.43,64.37,False,0,True,0.2182
2023-02-13,2125.978416666667,33.72647054125,37.23,64.59,False,0,True,0.2276
2023-02-14,2125.754958333333,37.01740325791667,35.97,64.81,False,0,True,0.2491
2023-02-15,2125.596666666667,37.06087381125,35.4,66.3,False,0,True,0.2518
2023-02-16,2125.9022916666668,39.79376394416666,35.1,69.37,False,0,True,0.222
2023-02-17,2125.8214583333333,27.096885024166667,34.74,69.84,False,0,True,0.2263
2023-02-18,2126.130416666667,31.000767075416668,34.6,69.84,False,0,True,0.2156
2023-02-19,2126.732708333333,43.78362644916667,35.64,69.84,False,0,True,0.1831
2023-02-20,2127.3225,30.231119814583334,35.14,69.84,False,0,True,0.1679
2023-02-21,2127.13375,39.75445100291667,35.53,69.84,False,0,True,0.1706
2023-02-22,2127.7629166666666,57.95246184375,38.52,69.84,False,0,True,0.1295
2023-02-23,2128.594791666667,55.35914791708333,40.74,69.84,False,0,True,0.0979
2023-02-24,2129.329833333333,44.171474815416666,43.18,68.04,False,0,True,0.0792
2023-02-25,2129.5536666666667,32.38305081,43.38,66.3,False,0,True,0.0794
2023-02-26,2129.44075,27.550888395833333,41.06,66.09,False,0,True,0.0916
2023-02-27,2129.244708333333,23.83865199708333,40.14,65.43,False,0,True,0.1021
2023-02-28,2129.0987391304348,52.272130884347824,41.93,65.15,False,0,True,0.0974
2023-03-01,2129.5895833333334,57.88700982333334,41.92,65.04,False,0,True,0.0883
2023-03-02,2130.025833333333,53.054312421666666,41.59,64.89,False,0,True,0.0823
2023-03-03,2130.12947225,42.60918209875,41.37,64.75,False,0,True,0.0818
2023-03-04,2130.2904166666667,84.76689095666667,48.85,64.74,False,0,True,0.0561
2023-03-05,2130.3419954416668,95.84283770833332,58.61,64.7,False,0,True,0.0378
2023-03-06,2130.835375,70.23053487666667,65.24,64.74,False,0,True,0.0268
2023-03-07,2131.0915416666667,66.03058468458333,67.2,64.75,False,0,True,0.0238
2023-03-08,2131.3529166666667,113.57121081791666,75.16,64.75,False,0,True,0.0176
2023-03-09,2132.49875,118.66578844208334,84.53,64.7,False,0,True,0.0105
2023-03-10,2133.6404166666666,107.64226298541666,93.82,64.44,False,0,True,0.0065
2023-03-11,2134.4664583333333,87.41703540125,94.2,64.44,False,0,True,0.0053
2023-03-12,2135.523833333333,76.887938905,91.49,64.44,False,0,True,0.0045
2023-03-13,2136.00625,58.200080587083335,89.77,64.44,False,0,True,0.0042
2023-03-14,2136.116666666667,85.92285778583333,92.62,64.44,False,0,True,0.0038
2023-03-15,2136.9497054041667,104.04439351125,91.25,64.44,False,0,True,0.0032
2023-03-16,2137.155,66.76150549333333,83.84,65.44,False,0,True,0.0036
2023-03-17,2136.810833333333,51.81854457541667,75.86,65.81,False,0,True,0.0048
2023-03-18,2135.947592366667,41.70950524791667,69.33,66.1,False,0,True,0.007
2023-03-19,2135.455,34.42048533208333,63.27,67.0,False,0,True,0.0093
2023-03-20,2134.2035416666668,29.485778872083333,59.17,68.02,False,0,True,0.0137
2023-03-21,2132.794208333333,25.09327371,50.48,69.95,False,0,True,0.0249
2023-03-22,2131.3284583333334,22.040481481666667,38.76,71.44,False,0,True,0.0575
2023-03-23,2129.8114166666664,20.10827609625,32.1,73.91,False,0,True,0.1077
2023-03-24,2128.705833333333,38.51688651875,30.2,76.35,False,0,True,0.1411
2023-03-25,2128.451583333333,71.39621942875,34.44,77.12,False,0,True,0.1126
2023-03-26,2128.4780833333334,72.89861373375,39.93,78.7,False,0,True,0.0794
2023-03-27,2128.68725,47.15793444416666,42.46,81.3,False,0,True,0.062
2023-03-28,2128.6754166666665,67.40738398958334,48.5,85.29,False,0,True,0.0419
2023-03-29,2128.480833333333,76.14882428333334,56.23,89.37,False,0,True,0.0285
2023-03-30,2128.210416666667,54.38984122041666,61.13,93.28,False,0,True,0.0227
2023-03-31,2128.3375217391304,58.27233888043478,63.95,95.84,False,0,True,0.0187
2023-04-01,2128.7425,65.14408027833333,63.06,95.84,False,0,True,0.0176
2023-04-02,2129.273333333333,77.03816327916667,63.65,95.84,False,0,True,0.0153
2023-04-03,2130.133333333333,78.41145033125,68.12,95.84,False,0,True,0.0109
2023-04-04,2130.1531666666665,59.83204237625,67.03,95.84,False,0,True,0.0112
2023-04-05,2129.68110075,64.50526696791667,65.37,95.84,False,0,True,0.0132
2023-04-06,2130.0106666666666,76.35111057291667,68.51,95.84,False,0,True,0.011
2023-04-07,2130.533958333333,74.17632101083333,70.78,96.7,False,0,True,0.0089
2023-04-08,2130.930666666666,99.988358665,75.76,96.76,False,0,True,0.007
2023-04-09,2131.8329166666667,126.35818219041668,82.8,96.92,False,0,True,0.0047
2023-04-10,2132.010583333333,72.29062452833334,81.93,96.7,False,0,True,0.0046
2023-04-11,2132.116666666667,100.047529515,87.67,96.11,False,0,True,0.0039
2023-04-12,2132.949583333333,112.52844654375,94.53,96.01,False,0,True,0.0028
2023-04-13,2133.2425,74.97167713791667,94.34,96.01,False,0,True,0.0026
2023-04-14,2133.3475,59.098720293333336,92.18,96.01,False,0,True,0.0027
2023-04-15,2133.4775,56.9286330175,86.03,96.01,False,0,True,0.003
2023-04-16,2132.955,76.43882472125,78.9,96.7,False,0,True,0.004
2023-04-17,2132.028333333333,91.43389604958334,81.64,97.1,False,0,True,0.0046
2023-04-18,2132.215458333333,61.430336250833335,76.12,97.23,False,0,True,0.0051
2023-04-19,2130.649768066666,60.34454128875,68.66,97.44,False,0,True,0.0091
2023-04-20,2129.2903333333334,82.90172678958334,69.8,97.44,False,0,True,0.012
2023-04-21,2129.5704166666665,66.795622855,70.9,100.92,False,0,True,0.0099
2023-04-22,2129.8841666666667,94.11938732916668,76.21,104.58,False,0,True,0.0072
2023-04-23,2130.460833333333,111.71956418208332,81.25,106.44,False,0,True,0.0053
2023-04-24,2131.1754589833336,94.436771335,81.68,107.47,False,0,True,0.0043
2023-04-25,2131.787083333333,120.43669638958332,90.11,107.47,False,0,True,0.003
2023-04-26,2132.65125,124.93400609541666,99.33,107.47,False,0,True,0.002
2023-04-27,2134.0841666666665,187.16563449041664,114.23,106.85,False,0,True,0.0011
2023-04-28,2135.869166666667,198.51039942916665,133.05,106.62,False,0,True,0.0005
2023-04-29,2137.3641666666667,171.911847415,144.16,106.44,False,0,True,0.0003
2023-04-30,2138.621304347826,135.0834073430435,147.5,106.31,False,0,True,0.0002
2023-05-01,2138.9710416666667,92.56884415125,147.23,105.93,False,0,True,0.0002
2023-05-02,2139.514208333333,85.398666905,142.22,105.78,False,0,True,0.0002
2023-05-03,2140.099833333333,92.20010349541668,137.55,105.74,False,0,True,0.0002
2023-05-04,2140.45775,80.09973690666666,122.25,105.6,False,0,True,0.0002
2023-05-05,2140.6651103541667,84.69711993666667,105.99,104.01,False,0,True,0.0003
2023-05-06,2140.17225,56.639919669166666,89.53,102.08,False,0,True,0.0005
2023-05-07,2139.2410833333333,49.20726505458333,77.26,101.42,False,0,True,0.0009
2023-05-08,2138.494583333333,46.17459020041667,70.63,100.66,False,0,True,0.0013
2023-05-09,2137.956166666667,80.25483926583334,69.9,99.47,False,0,True,0.0016
2023-05-10,2138.65625,116.84066909666667,73.42,98.88,False,0,True,0.0012
2023-05-11,2139.290833333333,81.35564969166667,73.6,98.88,False,0,True,0.001
2023-05-12,2139.465,72.41229574708333,71.84,98.88,False,0,True,0.0011
2023-05-13,2139.366666666667,84.58945270833334,75.83,98.88,False,0,True,0.001
2023-05-14,2140.185,143.83466838666666,89.35,98.88,False,0,True,0.0005
2023-05-15,2140.905,79.40946642666667,94.1,98.78,False,0,True,0.0004
2023-05-16,2140.666875,60.78401449208334,91.32,98.71,False,0,True,0.0005
2023-05-17,2140.4290416666668,48.25842044916666,81.52,98.37,False,0,True,0.0006
2023-05-18,2140.264416666667,38.694211914166665,75.43,98.29,False,0,True,0.0008
2023-05-19,2140.032125,50.84338196083333,72.34,97.82,False,0,True,0.0009
2023-05-20,2139.9445833333334,86.5517641125,72.63,97.82,False,0,True,0.0009
2023-05-21,2140.2533333333336,105.82813418291668,67.2,97.62,False,0,True,0.0011
2023-05-22,2140.199,50.34466700666667,63.04,97.62,False,0,True,0.0012
2023-05-23,2140.2433333333333,193.65882335666663,82.03,97.7,False,0,True,0.0007
2023-05-24,2141.3479166666666,98.19727071125,89.16,97.82,False,0,True,0.0004
2023-05-25,2141.3829166666665,72.01039367416666,93.92,97.9,False,0,True,0.0004
2023-05-26,2141.565416666667,95.84119821875,100.35,97.82,False,0,True,0.0003
2023-05-27,2141.58,76.24717914833333,98.88,97.82,False,0,True,0.0003
2023-05-28,2141.94125,84.73511378875,95.86,97.9,False,0,True,0.0003
2023-05-29,2142.19125,63.23475627333333,97.7,97.98,False,0,True,0.0003
2023-05-30,2142.079166666667,49.721192460833336,77.14,97.98,False,0,True,0.0005
2023-05-31,2142.178956521739,108.40101958869565,78.6,98.04,False,0,True,0.0005
2023-06-01,2143.0833276375,103.61603817125,83.11,98.2,False,0,True,0.0003
2023-06-02,2143.546375,92.67436345708332,82.66,98.2,False,0,True,0.0003
2023-06-03,2143.6605833333333,69.0787975375,81.64,98.29,False,0,True,0.0003
2023-06-04,2143.839125,56.33359598041667,77.58,98.35,False,0,True,0.0003
2023-06-05,2144.08125,71.86866029333333,78.81,98.56,False,0,True,0.0003
2023-06-06,2144.46875,120.60562657458334,88.94,98.98,False,0,True,0.0002
2023-06-07,2145.4758333333334,155.78369615708334,95.71,98.98,False,0,True,0.0001
2023-06-08,2146.8858333333333,129.87139662833334,99.46,98.98,False,0,True,0.0001
2023-06-09,2147.874583333333,102.77236881083331,100.9,98.95,False,0,True,0.0001
2023-06-10,2148.599166666667,89.90049019416666,103.88,98.95,False,0,True,0.0001
2023-06-11,2149.120416666666,83.36374258666666,107.74,98.95,False,0,True,0.0
2023-06-12,2149.563083333333,62.216466134583335,106.36,98.95,False,0,True,0.0
2023-06-13,2149.462833333333,55.17808840208333,97.01,98.95,False,0,True,0.0001
2023-06-14,2148.984168295833,105.39045300958334,89.81,99.07,False,0,True,0.0001
2023-06-15,2149.92625,201.24266980708333,100.01,100.77,False,0,True,0.0
2023-06-16,2152.19,238.03607000666668,119.33,104.64,False,0,True,0.0
2023-06-17,2153.5704166666665,181.88972278333333,132.47,106.01,False,0,True,0.0
2023-06-18,2153.715,121.4880431425,137.92,106.83,False,0,True,0.0
2023-06-19,2153.6129166666665,81.61584267791666,140.69,106.85,False,0,True,0.0
2023-06-20,2153.38875,60.09366535083333,141.39,107.27,False,0,True,0.0
2023-06-21,2152.9816666666666,48.586453606666666,133.28,108.37,False,0,True,0.0
2023-06-22,2152.5941666666668,45.720659660416665,111.06,108.56,False,0,True,0.0
2023-06-23,2152.02,48.83800981458333,84.03,110.44,False,0,True,0.0
2023-06-24,2152.00125,115.1571188975,74.5,110.44,False,0,True,0.0
2023-06-25,2152.85875,93.99198149541668,70.57,110.44,False,0,True,0.0
2023-06-26,2153.26,111.8210580375,74.89,110.44,False,0,True,0.0
2023-06-27,2153.181875,72.67704394583333,76.68,110.44,False,0,True,0.0
2023-06-28,2153.003125,53.11763881458333,77.33,110.44,False,0,True,0.0
2023-06-29,2153.03625,137.21952484041665,90.4,110.44,False,0,True,0.0
2023-06-30,2153.7552173913045,209.16450573173915,113.31,110.44,False,0,True,0.0
2023-07-01,2153.875,145.05719341333332,117.58,109.73,False,0,True,0.0
2023-07-02,2153.695812583333,91.32360114083332,117.2,105.48,False,0,True,0.0
2023-07-03,2153.4595833333333,64.61268530541666,110.45,103.94,False,0,True,0.0
2023-07-04,2153.2225,51.68085960625,107.45,103.69,False,0,True,0.0
2023-07-05,2152.60875,45.91906572416666,106.43,103.22,False,0,True,0.0
2023-07-06,2152.16375,42.92691765375,92.95,103.04,False,0,True,0.0
2023-07-07,2152.06375,53.75870911291667,70.75,102.02,False,0,True,0.0001
2023-07-08,2152.634583333333,131.3431101025,68.79,101.68,False,0,True,0.0001
2023-07-09,2153.49,102.2754931725,70.36,101.2,False,0,True,0.0
2023-07-10,2153.5325874833334,95.10142759208334,74.72,101.2,False,0,True,0.0
2023-07-11,2153.29375,82.924347345,79.18,99.47,False,0,True,0.0
2023-07-12,2153.2204166666666,83.98029527541667,84.62,99.3,False,0,True,0.0
2023-07-13,2152.99875,55.09912694166667,86.35,99.05,False,0,True,0.0
2023-07-14,2152.509791666667,49.90190280041666,85.8,97.97,False,0,True,0.0
2023-07-15,2152.0045833333334,69.68883685208333,77.0,97.96,False,0,True,0.0001
2023-07-16,2152.3658333333333,77.29852098125,73.43,97.9,False,0,True,0.0001
2023-07-17,2152.8764166666665,80.02972903541666,71.27,97.78,False,0,True,0.0001
2023-07-18,2153.5945625833333,226.69993147583327,91.81,97.35,False,0,True,0.0
2023-07-19,2153.630416666667,120.61366350125,97.05,94.89,False,0,True,0.0
2023-07-20,2153.566950275,213.0446957108333,119.61,89.14,False,0,True,0.0
2023-07-21,2153.782083333333,252.1849610545833,148.51,84.38,False,0,True,0.0
2023-07-22,2153.6966666666667,161.65641389166666,161.65,83.21,False,0,True,0.0
2023-07-23,2153.4225,89.93987170583334,163.45,83.01,False,0,True,0.0
2023-07-24,2153.287083333333,92.98186835041666,165.3,82.92,False,0,True,0.0
2023-07-25,2153.2154166666664,76.24514629666666,143.81,82.39,False,0,True,0.0
2023-07-26,2153.0004166666668,59.566820227916665,135.09,82.07,False,0,True,0.0
2023-07-27,2152.8708333333334,60.1943305475,113.25,81.41,False,0,True,0.0
2023-07-28,2152.941,68.49668128166667,87.01,81.01,False,0,True,0.0001
2023-07-29,2153.400833333333,165.1867246225,87.52,77.72,False,0,True,0.0001
2023-07-30,2153.7741666666666,186.75094465625,101.35,72.95,False,0,True,0.0
2023-07-31,2153.6313043478262,100.01515025217392,102.35,70.87,False,0,True,0.0
2023-08-01,2153.304583333333,65.79894574333333,100.86,69.84,False,0,True,0.0
2023-08-02,2153.2516666666666,99.26682708166666,106.53,67.59,False,0,True,0.0
2023-08-03,2153.2779166666664,74.90223762666666,108.63,66.13,False,0,True,0.0
2023-08-04,2152.9045349125,53.40625018208333,106.48,65.28,False,0,True,0.0001
2023-08-05,2152.548333333333,62.26085205333333,91.77,64.2,False,0,True,0.0001
2023-08-06,2152.6741666666667,61.33044440625,73.85,63.67,False,0,True,0.0001
2023-08-07,2152.6566666666668,49.137327215,66.59,63.59,False,0,True,0.0002
2023-08-08,2152.3727303041665,45.419413525,63.67,63.12,False,0,True,0.0002
2023-08-09,2152.560833333333,100.12865533958332,63.8,60.63,False,0,True,0.0002
2023-08-10,2153.1866666666665,70.35022837166666,63.15,59.07,False,0,True,0.0002
2023-08-11,2153.1908333333336,51.53316682583333,62.88,58.25,False,0,True,0.0002
2023-08-12,2153.190416666667,49.2198820525,61.02,57.56,False,0,True,0.0003
2023-08-13,2153.2566666666667,53.681794661666665,59.92,57.45,False,0,True,0.0003
2023-08-14,2153.2504166666668,71.43403252291667,63.11,57.44,False,0,True,0.0002
2023-08-15,2153.5670833333334,196.66543283541668,84.72,57.26,False,0,True,0.0001
2023-08-16,2153.460833333333,112.28589218666669,86.45,54.99,False,0,True,0.0001
2023-08-17,2152.8783333333336,56.88350116,84.53,54.83,False,0,True,0.0001
2023-08-18,2152.188333333333,46.834523956666665,83.86,54.66,False,0,True,0.0002
2023-08-19,2151.855,40.422803728333335,82.6,54.18,False,0,True,0.0002
2023-08-20,2151.8450416666665,40.120596713333335,80.66,52.73,False,0,True,0.0002
2023-08-21,2152.443333333333,129.69132472666666,88.99,52.73,False,0,True,0.0002
2023-08-22,2153.29,150.03114963708333,82.32,52.73,False,0,True,0.0002
2023-08-23,2153.26625,111.30849991125,82.18,52.73,False,0,True,0.0002
2023-08-24,2152.8754166666668,63.49920764875,83.13,52.54,False,0,True,0.0002
2023-08-25,2152.28375,51.36236951375,83.78,52.41,False,0,True,0.0002
2023-08-26,2151.86125,44.293627407083335,84.33,51.84,False,0,True,0.0002
2023-08-27,2151.615458333333,39.12605678291666,84.19,51.37,False,0,True,0.0002
2023-08-28,2151.5479583333336,54.4938038825,73.44,51.07,False,0,True,0.0003
2023-08-29,2151.7577001125,43.47145700625,58.22,50.13,False,0,True,0.0005
2023-08-30,2151.352,37.82771763083333,47.72,48.85,False,0,True,0.001
2023-08-31,2151.037608695652,34.70582803608696,43.61,47.97,False,0,True,0.0014
2023-09-01,2150.7770833333334,31.831916566666667,40.82,46.86,False,0,True,0.0018
2023-09-02,2150.2325416666667,31.205163395,38.95,43.98,False,0,True,0.0026
2023-09-03,2149.333083333333,27.9550840025,37.36,39.6,False,0,True,0.0046
2023-09-04,2149.072419925,29.74943200708333,33.82,37.05,False,0,True,0.0072
2023-09-05,2149.2615,45.48936675833333,34.11,35.78,False,0,True,0.0074
2023-09-06,2149.634541666667,46.77403024,35.39,35.16,False,0,True,0.0065
2023-09-07,2149.6241666666665,31.22663734583333,34.89,33.56,False,0,True,0.0076
2023-09-08,2149.1931666666665,25.37382916625,33.97,33.18,False,0,True,0.0091
2023-09-09,2148.763625,23.71970472875,32.9,32.8,False,0,True,0.0111
2023-09-10,2148.713833333333,26.963489382916663,32.76,32.52,False,0,True,0.0116
2023-09-11,2148.713083333333,23.891164036666662,31.92,32.25,False,0,True,0.0125
2023-09-12,2148.585916666667,23.651639166666666,28.8,32.05,False,0,True,0.0164
2023-09-13,2148.3254166666666,18.977438017083333,24.83,31.84,False,0,True,0.0244
2023-09-14,2147.53875,23.8482749075,23.78,28.04,False,0,True,0.0435
2023-09-15,2147.715212808333,90.66875513875,33.1,28.04,False,0,True,0.0205
2023-09-16,2148.404583333333,55.79698440666667,37.69,28.04,False,0,True,0.0132
2023-09-17,2148.619583333333,29.8537115725,38.1,28.04,False,0,True,0.0123
2023-09-18,2148.4152083333333,21.81785092625,37.8,28.04,False,0,True,0.0131
2023-09-19,2147.9479166666665,25.007589204583333,38.0,28.04,False,0,True,0.0144
2023-09-20,2147.651333333333,25.23938385083333,38.89,28.04,False,0,True,0.0147
2023-09-21,2147.224625,19.84660452083333,38.32,28.04,False,0,True,0.0167
2023-09-22,2146.655125,18.344584529166667,27.99,28.35,False,0,True,0.0364
2023-09-23,2145.549666666667,19.31182840208333,22.77,28.35,False,0,True,0.0714
2023-09-24,2144.552041666667,17.538314005,21.02,28.35,False,0,True,0.1037
2023-09-25,2144.224125,22.03492520083333,21.05,28.35,False,0,True,0.1106
2023-09-26,2143.6537916666666,18.69729404375,20.14,29.08,False,0,True,0.1278
2023-09-27,2142.970125,18.78797879625,19.22,29.98,False,1,True,0.1499
2023-09-28,2141.6670833333333,15.203024150416669,18.56,31.51,False,1,True,0.185
2023-09-29,2140.5329166666666,21.557031165,19.02,32.61,False,1,True,0.2038
2023-09-30,2139.446086956522,20.02575748826087,19.12,33.08,False,1,True,0.2386
2023-10-01,2139.2722916666667,27.88912685958333,20.6,34.33,False,1,True,0.2012
2023-10-02,2138.750833333333,18.62155005458333,20.11,35.34,False,1,True,0.2178
2023-10-03,2137.6340416666667,16.239384195833335,19.76,36.31,False,1,True,0.2591
2023-10-04,2136.2946666666667,14.793228055,19.19,37.24,False,1,True,0.3227
2023-10-05,2134.7677916666667,9.699564074166666,18.4,38.3,False,1,True,0.4091
2023-10-06,2133.54475,15.242017377083334,17.5,39.02,False,1,True,0.4946
2023-10-07,2132.1879583333334,7.674293301666666,15.74,39.29,False,1,True,0.6247
2023-10-08,2131.093,16.540416247916667,14.12,39.17,False,1,True,0.7331
2023-10-09,2129.721625,11.520764620416667,13.1,39.31,False,1,True,0.8149
2023-10-10,2128.7945833333333,28.13268532333333,14.8,39.82,False,1,True,0.8011
2023-10-11,2128.429625,38.55879295625,18.2,40.09,False,1,True,0.7314
2023-10-12,2127.3595,17.429550525416666,19.3,40.11,False,1,True,0.7533
2023-10-13,2126.0334166666667,8.985999075,18.41,40.11,False,1,True,0.8215
2023-10-14,2125.2346666666667,29.58174663625,21.54,40.11,False,1,True,0.7961
2023-10-15,2124.905565270833,34.520543888333336,24.1,39.35,False,1,True,0.7749
2023-10-16,2124.65775,20.103416072916666,25.33,38.79,False,1,True,0.7718
2023-10-17,2124.1895833333333,25.5190283725,24.96,37.67,False,1,True,0.8075
2023-10-18,2123.416875,13.676644760833334,21.4,37.0,False,1,True,0.8805
2023-10-19,2122.5847916666667,22.879929992083333,22.18,36.42,False,1,True,0.8956
2023-10-20,2122.075101316667,39.78720448375,26.58,36.5,False,1,True,0.8653
2023-10-21,2122.112875,31.47830553875,26.85,36.38,False,1,True,0.8626
2023-10-22,2121.8521666666666,25.095580099583334,25.51,36.67,False,1,True,0.8799
2023-10-23,2121.36925,20.718399629166665,25.59,36.97,False,1,True,0.8884
2023-10-24,2120.5681666666665,15.581319962083333,24.17,36.79,False,1,True,0.9166
2023-10-25,2119.063833333333,8.8717031175,23.49,36.7,False,1,True,0.9434
2023-10-26,2117.536416666667,15.561105872083331,22.44,36.38,False,1,True,0.964
2023-10-27,2116.543708333333,13.18912905875,18.64,35.98,True,1,True,0.9812
2023-10-28,2116.509916666667,21.858159566666668,17.27,35.82,True,1,True,0.9844
2023-10-29,2116.5247916666667,16.44786017625,16.03,35.63,True,1,True,0.9869
2023-10-30,2116.048583333333,14.933801852916666,15.21,35.41,True,1,True,0.9897
2023-10-31,2116.028247708696,29.949567167391304,17.26,35.26,True,1,True,0.9866
2023-11-01,2115.8658936375,21.388096134166663,19.05,35.11,True,1,True,0.9841
2023-11-02,2115.5584588375,17.131540232083335,19.27,34.95,True,1,True,0.985
2023-11-03,2115.55216735,17.408443696666666,19.87,34.75,True,1,True,0.9842
2023-11-04,2115.8736629166665,16.964652415,19.17,34.75,True,1,True,0.9843
2023-11-05,2116.1639472791667,18.71826061,19.5,34.75,True,1,True,0.9826
2023-11-06,2116.649781525,34.8801579175,22.35,34.75,True,1,True,0.9738
2023-11-07,2117.029583333333,28.619628465416667,22.16,34.75,True,1,True,0.972
2023-11-08,2117.0082938625,17.470126241666666,21.6,34.75,True,1,True,0.9737
2023-11-09,2116.4659605291668,23.20991348875,22.47,34.2,True,1,True,0.9756
2023-11-10,2117.0206178375,80.75481305583334,31.52,34.14,True,1,True,0.9434
2023-11-11,2118.247272983333,56.95972202833333,37.23,33.92,True,1,True,0.8983
2023-11-12,2118.9788607208334,36.080415817083335,39.71,33.81,True,1,True,0.867
2023-11-13,2119.4610313625,34.191304955,39.61,33.67,True,1,True,0.8556
2023-11-14,2120.027690558333,30.29877700625,39.85,33.44,True,1,True,0.8392
2023-11-15,2120.7080320833334,50.142387462083335,44.52,32.93,True,1,True,0.784
2023-11-16,2121.74010505,55.70871369583333,49.16,32.46,True,1,True,0.7043
2023-11-17,2122.4084279,30.171940764166667,41.94,31.8,True,1,True,0.7536
2023-11-18,2122.3600375666665,23.77641658958333,37.2,31.12,True,1,True,0.81
2023-11-19,2122.208537954167,23.727817068333334,35.43,30.83,True,1,True,0.8342
2023-11-20,2121.924695475,21.84364330375,33.67,30.75,True,1,True,0.8583
2023-11-21,2122.0054088541665,20.36070935,32.25,31.69,True,1,True,0.8585
2023-11-22,2121.361806766666,15.535547785833334,27.3,31.69,True,1,True,0.9105
2023-11-23,2120.750249754167,29.98411926,23.63,31.69,True,1,True,0.9417
2023-11-24,2121.120394533333,55.02704087166666,27.18,32.02,True,1,True,0.9137
2023-11-25,2121.8291748583333,41.43935043208333,29.7,33.3,True,1,True,0.8699
2023-11-26,2122.231928858333,44.85001938333333,32.72,33.48,True,1,True,0.8292
2023-11-27,2122.4522756666665,26.39818880625,33.37,33.48,True,1,True,0.8155
2023-11-28,2122.6479762375,44.302985649166665,36.79,33.48,True,1,True,0.7728
2023-11-29,2123.4529000166667,47.878218825833336,41.41,33.48,True,1,True,0.6849
2023-11-30,2124.022833017392,35.16228856608696,42.15,33.48,True,1,True,0.6471
2023-12-01,2124.329420770833,29.99110876458333,38.57,33.48,True,1,True,0.6753
2023-12-02,2124.432666158333,28.631238402083333,36.74,33.48,True,1,True,0.6935
2023-12-03,2124.3775364416665,21.85477459125,33.46,33.48,True,1,True,0.7382
2023-12-04,2123.8574888625,15.490310865,31.9,33.48,True,1,True,0.7794
2023-12-05,2123.0874447916667,22.130753009166668,28.73,33.48,True,1,True,0.8418
2023-12-06,2123.343960270833,25.869143270416668,25.59,32.95,True,1,True,0.8709
2023-12-07,2123.210885304167,19.700381341666667,23.38,33.92,True,1,True,0.8877
2023-12-08,2123.144026758333,20.00234505958333,21.95,35.22,True,1,True,0.8935
2023-12-09,2123.1311798375,28.786755679583333,21.98,36.76,True,1,True,0.883
2023-12-10,2123.5926387541667,33.30073016958333,23.61,39.32,True,1,True,0.83
2023-12-11,2124.003086341667,26.0364940425,25.12,41.77,True,1,True,0.7689
2023-12-12,2124.040968504167,25.696256111666667,25.63,44.38,True,1,True,0.7304
2023-12-13,2123.9188096666667,24.547955394583333,25.44,46.93,True,1,True,0.7111
2023-12-14,2124.2342783416666,20.60929842583333,25.57,50.22,True,1,True,0.6561
2023-12-15,2124.2836238166665,27.29580140333333,26.61,52.56,True,1,True,0.6062
2023-12-16,2124.754578075,57.1299088125,30.66,53.82,False,0,True,0.4873
2023-12-17,2125.3890792833336,64.39759804541667,35.1,55.23,False,0,True,0.363
2023-12-18,2126.9730960291668,99.71453614875,45.63,55.93,False,0,True,0.1765
2023-12-19,2128.0154349791665,52.566721875,49.47,56.46,False,0,True,0.121
2023-12-20,2128.802051916666,53.620275193333335,53.62,56.75,False,0,True,0.0866
2023-12-21,2129.633190841667,50.75910736791667,57.93,57.62,False,0,True,0.0597
2023-12-22,2130.0883582541665,34.094351814166664,58.9,61.04,False,0,True,0.0455
2023-12-23,2130.4985655416667,38.17904814791667,56.19,60.73,False,0,True,0.0465
2023-12-24,2131.0527394041665,36.96662827916666,52.27,59.61,False,0,True,0.0502
2023-12-25,2131.523112925,28.92983549333333,42.16,62.59,False,0,True,0.0633
2023-12-26,2131.9818504541668,37.32280895125,39.98,58.29,False,0,True,0.0756
2023-12-27,2133.0660071458333,121.9592855325,49.74,57.13,False,0,True,0.0396
2023-12-28,2135.2584869125,157.22017947458335,64.95,57.03,False,0,True,0.0137
2023-12-29,2137.729076820833,198.7125071758333,88.47,56.92,False,0,True,0.004
2023-12-30,2139.676913183333,135.09690802333333,102.32,56.77,False,0,True,0.0018
2023-12-31,2141.2056735217398,122.04954404130434,114.47,56.62,False,0,True,0.001
2024-01-01,2142.602669233333,107.58050081083331,125.71,55.55,False,0,True,0.0006
2024-01-02,2143.8705301,98.46663005583332,134.44,55.55,False,0,True,0.0004
2024-01-03,2144.8519471333334,89.76900574875,129.84,55.54,False,0,True,0.0003
2024-01-04,2145.5726324,79.82932117291666,118.79,55.38,False,0,True,0.0004
2024-01-05,2146.178541504167,82.72995724458333,102.22,55.23,False,0,True,0.0004
2024-01-06,2146.134001795833,57.43671070083333,91.12,54.63,False,0,True,0.0006
2024-01-07,2145.2910260291665,39.87666912125,79.38,54.32,False,0,True,0.001
2024-01-08,2144.7782305166666,35.253450826666665,69.05,54.32,False,0,True,0.0015
2024-01-09,2144.2237625166667,33.42219468458333,59.76,54.32,False,0,True,0.0024
2024-01-10,2143.784708333333,30.813553595833334,51.34,54.32,False,0,True,0.0037
2024-01-11,2143.3904166666666,28.69549609583333,44.03,54.32,False,0,True,0.0057
2024-01-12,2142.7147725416667,30.20482944375,36.53,55.23,False,0,True,0.0096
2024-01-13,2142.2581477875,34.025161975833335,33.18,55.23,False,0,True,0.0131
2024-01-14,2142.4138985166664,66.68747825666667,37.01,55.23,False,0,True,0.01
2024-01-15,2142.8930342625,48.18789273,38.86,54.32,False,0,True,0.0084
2024-01-16,2143.283326825,62.12266905166667,42.96,54.32,False,0,True,0.0061
2024-01-17,2144.11875,147.4065590975,59.62,52.61,False,0,True,0.0027
2024-01-18,2144.867808429167,123.99963383458334,73.23,52.36,False,0,True,0.0014
2024-01-19,2145.187869875,82.78405439791666,80.74,52.36,False,0,True,0.0011
2024-01-20,2145.148333333333,131.969539985,94.74,52.36,False,0,True,0.0008
2024-01-21,2146.1004166666667,123.05303771541666,102.79,49.8,False,0,True,0.0006
2024-01-22,2146.3370833333333,83.00151408916666,107.76,48.74,False,0,True,0.0005
2024-01-23,2146.0604166666667,51.965268317083336,106.31,48.25,False,0,True,0.0006
2024-01-24,2145.3083333333334,45.67893845625,91.78,48.25,False,0,True,0.001
2024-01-25,2144.5237463375,34.737693434166665,79.03,48.74,False,0,True,0.0016
2024-01-26,2143.4187479666666,30.88275389625,71.61,49.26,False,0,True,0.0025
2024-01-27,2142.2191674791666,25.708391281666668,56.43,49.31,False,0,True,0.0055
2024-01-28,2140.986664225,23.676073649166668,42.24,49.8,False,0,True,0.0134
2024-01-29,2139.8238260875,25.21946188375,33.98,50.93,False,0,True,0.0264
2024-01-30,2138.7060913083333,22.50771223875,29.77,52.01,False,0,True,0.0426
2024-01-31,2137.5341304347826,19.522026014782607,26.04,52.08,False,0,True,0.0726
2024-02-01,2136.26875,22.79338743,24.33,52.38,False,0,True,0.1072
2024-02-02,2135.164583333333,24.171378942083333,23.37,53.63,False,0,True,0.1375
2024-02-03,2134.1016666666665,29.98901557083333,23.98,55.22,False,0,True,0.1516
2024-02-04,2133.9708333333333,58.058183812083335,28.89,58.4,False,0,True,0.0957
2024-02-05,2134.0978165708334,82.09390659791667,37.02,60.71,False,0,True,0.051
2024-02-06,2134.90875,98.3414193075,47.85,62.01,False,0,True,0.0234
2024-02-07,2134.495,44.35621817125,51.4,62.73,False,0,True,0.0214
2024-02-08,2134.2916666666665,52.47056756875,55.64,62.95,False,0,True,0.0187
2024-02-09,2134.0775,37.502047885,57.54,63.01,False,0,True,0.0182
2024-02-10,2133.9738,63.66046557916667,62.35,63.25,False,0,True,0.0155
2024-02-11,2134.1954166666665,50.867121945,61.33,63.47,False,0,True,0.0151
2024-02-12,2133.559583333333,34.169921775,54.48,64.37,False,0,True,0.0218
2024-02-13,2133.3472342916666,37.285182130416665,45.76,64.59,False,0,True,0.0331
2024-02-14,2132.95375,48.435045941666665,46.34,64.81,False,0,True,0.0348
2024-02-15,2132.935,97.04440148958334,52.71,66.3,False,0,True,0.0251
2024-02-16,2133.0339217125,65.8128962575,56.75,69.37,False,0,True,0.0187
2024-02-17,2133.3504166666667,116.45412121958331,64.3,69.84,False,0,True,0.013
2024-02-18,2134.4095833333336,80.92571556333333,68.59,69.84,False,0,True,0.0089
2024-02-19,2134.643406166667,40.34745976083333,69.47,69.84,False,0,True,0.0082
2024-02-20,2134.0754166666666,46.22297493833333,70.75,69.84,False,0,True,0.009
2024-02-21,2133.793333333333,51.40695236916667,71.17,69.84,False,0,True,0.0094
2024-02-22,2133.150833333333,37.03853521458333,62.6,69.84,False,0,True,0.0144
2024-02-23,2132.2320833333333,30.09496064,57.5,69.84,False,0,True,0.0214
2024-02-24,2131.4825,28.697904690833333,44.96,68.04,False,0,True,0.0457
2024-02-25,2131.075,25.798728155416665,37.09,66.3,False,0,True,0.0792
2024-02-26,2130.46625,28.521889366666667,35.4,66.09,False,0,True,0.0997
2024-02-27,2129.7208333333333,26.54557526958333,32.59,65.43,False,0,True,0.1393
2024-02-28,2128.59375,18.863949219583333,27.94,65.15,False,0,True,0.2298
2024-02-29,2127.44,19.46834120869565,25.43,65.04,False,0,True,0.3251
2024-03-01,2127.2929166666668,80.24822858,32.59,64.89,False,0,True,0.2242
2024-03-02,2128.107916666667,72.93116858041667,38.91,64.75,False,0,True,0.1398
2024-03-03,2129.0354166666666,56.714687500416666,43.33,64.74,False,0,True,0.0938
2024-03-04,2129.4791666666665,42.60816645166667,45.34,64.7,False,0,True,0.078
2024-03-05,2129.51125,47.489424327916666,48.33,64.74,False,0,True,0.0678
2024-03-06,2129.561221108333,32.901580795,50.34,64.75,False,0,True,0.0617
2024-03-07,2128.772916666667,35.273647985833335,52.6,64.75,False,0,True,0.0667
2024-03-08,2128.8075,52.81564744666667,48.68,64.7,False,0,True,0.0778
2024-03-09,2128.749583333333,60.70491466791667,46.93,64.44,False,0,True,0.0857
2024-03-10,2129.33625,45.84017963,45.38,64.44,False,0,True,0.081
2024-03-11,2129.61875,43.685641735833336,45.53,64.44,False,0,True,0.0758
2024-03-12,2129.704583333333,36.842608085,44.01,64.44,False,0,True,0.0798
2024-03-13,2128.7745833333333,54.22627554833333,47.06,64.44,False,0,True,0.0847
2024-03-14,2128.608333333333,100.65605104166669,56.4,64.44,False,0,True,0.0605
2024-03-15,2129.225,72.058879475,59.14,65.44,False,0,True,0.0461
2024-03-16,2129.3329166666667,42.66640057916667,56.57,65.81,False,0,True,0.0488
2024-03-17,2129.335416666667,32.43706973041667,54.65,66.1,False,1,True,0.0519
2024-03-18,2129.199583333333,28.191172090833334,52.44,67.0,False,1,True,0.0565
2024-03-19,2128.894583333333,28.5154265275,51.25,68.02,False,1,True,0.0611
2024-03-20,2128.3870015458333,26.18760725458333,47.24,69.95,False,1,True,0.0754
2024-03-21,2127.775833333333,22.40658051708333,36.07,71.44,False,1,True,0.1395
2024-03-22,2127.404583333333,47.87290481541667,32.61,73.91,False,1,True,0.1686
2024-03-23,2125.865,48.16034974916667,33.4,76.35,False,1,True,0.2016
2024-03-24,2124.9654138208334,43.477037251666665,34.97,77.12,False,1,True,0.2148
2024-03-25,2124.7516666666666,29.50516871083333,35.16,78.7,False,1,True,0.2124
2024-03-26,2124.1775,23.09152246833333,34.39,81.3,False,1,True,0.2296
2024-03-27,2121.903,22.44310965958333,33.85,85.29,False,1,True,0.3159
2024-03-28,2119.729875,17.612086065416666,33.17,89.37,False,1,True,0.4147
2024-03-29,2118.9744166666665,17.381161134166668,28.81,93.28,False,1,True,0.5084
2024-03-30,2118.2198333333336,18.515613795416662,24.58,95.84,False,1,True,0.6206
2024-03-31,2117.684436482609,17.576338550434784,20.88,95.84,False,1,True,0.7266
2024-04-01,2117.2747572416665,17.448149204583334,19.15,95.84,False,1,True,0.7795
2024-04-02,2116.79255485,44.37543035625,22.19,95.84,False,1,True,0.7401
2024-04-03,2116.580375,52.65056482958333,26.51,95.84,False,1,True,0.6685
2024-04-04,2116.7871063625,56.7955745375,32.11,95.84,False,1,True,0.5569
2024-04-05,2116.4666666666667,37.5282973675,34.98,95.84,False,1,True,0.528
2024-04-06,2116.47375,40.20937256916667,38.08,96.7,False,1,True,0.475
2024-04-07,2116.522916666667,31.71863898125,40.1,96.76,False,1,True,0.4433
2024-04-08,2116.1283333333336,25.894582939583334,41.31,96.92,False,1,True,0.4484
2024-04-09,2115.8366666666666,28.46234683625,39.04,96.7,False,1,True,0.4979
2024-04-10,2115.5829166666667,34.198983849583335,36.4,96.11,False,1,True,0.5549
2024-04-11,2115.169125,21.01489168208333,31.29,96.01,False,1,True,0.6579
2024-04-12,2113.813625,13.64724327875,27.88,96.01,False,1,True,0.7724
2024-04-13,2112.1675,12.597156944583332,23.93,96.01,False,1,True,0.8743
2024-04-14,2110.386549804167,15.614932352916666,21.63,96.01,False,1,True,0.9291
2024-04-15,2109.420166666667,16.661844545416667,20.31,96.7,False,1,True,0.9487
2024-04-16,2108.490458333333,30.635265874166667,20.62,97.1,True,1,True,0.9564
2024-04-17,2107.4232916666665,37.13119929416667,21.04,97.23,True,1,True,0.9639
2024-04-18,2107.327083333333,52.11137436083333,25.49,97.44,True,1,True,0.9467
2024-04-19,2108.2791666666667,99.96915390333334,37.82,97.44,True,1,True,0.856
2024-04-20,2109.5829166666667,56.84000269208333,44.14,100.92,True,1,True,0.741
2024-04-21,2110.50125,52.21669026958333,49.37,104.58,True,1,True,0.6229
2024-04-22,2111.3966666666665,92.73868671958331,60.23,106.44,True,1,True,0.4526
2024-04-23,2112.8304166666667,64.51355803958333,65.07,107.47,True,1,True,0.3283
2024-04-24,2113.174583333333,64.1696173,68.94,107.47,True,1,True,0.2843
2024-04-25,2114.01,55.54273493125,69.43,107.47,True,1,True,0.244
2024-04-26,2114.6633333333334,48.6811154075,62.1,106.85,True,1,True,0.2651
2024-04-27,2114.9740616875,45.25045761541666,60.44,106.62,True,1,True,0.2639
2024-04-28,2116.3136678041665,108.84298904208332,68.53,106.44,True,1,True,0.1668
2024-04-29,2117.6390055375,69.52582694375,65.22,106.31,True,1,True,0.1418
2024-04-30,2118.156086956522,60.37431148826087,64.63,105.93,True,1,True,0.1312
2024-05-01,2118.6425,51.03750580125,62.75,105.78,False,0,True,0.1264
2024-05-02,2119.1983333333333,42.68977587958334,60.91,105.74,False,0,True,0.1198
2024-05-03,2119.51,40.94773767666667,59.81,105.6,False,0,True,0.1169
2024-05-04,2120.4899764,94.23746048708334,66.81,104.01,False,0,True,0.0791
2024-05-05,2121.6375,147.42489713833334,72.32,102.08,False,0,True,0.0548
2024-05-06,2122.932083333333,100.45026156583332,76.74,101.42,False,0,True,0.0369
2024-05-07,2124.0779166666666,87.55499429041667,80.62,100.66,False,0,True,0.0262
2024-05-08,2125.5754166666666,106.12238183666666,88.49,99.47,False,0,True,0.0157
2024-05-09,2126.655832520833,91.86709070083332,95.51,98.88,False,0,True,0.0106
2024-05-10,2127.422916666667,62.320748719583335,98.57,98.88,False,0,True,0.0083
2024-05-11,2127.8483333333334,55.28765306416667,93.0,98.88,False,0,True,0.0085
2024-05-12,2128.3654166666665,50.86786760708333,79.21,98.88,False,0,True,0.0108
2024-05-13,2128.2328259291667,46.73493674375,71.54,98.88,False,0,True,0.0139
2024-05-14,2128.15125,52.40072991625,66.51,98.78,False,0,True,0.0166
2024-05-15,2128.3654166666665,55.96417786166667,59.35,98.71,False,0,True,0.0204
2024-05-16,2128.3204166666665,55.78473203666667,54.19,98.37,False,0,True,0.0253
2024-05-17,2128.4491666666668,61.47967348833333,54.07,98.29,False,0,True,0.0247
2024-05-18,2128.652858075,59.19819488458333,54.63,97.82,False,0,True,0.0234
2024-05-19,2129.143333333333,85.36918252375,59.56,97.82,False,0,True,0.0173
2024-05-20,2130.644583333333,160.66457470583333,75.84,97.62,False,0,True,0.0073
2024-05-21,2132.7920833333333,124.70836482333333,86.17,97.62,False,0,True,0.0034
2024-05-22,2133.82,98.77664739125,92.28,97.7,False,0,True,0.0023
2024-05-23,2135.025416666667,112.84366552458332,100.43,97.82,False,0,True,0.0014
2024-05-24,2135.78875,61.65409595083333,100.46,97.9,False,0,True,0.0012
2024-05-25,2135.8304166666667,95.11946073333333,105.59,97.82,False,0,True,0.0011
2024-05-26,2136.4866666666667,63.57545052625,102.48,97.82,False,0,True,0.001
2024-05-27,2137.099583333333,49.59678969833333,86.61,97.9,False,0,True,0.0012
2024-05-28,2137.866666666667,140.31775848791668,88.84,97.98,False,0,True,0.001
2024-05-29,2139.3748071291666,100.71209953666668,89.12,97.98,False,0,True,0.0007
2024-05-30,2140.3307897958334,62.90246292375,81.98,98.04,False,0,True,0.0007
2024-05-31,2140.838695652174,48.38221334956522,80.09,98.2,False,0,True,0.0006
2024-06-01,2140.7545833333334,43.73849645875,72.75,98.2,False,0,True,0.0008
2024-06-02,2140.5475,36.728338735,68.91,98.29,False,0,True,0.0009
2024-06-03,2139.9216666666666,29.56162983833333,66.05,98.35,False,0,True,0.0012
2024-06-04,2139.2681880708333,32.054023533333336,50.58,98.56,False,0,True,0.0024
2024-06-05,2139.33125,94.44580186833332,49.69,98.98,False,0,True,0.0024
2024-06-06,2140.48875,134.60475280166668,59.93,98.98,False,0,True,0.0012
2024-06-07,2142.1129166666665,163.2444531391667,76.34,98.98,False,0,True,0.0005
2024-06-08,2143.9041666666667,145.58793996875,90.89,98.95,False,0,True,0.0002
2024-06-09,2145.319128825,102.78987658875,100.33,98.95,False,0,True,0.0001
2024-06-10,2146.1408333333334,89.40190923583333,108.88,98.95,False,0,True,0.0001
2024-06-11,2146.8595833333334,125.22364701375,122.19,98.95,False,0,True,0.0001
2024-06-12,2147.9775,127.72902343208334,126.94,98.95,False,0,True,0.0
2024-06-13,2148.72625,124.28027761666668,125.47,99.07,False,0,True,0.0
2024-06-14,2149.33125,77.29259204625,113.19,100.77,False,0,True,0.0
2024-06-15,2149.6466666666665,91.20535827833334,105.42,104.64,False,0,True,0.0
2024-06-16,2151.1241666666665,332.33899189833335,138.21,106.01,False,0,True,0.0
2024-06-17,2152.8275,139.12158666583332,145.31,106.83,False,0,True,0.0
2024-06-18,2153.005833333333,86.26999389416666,139.75,106.85,False,0,True,0.0
2024-06-19,2152.73884725,67.81225272375,131.19,107.27,False,0,True,0.0
2024-06-20,2152.8541666666665,63.024689728333335,122.44,108.37,False,0,True,0.0
2024-06-21,2152.9841666666666,141.02476269333334,131.54,108.56,False,0,True,0.0
2024-06-22,2153.0607893875,99.42666797583334,132.72,110.44,False,0,True,0.0
2024-06-23,2152.812395425,67.07528498458333,94.82,110.44,False,0,True,0.0
2024-06-24,2152.6075,55.143603480416665,82.83,110.44,False,0,True,0.0
2024-06-25,2152.3125838208334,46.085714715,77.08,110.44,False,0,True,0.0
2024-06-26,2151.967396241667,44.12691708333333,73.7,110.44,False,0,True,0.0
2024-06-27,2151.567906495833,40.70633965166667,70.51,110.44,False,0,True,0.0001
2024-06-28,2151.5604166666667,37.600116704583336,55.74,110.44,False,0,True,0.0001
2024-06-29,2151.1295833333334,34.516662708333335,46.46,110.44,False,0,True,0.0001
2024-06-30,2151.011304347826,37.47496388043479,42.24,109.73,False,0,True,0.0002
2024-07-01,2150.9341666666664,40.05330756083333,40.08,105.48,False,0,True,0.0002
2024-07-02,2150.570684,70.26407752208333,43.53,103.94,False,0,True,0.0002
2024-07-03,2150.392083333333,76.91554352458333,48.22,103.69,False,0,True,0.0002
2024-07-04,2150.14875,43.01561965291667,48.55,103.22,False,0,True,0.0002
2024-07-05,2149.95375,33.67891043958333,47.99,103.04,False,0,True,0.0002
2024-07-06,2149.4010026083333,45.3950731475,49.54,102.02,False,0,True,0.0002
2024-07-07,2149.2132487,89.18643653541666,56.93,101.68,False,0,True,0.0002
2024-07-08,2149.710187579167,66.21329669708334,60.67,101.2,False,0,True,0.0001
2024-07-09,2149.724166666667,41.028336010833335,56.49,101.2,False,0,True,0.0002
2024-07-10,2149.7258333333334,63.047528588333336,54.51,99.47,False,0,True,0.0002
2024-07-11,2150.108333333333,47.94278167541667,55.21,99.3,False,0,True,0.0002
2024-07-12,2150.155833333333,35.124425779166664,55.42,99.05,False,0,True,0.0002
2024-07-13,2150.9766666666665,199.57939577,77.45,97.97,False,0,True,0.0001
2024-07-14,2151.996248775,102.97448865875,79.42,97.96,False,0,True,0.0
2024-07-15,2152.202083333333,71.63639288708333,80.19,97.9,False,0,True,0.0
2024-07-16,2152.226581625,49.45263867958333,81.39,97.78,False,0,True,0.0
2024-07-17,2152.4379166666668,37.55332829375,77.75,97.35,False,0,True,0.0
2024-07-18,2152.44625,32.808744490416665,75.59,94.89,False,0,True,0.0001
2024-07-19,2152.425833333333,34.037347708333336,75.43,89.14,False,0,True,0.0001
2024-07-20,2152.3083333333334,31.50895817125,51.42,84.38,False,0,True,0.0002
2024-07-21,2152.207083333333,34.95589986833333,41.71,83.21,False,0,True,0.0003
2024-07-22,2152.22,38.12856617208333,36.92,83.01,False,0,True,0.0004
2024-07-23,2152.265,57.040803387083336,38.0,82.92,False,0,True,0.0004
2024-07-24,2152.1008333333334,43.429727785833336,38.84,82.39,False,0,True,0.0004
2024-07-25,2151.96375,55.50352201333333,42.09,82.07,False,0,True,0.0003
2024-07-26,2152.2845833333336,59.40480111833333,45.71,81.41,False,0,True,0.0002
2024-07-27,2152.3929166666667,35.015358695416666,46.21,81.01,False,0,True,0.0002
2024-07-28,2152.4904166666665,28.738776820416668,45.32,77.72,False,0,True,0.0003
2024-07-29,2152.4308333333333,28.483102268333333,43.95,72.95,False,0,True,0.0003
2024-07-30,2152.3316666666665,40.86159757625,41.63,70.87,False,0,True,0.0004
2024-07-31,2152.3078260869565,44.19496338304348,41.74,69.84,False,0,True,0.0004
2024-08-01,2152.182916666666,31.264473757916665,38.28,67.59,False,0,True,0.0006
2024-08-02,2151.873333333333,31.35940923625,34.27,66.13,False,0,True,0.0009
2024-08-03,2151.5379166666667,24.867694245,32.82,65.28,False,0,True,0.0011
2024-08-04,2151.365,25.18021945875,32.32,64.2,False,0,True,0.0012
2024-08-05,2151.1629166666667,22.820962345833333,31.51,63.67,False,0,True,0.0013
2024-08-06,2150.7145833333334,35.3264429075,30.72,63.59,False,0,True,0.0016
2024-08-07,2150.4810416666664,34.98092817041667,29.4,63.12,False,0,True,0.0019
2024-08-08,2150.086208333333,22.106419114166663,28.09,60.63,False,0,True,0.0025
2024-08-09,2149.7437083333334,22.3667794825,26.81,59.07,False,0,True,0.0032
2024-08-10,2149.562416666666,21.584033973333334,26.34,58.25,False,0,True,0.0036
2024-08-11,2149.5940833333334,22.52335023208333,25.96,57.56,False,0,True,0.0038
2024-08-12,2149.638958333333,22.61316345708333,25.93,57.45,False,0,True,0.0038
2024-08-13,2149.5325,22.87826334875,24.15,57.44,False,0,True,0.0045
2024-08-14,2149.147916666667,18.629774429166662,21.81,57.26,False,0,True,0.0063
2024-08-15,2148.50125,15.457067654166666,20.86,54.99,False,0,True,0.0089
2024-08-16,2147.9129166666667,17.62755287875,20.19,54.83,False,0,True,0.011
2024-08-17,2147.630833333333,19.32088283208333,19.86,54.66,False,0,True,0.0122
2024-08-18,2147.6383333333333,19.103727322916665,19.38,54.18,False,0,True,0.0132
2024-08-19,2147.22375,14.945898489166666,18.28,52.73,False,0,True,0.0176
2024-08-20,2146.3595833333334,13.325778078333334,16.92,52.73,False,0,True,0.0253
2024-08-21,2145.5875,15.86644335625,16.52,52.73,False,0,True,0.0316
2024-08-22,2144.67875,11.9994435725,16.03,52.73,False,0,True,0.0412
2024-08-23,2143.476458333333,12.01641137375,15.23,52.54,False,0,True,0.0603
2024-08-24,2142.1183044416666,13.322793170833334,14.37,52.41,False,1,True,0.0912
2024-08-25,2141.2265,17.62089080375,14.16,51.84,False,1,True,0.1157
2024-08-26,2141.6495833333333,105.69051736083334,27.12,51.37,False,1,True,0.0279
2024-08-27,2142.1175,37.84419476125,30.62,51.07,False,1,True,0.0196
2024-08-28,2141.864333333333,22.293331326666667,31.54,50.13,False,1,True,0.0204
2024-08-29,2141.3241666666668,18.90581442875,32.53,48.85,False,1,True,0.0229
2024-08-30,2140.6366666666668,16.635824813333333,33.19,47.97,False,1,True,0.0268
2024-08-31,2139.824347826087,12.829781812173913,33.12,46.86,False,1,True,0.0342
2024-09-01,2139.03125,15.369607330833333,32.8,43.98,False,1,True,0.0484
2024-09-02,2138.457083333333,15.682766581666666,19.94,39.6,False,1,True,0.1857
2024-09-03,2137.295,13.186339257916666,16.41,37.05,False,1,True,0.3516
2024-09-04,2136.212708333333,11.601539637916666,14.89,35.78,False,1,True,0.4855
2024-09-05,2134.697083333333,9.266759660833332,13.51,35.16,False,1,True,0.6341
2024-09-06,2133.3725304375,23.77789455208333,14.53,33.56,False,1,True,0.6921
2024-09-07,2132.95225,20.52937575583333,15.63,33.18,False,1,True,0.6843
2024-09-08,2132.199583333333,16.41429712125,15.78,32.8,False,1,True,0.7221
2024-09-09,2131.110833333333,40.68646946,19.35,32.52,False,1,True,0.6845
2024-09-10,2131.0737906875,40.744934460833335,23.29,32.25,False,1,True,0.597
2024-09-11,2130.3516666666665,17.865551474583334,24.18,32.05,False,1,True,0.6205
2024-09-12,2128.73575,8.46422879,24.07,31.84,False,1,True,0.7089
2024-09-13,2126.9203341458333,7.322663278333334,21.72,28.04,False,1,True,0.8648
2024-09-14,2125.4489583333334,12.657664565833333,20.59,28.04,False,1,True,0.9099
2024-09-15,2124.308977375,14.532790663333332,20.32,28.04,False,1,True,0.9311
2024-09-16,2122.773291666667,14.839449182083332,16.63,28.04,False,1,True,0.9678
2024-09-17,2122.163541666667,20.93837976,13.8,28.04,False,1,True,0.9812
2024-09-18,2121.1222916666666,18.859077615,13.94,28.04,False,1,True,0.9848
2024-09-19,2120.0409599625,19.87825221458333,15.58,28.04,False,1,True,0.9849
2024-09-20,2118.82716325,14.259354304166669,16.57,28.04,False,1,True,0.9869
2024-09-21,2117.038458333333,11.988452346666667,16.47,28.35,False,1,True,0.9911
2024-09-22,2116.8259166666667,45.32302307083334,20.87,28.35,False,1,True,0.9858
2024-09-23,2117.431958333333,31.122755640416667,23.2,28.35,True,1,True,0.9795
2024-09-24,2117.616,19.14203145875,22.94,28.35,True,1,True,0.9791
2024-09-25,2117.336575,13.231598742083332,22.14,29.08,True,1,True,0.9807
2024-09-26,2116.9244583333334,16.375945934166666,21.63,29.98,True,1,True,0.982
2024-09-27,2116.8373333333334,13.41019564125,21.51,31.51,True,1,True,0.9802
2024-09-28,2117.000583333333,15.45376543375,22.01,32.61,True,1,True,0.9766
2024-09-29,2117.337916666667,20.948318867083334,18.53,33.08,True,1,True,0.982
2024-09-30,2117.9965327782606,43.37479392782609,20.28,34.33,True,1,True,0.9722
2024-10-01,2118.6705708333334,35.718758139583336,22.64,35.34,True,1,True,0.9561
2024-10-02,2119.2145,25.08745343458333,24.34,36.31,True,1,True,0.9386
2024-10-03,2119.67875,26.358793634166663,25.76,37.24,True,1,True,0.9191
2024-10-04,2119.599166666667,15.204579290833331,26.02,38.3,True,1,True,0.9134
2024-10-05,2118.501,14.8462571375,25.93,39.02,True,1,True,0.9288
2024-10-06,2117.269458333333,12.616670161666669,24.74,39.29,True,1,True,0.9498
2024-10-07,2116.072833333333,9.843886574583331,19.95,39.17,True,1,True,0.9759
2024-10-08,2114.1082083333336,3.2004078945833334,15.31,39.31,True,1,True,0.9913
2024-10-09,2113.00125,13.233561728333331,13.61,39.82,True,1,True,0.9946
2024-10-10,2112.863125,16.152420194583332,12.16,40.09,True,1,True,0.9958
2024-10-11,2112.7727495958334,26.637065655,13.79,40.11,True,1,True,0.9946
2024-10-12,2113.4025499,27.396855672083333,15.58,40.11,True,1,True,0.9919
2024-10-13,2113.986971858333,30.52008703708333,18.14,40.11,True,1,True,0.987
2024-10-14,2114.750791666667,47.67604767083333,23.55,39.35,True,1,True,0.9741
2024-10-15,2115.571459145833,78.04232800166666,34.24,38.79,True,1,True,0.9335
2024-10-16,2116.7117916666666,40.07220467708333,38.07,37.67,True,1,True,0.9019
2024-10-17,2116.7762916666666,21.18484080875,38.79,37.0,True,1,True,0.9008
2024-10-18,2116.447833333333,16.283528310416667,37.31,36.42,True,1,True,0.9175
2024-10-19,2116.3884166666667,13.395465685833331,35.31,36.5,True,1,True,0.9268
2024-10-20,2115.8122083333333,11.102378780833334,32.54,36.38,True,1,True,0.9459
2024-10-21,2115.109125,10.902762925416669,27.28,36.67,True,1,True,0.9675
2024-10-22,2113.8745416666666,6.792535602083333,17.1,36.97,True,1,True,0.9909
2024-10-23,2112.869291666667,10.691485832083334,12.91,36.79,True,1,True,0.9962
2024-10-24,2111.892208333333,8.568218841666667,11.11,36.7,True,1,True,0.9978
2024-10-25,2111.1846678875,11.404263272083334,10.41,36.38,True,1,True,0.9984
2024-10-26,2111.463708333333,15.75349149,10.75,35.98,True,1,True,0.9983
2024-10-27,2111.7788333333333,14.5465332325,11.24,35.82,True,1,True,0.9979
2024-10-28,2112.256747854167,37.68863085666667,15.06,35.63,True,1,True,0.9957
2024-10-29,2113.2780314791667,42.68981820208333,20.19,35.41,True,1,True,0.9898
2024-10-30,2114.0524312125,38.971571984166665,24.23,35.26,True,1,True,0.982
2024-10-31,2114.7754783478263,30.346981707826085,27.34,35.11,True,1,True,0.9728
2024-11-01,2115.2360416666666,19.89886465958333,28.56,34.95,True,1,True,0.9672
2024-11-02,2115.2225,23.175337406666667,29.62,34.75,True,1,True,0.9651
2024-11-03,2115.6875,25.796314197916665,31.22,34.75,True,1,True,0.9568
2024-11-04,2116.075208333333,19.5932961025,28.64,34.75,True,1,True,0.9608
2024-11-05,2115.900291666667,15.948419035,24.82,34.75,True,1,True,0.9723
2024-11-06,2115.072458333333,13.651234612083334,21.2,34.75,True,1,True,0.9837
2024-11-07,2113.4243513166666,5.750254568333333,17.69,34.75,True,1,True,0.9924
2024-11-08,2112.231625,4.797179195833333,15.53,34.2,True,1,True,0.9959
2024-11-09,2111.0421666666666,7.930756127083334,13.35,34.14,True,1,True,0.9978
2024-11-10,2111.152958333333,12.393896835416667,11.44,33.92,True,1,True,0.9984
2024-11-11,2111.427228595833,12.0168112275,10.36,33.81,True,1,True,0.9986
2024-11-12,2111.606625,9.717480015833331,9.47,33.67,True,1,True,0.9988
2024-11-13,2111.415875,8.234334165416668,8.69,33.44,True,1,True,0.9991
2024-11-14,2110.954625,6.7261417975,8.83,32.93,True,1,True,0.9992
2024-11-15,2110.585625,6.757308388333334,9.11,32.46,True,1,True,0.9992
2024-11-16,2110.435,10.7123282025,9.51,31.8,True,1,True,0.9992
2024-11-17,2110.6805833333333,11.710472414166668,9.41,31.12,True,1,True,0.9992
2024-11-18,2110.9335,10.42266932875,9.18,30.83,True,1,True,0.9993
2024-11-19,2111.1029583333334,9.613453603333332,9.17,30.75,True,1,True,0.9992
2024-11-20,2111.133458333333,9.79669568,9.39,31.69,True,1,True,0.9991
2024-11-21,2111.082,7.548254830833334,9.51,31.69,True,1,True,0.9991
2024-11-22,2110.913064370833,10.114343980416669,9.99,31.69,True,1,True,0.999
2024-11-23,2111.1898333333334,13.892165586666666,10.44,32.02,True,1,True,0.9989
2024-11-24,2111.5270416666667,15.918588348333332,11.04,33.3,True,1,True,0.9984
2024-11-25,2111.753875,10.44347935125,11.05,33.48,True,1,True,0.9983
2024-11-26,2111.5160416666668,10.170487955416666,11.13,33.48,True,1,True,0.9984
2024-11-27,2111.229083333333,24.365066127916663,13.21,33.48,True,1,True,0.9978
2024-11-28,2111.4285416666667,26.76490790125,15.95,33.48,True,1,True,0.9965
2024-11-29,2111.79675,21.89431728458333,17.64,33.48,True,1,True,0.9953
2024-11-30,2112.226391304348,17.57947930652174,18.16,33.48,True,1,True,0.9945
2024-12-01,2112.639208333333,20.049210401666667,18.75,33.48,True,1,True,0.9935
2024-12-02,2112.971666666667,13.293755300833332,19.16,33.48,True,1,True,0.9926
2024-12-03,2112.263125,5.5640929620833335,18.5,33.48,True,1,True,0.9942
2024-12-04,2111.765125,13.848120055,17.0,33.48,True,1,True,0.9957
2024-12-05,2112.1789166666667,26.48983585625,16.96,32.95,True,1,True,0.9955
2024-12-06,2112.483375,30.628442861666667,18.21,33.92,True,1,True,0.9939
2024-12-07,2112.9106666666667,40.62007409,21.5,35.22,True,1,True,0.9893
2024-12-08,2113.358041666667,36.34284359625,23.83,36.76,True,1,True,0.9836
2024-12-09,2114.1100406916667,38.20849719125,27.39,39.32,True,1,True,0.9689
2024-12-10,2114.278625,30.780135424166662,30.99,41.77,True,1,True,0.9514
2024-12-11,2114.9909583333333,44.876861991666665,35.42,44.38,True,1,True,0.9139
2024-12-12,2115.629374591667,28.54862091,35.72,46.93,True,1,True,0.8865
2024-12-13,2115.749875,25.14131625,34.93,50.22,True,1,True,0.8707
2024-12-14,2115.960625,49.529104744583336,36.2,52.56,True,1,True,0.8408
2024-12-15,2116.1365833333334,32.889331227916664,35.71,53.82,True,1,True,0.8313
2024-12-16,2116.7872916666665,52.66014459083333,37.78,55.23,True,1,True,0.7781
2024-12-17,2117.1447916666666,28.94830705333333,37.51,55.93,True,1,True,0.7606
2024-12-18,2117.63125,46.39573315541666,37.73,56.46,True,1,True,0.7326
2024-12-19,2118.441125,40.10515925875,39.38,56.75,True,1,True,0.6712
2024-12-20,2118.7022718916664,26.343762484583333,39.55,57.62,False,0,True,0.6469
2024-12-21,2118.5074331875,22.41457246333333,35.68,61.04,False,0,True,0.6757
2024-12-22,2117.814875,20.558076813333333,33.92,60.73,False,0,True,0.7347
2024-12-23,2117.867083333333,32.20396625041667,31.0,59.61,False,0,True,0.7779
2024-12-24,2118.32875,35.99907080208333,32.0,62.59,False,0,True,0.7218
2024-12-25,2118.848934229167,38.234417014583336,30.84,58.29,False,0,True,0.7493
2024-12-26,2119.5929381416668,52.075099645,32.55,57.13,False,0,True,0.7015
2024-12-27,2120.7213027375,108.94303672083332,44.35,57.03,False,0,True,0.4783
2024-12-28,2122.409439175,84.61782233,53.23,56.92,False,0,True,0.294
2024-12-29,2123.187426904167,71.39426979958333,60.5,56.77,False,0,True,0.2088
2024-12-30,2124.483472375,85.39854442083333,68.09,56.62,False,0,True,0.1316
2024-12-31,2125.713706747826,70.02268434782609,72.96,56.09,False,0,True,0.0912
2025-01-01,2127.0790654625,112.01758490708332,83.5,55.55,False,0,True,0.0527
2025-01-02,2129.1062866,138.29688888791668,95.81,55.55,False,0,True,0.0251
2025-01-03,2130.9205,150.08789570916667,101.69,55.54,False,0,True,0.0146
2025-01-04,2132.730458333333,146.2801750766667,110.5,55.38,False,0,True,0.0081
2025-01-05,2134.8794166666667,160.8773490733333,123.28,55.23,False,0,True,0.0039
2025-01-06,2136.639166666667,109.95621581708332,126.79,54.63,False,0,True,0.0025
2025-01-07,2137.827083333333,83.52338179083333,128.72,54.32,False,0,True,0.0019
2025-01-08,2139.330833333333,149.42544607166667,134.06,54.32,False,0,True,0.0012
2025-01-09,2140.9494,139.46058766958333,134.23,54.32,False,0,True,0.0008
2025-01-10,2142.323125,115.86091233875,129.34,54.32,False,0,True,0.0007
2025-01-11,2143.3592083333333,86.20077128083334,120.76,54.32,False,0,True,0.0006
2025-01-12,2144.2246195458333,70.03356253833333,107.78,55.23,False,0,True,0.0006
2025-01-13,2144.92325,55.63771939791667,100.02,55.23,False,0,True,0.0006
2025-01-14,2145.089375,46.168553134166665,94.68,55.23,False,0,True,0.0007
2025-01-15,2144.81625,50.97382936666666,80.62,54.32,False,0,True,0.0011
2025-01-16,2144.5075,47.88019424375,67.54,54.32,False,0,True,0.0017
2025-01-17,2144.374040445833,46.93134564125,57.69,52.61,False,0,True,0.0027
2025-01-18,2144.8454166666666,53.55630844958333,53.03,52.36,False,0,True,0.003
2025-01-19,2145.415708333333,51.25908703708333,50.34,52.36,False,0,True,0.0029
2025-01-20,2145.9082083333333,57.45054086416667,50.6,52.36,False,0,True,0.0026
2025-01-21,2145.776375,51.83092977708333,51.41,49.8,False,0,True,0.0029
2025-01-22,2145.796375,62.88942272333333,53.11,48.74,False,0,True,0.0028
2025-01-23,2146.084978595833,63.539325409166665,55.35,48.25,False,0,True,0.0025
2025-01-24,2146.2462498375,42.00393422125,54.65,48.25,False,0,True,0.0025
2025-01-25,2146.0357916666667,37.46751091125,52.35,48.74,False,0,True,0.0028
2025-01-26,2146.166,46.664104244583335,51.69,49.26,False,0,True,0.0027
2025-01-27,2146.695041666667,47.383795948333336,50.25,49.31,False,0,True,0.0025
2025-01-28,2147.187042075,45.18310667375,49.3,49.8,False,0,True,0.0023
2025-01-29,2147.789333333333,75.89856342791667,51.16,50.93,False,0,True,0.0017
2025-01-30,2148.7654150375,85.00968649625,54.23,52.01,False,0,True,0.0012
2025-01-31,2149.59,72.37576281782609,58.57,52.08,False,0,True,0.0008
2025-02-01,2150.204583333333,47.144525155,59.95,52.38,False,0,True,0.0007
2025-02-02,2150.681583333333,41.42795258291667,59.2,53.63,False,0,True,0.0006
2025-02-03,2150.9066666666668,31.3222021925,56.91,55.22,False,0,True,0.0005
2025-02-04,2151.0756567375,37.918118980416665,55.87,58.4,False,0,True,0.0005
2025-02-05,2151.368631670833,40.50794946,50.82,60.71,False,0,True,0.0005
2025-02-06,2151.4054178875,35.294052986666664,43.71,62.01,False,0,True,0.0007
2025-02-07,2151.549125,39.539309637083335,39.02,62.73,False,0,True,0.0008
2025-02-08,2151.8165,44.299074420833335,38.62,62.95,False,0,True,0.0008
2025-02-09,2152.344526204167,64.37122789333333,41.89,63.01,False,0,True,0.0006
2025-02-10,2152.9399858375,57.00844621125,45.56,63.25,False,0,True,0.0004
2025-02-11,2152.9595,80.66443782375,51.67,63.47,False,0,True,0.0003
2025-02-12,2153.0703987625,125.70666905208331,63.84,64.37,False,0,True,0.0002
2025-02-13,2153.015,127.29622932333334,76.98,64.59,False,0,True,0.0001
2025-02-14,2153.39875,205.90441613416667,100.75,64.81,False,0,True,0.0001
2025-02-15,2153.7833333333333,174.60082022208334,119.36,66.3,False,0,True,0.0
2025-02-16,2154.0304166666665,185.40944661333333,136.66,69.37,False,0,True,0.0
2025-02-17,2154.0095,174.65192942541665,153.46,69.84,False,0,True,0.0
2025-02-18,2154.3195833333334,295.3151836225,184.13,69.84,False,0,True,0.0
2025-02-19,2154.3216666666667,239.793798015,200.42,69.84,False,0,True,0.0
2025-02-20,2154.107916666667,189.9155393866667,209.37,69.84,False,0,True,0.0
2025-02-21,2153.9425,153.90666860791666,201.94,69.84,False,0,True,0.0
2025-02-22,2153.6575,120.73290813083334,194.25,69.84,False,0,True,0.0
2025-02-23,2153.748333333333,110.34998779625,183.52,69.84,False,0,True,0.0
2025-02-24,2153.565416666667,93.28865701583334,171.9,68.04,False,0,True,0.0
2025-02-25,2153.339166666666,87.78613245916667,142.25,66.3,False,0,True,0.0
2025-02-26,2153.423333333333,103.0856983775,122.72,66.09,False,0,True,0.0
2025-02-27,2153.4879166666665,98.77662952833332,109.7,65.43,False,0,True,0.0
2025-02-28,2153.480782608696,103.66175037,102.53,65.15,False,0,True,0.0001
2025-03-01,2153.79375,164.76894065208333,108.82,65.04,False,0,True,0.0
2025-03-02,2154.09125,223.51320676458332,124.98,64.89,False,0,True,0.0
2025-03-03,2154.518333333333,355.2716536229167,162.41,64.75,False,0,True,0.0
2025-03-04,2154.3654166666665,236.25524328458332,183.62,64.74,False,0,True,0.0
2025-03-05,2154.1045833333333,189.1761989475,195.92,64.7,False,0,True,0.0
2025-03-06,2154.048333333333,177.1852225725,207.12,64.74,False,0,True,0.0
2025-03-07,2153.919309083333,149.6536278475,213.69,64.75,False,0,True,0.0
2025-03-08,2153.605,122.04265490041666,207.59,64.75,False,0,True,0.0
2025-03-09,2153.59625,114.32172662041668,191.99,64.7,False,0,True,0.0
2025-03-10,2153.38,85.39961253041666,153.43,64.44,False,0,True,0.0
2025-03-11,2153.3229166666665,99.99059349375,133.97,64.44,False,0,True,0.0
2025-03-12,2153.275416666667,83.14352684166667,118.82,64.44,False,0,True,0.0
2025-03-13,2153.074583333333,77.39313540833334,104.56,64.44,False,0,True,0.0001
2025-03-14,2153.2608333333333,105.97692725708332,98.32,64.44,False,0,True,0.0001
2025-03-15,2153.43375,118.65387149,97.84,64.44,False,0,True,0.0001
2025-03-16,2153.56,96.37465033916666,95.28,65.44,False,0,True,0.0001
2025-03-17,2153.633333333333,95.89530894083332,96.78,65.81,False,0,True,0.0001
2025-03-18,2153.55625,89.41293317125,95.26,66.1,False,0,True,0.0001
2025-03-19,2153.32,69.90730480875,93.37,67.0,False,0,True,0.0001
2025-03-20,2153.173333333333,61.303622765,91.07,68.02,False,0,True,0.0001
2025-03-21,2153.1641666666665,63.87818902875,85.06,69.95,False,0,True,0.0001
2025-03-22,2153.230833333333,91.93996689,81.24,71.44,False,0,True,0.0001
2025-03-23,2153.5629166666668,122.17050583333334,84.93,73.91,False,0,True,0.0001
2025-03-24,2153.42625,73.3129329975,81.7,76.35,False,0,True,0.0001
2025-03-25,2153.10375,56.728606075,77.03,77.12,False,0,True,0.0001
2025-03-26,2152.99875,51.41978255166666,74.39,78.7,False,0,True,0.0001
2025-03-27,2153.0191666666665,76.85494472416667,76.61,81.3,False,0,True,0.0001
2025-03-28,2153.151666666666,86.4580938375,79.84,85.29,False,0,True,0.0001
2025-03-29,2153.407083333333,131.07818816833333,85.43,89.37,False,0,True,0.0
2025-03-30,2153.730833333333,172.86409610208332,92.67,93.28,False,0,True,0.0
2025-03-31,2153.809565217391,166.0026868621739,105.92,95.84,False,0,True,0.0
2025-04-01,2153.5404166666667,190.06069977916667,124.96,95.84,False,0,True,0.0
2025-04-02,2154.0133333333333,255.11264513583333,154.06,95.84,False,0,True,0.0
2025-04-03,2153.86125,176.6958045475,168.32,95.84,False,0,True,0.0
2025-04-04,2153.8641666666667,189.3555618270833,183.02,95.84,False,0,True,0.0
2025-04-05,2153.9566666666665,191.10531719666668,191.6,95.84,False,0,True,0.0
2025-04-06,2154.3529166666667,364.95465016875,219.04,95.84,False,0,True,0.0
2025-04-07,2154.255833333333,294.76722280583334,237.44,96.7,False,0,True,0.0
2025-04-08,2153.8525,171.59368435375,234.8,96.76,False,0,True,0.0
2025-04-09,2153.684583333333,145.87050817125,219.19,96.92,False,0,True,0.0
2025-04-10,2153.8929166666667,191.61164484416668,221.32,96.7,False,0,True,0.0
2025-04-11,2154.31125,318.5568490091667,239.78,96.11,False,0,True,0.0
2025-04-12,2154.50625,300.72244426791667,255.44,96.01,False,0,True,0.0
2025-04-13,2154.366666666667,274.68620415375,242.54,96.01,False,0,True,0.0
2025-04-14,2154.153333333333,188.83600349125,227.41,96.01,False,0,True,0.0
2025-04-15,2153.875,135.06728851416668,222.19,96.01,False,0,True,0.0
2025-04-16,2153.6379166666666,105.51356170083334,216.43,96.7,False,0,True,0.0
2025-04-17,2153.6666666666665,127.30782568666666,207.24,97.1,False,0,True,0.0
2025-04-18,2153.93375,185.79019035125,188.27,97.23,False,0,True,0.0
2025-04-19,2153.86,129.63731998041666,163.83,97.44,False,0,True,0.0
2025-04-20,2153.6891666666666,103.16044312041667,139.33,97.44,False,0,True,0.0
2025-04-21,2153.452083333333,84.13791165166667,124.37,100.92,False,0,True,0.0
2025-04-22,2153.164583333333,66.25531918833333,114.54,104.58,False,0,True,0.0
2025-04-23,2152.991666666667,63.19529373458333,108.5,106.44,False,0,True,0.0
2025-04-24,2152.6229166666667,71.60055703666667,100.54,107.47,False,0,True,0.0
2025-04-25,2152.7233333333334,87.7743548825,86.54,107.47,False,0,True,0.0
2025-04-26,2153.0091666666667,107.01637764833332,83.31,107.47,False,0,True,0.0
2025-04-27,2153.6158333333333,152.65938877208333,90.38,106.85,False,0,True,0.0
2025-04-28,2153.8475,234.73914549041663,111.89,106.62,False,0,True,0.0
2025-04-29,2153.7916666666665,156.99038126791666,124.85,106.44,False,0,True,0.0
2025-04-30,2153.675936226087,116.78293957434782,132.51,106.31,False,0,True,0.0
2025-05-01,2153.790833333333,139.34761225708334,142.19,105.93,False,0,True,0.0
2025-05-02,2153.94625,167.68481667333333,153.6,105.78,False,0,True,0.0
2025-05-03,2153.782083333333,121.02255451416669,155.6,105.74,False,0,True,0.0
2025-05-04,2153.6158333333333,98.44002476958332,147.86,105.6,False,0,True,0.0
2025-05-05,2153.6295833333334,129.77885799291667,132.86,104.01,False,0,True,0.0
2025-05-06,2153.67875,142.49597570708335,130.79,102.08,False,0,True,0.0
2025-05-07,2153.69625,102.30399444916668,128.72,101.42,False,0,True,0.0
2025-05-08,2153.585416666667,87.33095656458333,121.29,100.66,False,0,True,0.0
2025-05-09,2153.5970833333336,83.26780732125,109.23,99.47,False,0,True,0.0
2025-05-10,2153.7528290208334,198.61593285916663,120.32,98.88,False,0,True,0.0
2025-05-11,2154.4525,397.2206993095833,163.0,98.88,False,0,True,0.0
2025-05-12,2155.141666666667,728.7774620508334,248.57,98.88,False,0,True,0.0
2025-05-13,2155.1408333333334,525.8067521008334,303.33,98.88,False,0,True,0.0
2025-05-14,2154.36875,230.97423326625,321.71,98.88,False,0,True,0.0
2025-05-15,2154.018333333333,166.3614422675,333.0,98.78,False,0,True,0.0
2025-05-16,2153.8725,134.41814647875,340.31,98.71,False,0,True,0.0
2025-05-17,2153.835,131.88906427708332,330.78,98.37,False,0,True,0.0
2025-05-18,2153.88,145.05332665666666,294.75,98.29,False,0,True,0.0
2025-05-19,2154.09875,248.76879964416668,226.18,97.82,False,0,True,0.0
2025-05-20,2154.34375,239.06168053041668,185.22,97.82,False,0,True,0.0
2025-05-21,2154.056666666667,188.3586101420833,179.13,97.62,False,0,True,0.0
2025-05-22,2154.040833333333,183.1211832970833,181.52,97.62,False,0,True,0.0
2025-05-23,2153.95,149.59950777916666,183.69,97.7,False,0,True,0.0
2025-05-24,2153.903333333333,139.13985343333334,184.73,97.82,False,0,True,0.0
2025-05-25,2153.8004166666665,119.8182625975,181.12,97.9,False,0,True,0.0
2025-05-26,2153.905,151.62739292125,167.25,97.82,False,0,True,0.0
2025-05-27,2153.7973295083334,112.25340126791669,149.13,97.82,False,0,True,0.0
2025-05-28,2153.787083333333,126.30739759625,140.27,97.9,False,0,True,0.0
2025-05-29,2153.8082246916665,126.03600355166668,132.11,97.98,False,0,True,0.0
2025-05-30,2153.768333333333,121.399729855,128.08,97.98,False,0,True,0.0
2025-05-31,2153.8817391304347,153.65181463695652,130.16,98.04,False,0,True,0.0
2025-06-01,2153.8416666666667,120.87146761125,130.31,98.2,False,0,True,0.0
2025-06-02,2153.7516666666666,103.30167626958334,123.4,98.2,False,0,True,0.0
2025-06-03,2153.6920833333334,97.68098250916668,121.32,98.29,False,0,True,0.0
2025-06-04,2153.9754166666667,217.64610468875,134.37,98.35,False,0,True,0.0
2025-06-05,2154.1604166666666,207.7022434675,146.04,98.56,False,0,True,0.0
2025-06-06,2154.05625,185.74456986791665,155.23,98.98,False,0,True,0.0
2025-06-07,2153.8654166666665,168.81897843125,157.4,98.98,False,0,True,0.0
2025-06-08,2153.8170833333334,126.22019470083332,158.16,98.98,False,0,True,0.0
2025-06-09,2153.9129166666667,165.09115373916666,166.99,98.95,False,0,True,0.0
2025-06-10,2153.88625,127.33604648583334,171.22,98.95,False,0,True,0.0
2025-06-11,2153.7604166666665,104.28085735708332,155.03,98.95,False,0,True,0.0
2025-06-12,2153.52,81.79679380041667,137.04,98.95,False,0,True,0.0
2025-06-13,2153.31875,69.68190375916667,120.46,98.95,False,0,True,0.0
2025-06-14,2153.187083333333,65.04044632458333,105.64,99.07,False,0,True,0.0
2025-06-15,2153.3570833333333,75.69050711333334,98.42,100.77,False,0,True,0.0
2025-06-16,2153.482916666667,112.02287442625,90.84,104.64,False,0,True,0.0
2025-06-17,2153.695,122.08682610208334,90.09,106.01,False,0,True,0.0
2025-06-18,2153.75125,187.9021182683333,102.03,106.83,False,0,True,0.0
2025-06-19,2153.6325,139.49555086791668,110.27,106.85,False,0,True,0.0
2025-06-20,2154.1875,380.31919346,154.65,107.27,False,0,True,0.0
2025-06-21,2154.12125,233.13564773708333,178.66,108.37,False,0,True,0.0
2025-06-22,2153.857916666667,135.44128109416667,187.2,108.56,False,0,True,0.0
2025-06-23,2153.614583333333,98.68052677958332,185.29,110.44,False,0,True,0.0
2025-06-24,2153.325,82.65442943333333,179.66,110.44,False,0,True,0.0
2025-06-25,2153.480833333333,133.99290159041666,171.96,110.44,False,0,True,0.0
2025-06-26,2153.41,130.83224002791667,170.72,110.44,False,0,True,0.0
2025-06-27,2153.764166666667,206.28467468875,145.86,110.44,False,0,True,0.0
2025-06-28,2153.56125,119.65402849458332,129.65,110.44,False,0,True,0.0
2025-06-29,2153.2116666666666,109.498315945,125.94,110.44,False,0,True,0.0
2025-06-30,2153.779565217392,252.9763839526087,147.98,110.44,False,0,True,0.0
2025-07-01,2154.363333333333,444.12737200125,199.62,109.73,False,0,True,0.0
2025-07-02,2154.9141666666665,628.5563940633333,270.28,105.48,False,0,True,0.0
2025-07-03,2155.2566666666667,661.05503997875,346.02,103.94,False,0,True,0.0
2025-07-04,2154.31875,305.0938586329167,360.14,103.69,False,0,True,0.0
2025-07-05,2154.09625,210.35730501875,373.09,103.22,False,0,True,0.0
2025-07-06,2153.9879166666665,167.77747361541665,381.42,103.04,False,0,True,0.0
2025-07-07,2153.7816666666668,134.62793223666668,364.51,102.02,False,0,True,0.0
2025-07-08,2153.56375,144.06675625625,321.65,101.68,False,0,True,0.0
2025-07-09,2154.015,317.62126591291667,277.23,101.2,False,0,True,0.0
2025-07-10,2154.642083333333,467.1173104,249.52,101.2,False,0,True,0.0
2025-07-11,2154.67875,448.26844908041664,269.98,99.47,False,0,True,0.0
2025-07-12,2155.210833333333,677.7837027895833,336.75,99.3,False,0,True,0.0
2025-07-13,2154.9308353666665,513.9858061716667,386.21,99.05,False,0,True,0.0
2025-07-14,2154.164583333333,260.59588985541666,404.21,97.97,False,0,True,0.0
2025-07-15,2153.945833333333,187.36113044708333,410.39,97.96,False,0,True,0.0
2025-07-16,2153.81,155.32288014375,387.21,97.9,False,0,True,0.0
2025-07-17,2153.71875,144.46175955291667,341.11,97.78,False,0,True,0.0
2025-07-18,2154.3820833333334,385.1269008383333,332.09,97.35,False,0,True,0.0
2025-07-19,2154.820833333333,492.7182055229167,305.65,94.89,False,0,True,0.0
2025-07-20,2154.6629166666667,354.2312280666667,282.83,89.14,False,0,True,0.0
2025-07-21,2154.0729166666665,189.26531595541667,272.64,84.38,False,0,True,0.0
2025-07-22,2153.7825,142.87850264708334,266.29,83.21,False,0,True,0.0
2025-07-23,2153.7291666666665,148.62195184458332,265.33,83.01,False,0,True,0.0
2025-07-24,2153.9975,256.9985654775,281.41,82.92,False,0,True,0.0
2025-07-25,2154.0316666666668,185.57590304833332,252.9,82.39,False,0,True,0.0
2025-07-26,2153.853333333333,135.11113302041667,201.81,82.07,False,0,True,0.0
2025-07-27,2153.795420733333,117.68512539125,168.02,81.41,False,0,True,0.0
2025-07-28,2153.7095833333333,115.96464091291666,157.55,81.01,False,0,True,0.0
2025-07-29,2153.592083333333,111.39185124166669,153.05,77.72,False,0,True,0.0
2025-07-30,2153.5391666666665,106.55392297208331,147.04,72.95,False,0,True,0.0
2025-07-31,2153.417391304348,90.54065065260868,123.26,70.87,False,0,True,0.0
2025-08-01,2153.381256508333,84.98776428583334,108.89,69.84,False,0,True,0.0
2025-08-02,2153.232916666667,75.39733711541666,100.36,67.59,False,0,True,0.0001
2025-08-03,2153.29,112.9973216925,99.69,66.13,False,0,True,0.0001
2025-08-04,2153.7691666666665,176.73574287958334,108.37,65.28,False,0,True,0.0
2025-08-05,2153.60625,186.3031583975,119.07,64.2,False,0,True,0.0
2025-08-06,2153.8016666666667,206.01545656666667,133.28,63.67,False,0,True,0.0
2025-08-07,2153.492083333333,115.20570401916666,136.81,63.59,False,0,True,0.0
2025-08-08,2153.0475,74.70542522333334,135.34,63.12,False,0,True,0.0
2025-08-09,2152.9841666666666,64.02904286,133.71,60.63,False,0,True,0.0
2025-08-10,2153.065416666667,60.1287592175,126.16,59.07,False,0,True,0.0
2025-08-11,2153.1341666666667,85.177261145,113.08,58.25,False,0,True,0.0001
2025-08-12,2153.227083333333,111.5672782825,102.4,57.56,False,0,True,0.0001
2025-08-13,2153.2541666666666,84.33628890416666,85.02,57.45,False,0,True,0.0001
2025-08-14,2153.039583333333,74.53807546791667,79.21,57.44,False,0,True,0.0001
2025-08-15,2153.093333333333,107.4036061025,83.88,57.26,False,0,True,0.0001
2025-08-16,2153.455,129.41157418875,93.22,54.99,False,0,True,0.0001
2025-08-17,2153.539583333333,110.77376647625,100.46,54.83,False,0,True,0.0001
2025-08-18,2153.34625,77.87542968,99.42,54.66,False,0,True,0.0001
2025-08-19,2153.03875,58.957622666666666,91.9,54.18,False,0,True,0.0001
2025-08-20,2152.932916666666,56.474261157916665,87.92,52.73,False,0,True,0.0001
2025-08-21,2152.9816666666666,58.49087813875,85.63,52.73,False,0,True,0.0002
2025-08-22,2152.8970833333333,50.826325555833336,77.54,52.73,False,0,True,0.0002
2025-08-23,2152.8334810375,48.442622909583335,65.98,52.73,False,0,True,0.0003
2025-08-24,2152.925,64.6057199525,59.38,52.54,False,0,True,0.0004
2025-08-25,2153.2116666666666,138.98946442875,68.11,52.41,False,0,True,0.0002
2025-08-26,2153.487083333333,154.92874055125,81.82,51.84,False,0,True,0.0002
2025-08-27,2153.6416674791667,203.37285781875,102.81,51.37,False,0,True,0.0001
2025-08-28,2153.168333333333,88.90003433541666,107.15,51.07,False,0,True,0.0001
2025-08-29,2152.9020833333334,65.72428589541667,109.28,50.13,False,0,True,0.0001
2025-08-30,2152.80375,57.86965233708333,110.63,48.85,False,0,True,0.0001
2025-08-31,2152.958260869565,52.87467060913043,108.95,47.97,False,0,True,0.0001
2025-09-01,2152.954166666667,51.79760028583333,96.5,46.86,False,0,True,0.0002
2025-09-02,2153.28,137.10768534208333,93.95,43.98,False,0,True,0.0002
2025-09-03,2153.2208333333333,91.37646777916666,77.95,39.6,False,0,True,0.0004
2025-09-04,2152.9,58.621743905,73.62,37.05,False,0,True,0.0005
2025-09-05,2152.953958333333,53.77049012333333,71.92,35.78,False,0,True,0.0006
2025-09-06,2152.9975,50.07228179416666,70.8,35.16,False,0,True,0.0007
2025-09-07,2152.9379166666668,49.91658537875,70.38,33.56,False,0,True,0.0008
2025-09-08,2152.9816666666666,42.828331202916665,69.1,33.18,False,0,True,0.0008
2025-09-09,2152.997040608333,60.24348414458333,58.12,32.8,False,0,True,0.0012
2025-09-10,2153.2975,147.22192941416668,66.1,32.52,False,0,True,0.0009
2025-09-11,2153.34625,122.02501044708332,75.15,32.25,False,0,True,0.0007
2025-09-12,2153.4341666666664,98.53606169166666,81.55,32.05,False,0,True,0.0005
2025-09-13,2153.335833333333,86.22110210083333,86.71,31.84,False,0,True,0.0005
2025-09-14,2153.5804166666667,97.41495889333332,93.5,28.04,False,0,True,0.0005
2025-09-15,2153.3537483708333,66.40300536458334,96.87,28.04,False,0,True,0.0005
2025-09-16,2153.17,82.66157511458333,100.07,28.04,False,0,True,0.0005
2025-09-17,2153.144582108333,74.74944592583333,89.72,28.04,False,0,True,0.0007
2025-09-18,2152.831876220833,60.79469268541666,80.97,28.04,False,0,True,0.0009
2025-09-19,2152.645833333333,60.4487758325,75.53,28.04,False,0,True,0.0011
2025-09-20,2152.37375,53.56044008458333,70.86,28.04,False,0,True,0.0013
2025-09-21,2152.15375,55.232764251666666,64.84,28.04,False,0,True,0.0017
2025-09-22,2152.147916666667,64.32474385833333,64.54,28.35,False,0,True,0.0017
2025-09-23,2152.3233333333333,69.78337403458333,62.7,28.35,False,0,True,0.0017
2025-09-24,2152.6400093583334,68.72653465375,61.84,28.35,False,0,True,0.0016
2025-09-25,2153.0845833333333,158.41968964666663,75.79,28.35,False,0,True,0.0009
2025-09-26,2154.120416666666,330.11520970625,114.31,29.08,False,0,True,0.0003
2025-09-27,2153.802083333333,146.6143671375,127.6,29.98,False,0,True,0.0002
2025-09-28,2153.5329166666666,92.55174835125,132.93,31.51,False,0,True,0.0002
2025-09-29,2153.3091666666664,79.01430190666666,135.03,32.61,False,0,True,0.0002
2025-09-30,2153.0782608695654,67.69787318434783,134.73,33.08,False,0,True,0.0002
2025-10-01,2153.0174991875,69.56685288291666,134.85,34.33,False,0,True,0.0002
2025-10-02,2153.1141666666667,86.11618619625,124.53,35.34,False,0,True,0.0002
2025-10-03,2153.3683333333333,130.461430325,96.0,36.31,False,0,True,0.0003
2025-10-04,2153.5316666666668,99.30457652916668,89.24,37.24,False,0,True,0.0003
2025-10-05,2153.3708333333334,71.24428176666666,86.2,38.3,False,0,True,0.0003
2025-10-06,2153.182916666666,65.27323925,84.24,39.02,False,0,True,0.0003
2025-10-07,2152.915,56.10056298083333,82.58,39.29,False,0,True,0.0004
2025-10-08,2152.5772436541665,48.0314222225,79.5,39.17,False,0,True,0.0004
2025-10-09,2152.495416666666,51.06970397416666,74.5,39.31,False,0,True,0.0005
2025-10-10,2152.6358333333333,75.251911875,66.61,39.82,False,0,True,0.0006
2025-10-11,2153.14375,93.50879229291668,65.78,40.09,False,0,True,0.0005
2025-10-12,2153.46625,88.12341817125,68.19,40.11,False,0,True,0.0005
2025-10-13,2153.4804166666668,87.2688956625,71.34,40.11,False,0,True,0.0004
2025-10-14,2153.34,87.41168124625,75.81,40.11,False,0,True,0.0004
2025-10-15,2153.1633317041665,60.617549097916665,77.61,39.35,False,0,True,0.0004
2025-10-16,2152.7658333333334,55.43256227541666,78.23,38.79,False,0,True,0.0004
2025-10-17,2152.5554166666666,71.30560592583333,77.67,37.67,False,0,True,0.0005
2025-10-18,2152.505416666667,54.94658394375,72.16,37.0,False,0,True,0.0006
2025-10-19,2152.45125,59.83860960625,68.12,36.42,False,0,True,0.0007
2025-10-20,2152.550833333333,51.448069645416666,63.0,36.5,False,0,True,0.0009
2025-10-21,2152.45375,44.07622839458333,56.81,36.38,False,0,True,0.0011
2025-10-22,2152.432083333333,40.47242950541666,53.93,36.67,False,0,True,0.0012
2025-10-23,2152.122083333333,47.46115681375,52.79,36.97,False,0,True,0.0013
2025-10-24,2152.144583333333,52.78059699833333,50.15,36.79,False,0,True,0.0015
2025-10-25,2152.13875,46.992616813333335,49.01,36.7,False,0,True,0.0016
2025-10-26,2152.1141666666667,42.55670142833333,46.54,36.38,False,0,True,0.0019
2025-10-27,2152.467510579166,62.295053286666665,48.09,35.98,False,0,True,0.0016
2025-10-28,2152.827083333333,91.57252651916669,54.88,35.82,False,0,True,0.0011
2025-10-29,2153.3304166666667,150.88218443083332,70.65,35.63,False,0,True,0.0006
2025-10-30,2153.874583333333,144.77418608541666,84.55,35.41,False,0,True,0.0004
2025-10-31,2153.758695652174,104.4481894152174,91.93,35.26,False,0,True,0.0003
2025-11-01,2153.9079166666666,156.70209397333332,107.6,35.11,False,0,True,0.0002
2025-11-02,2153.3525,83.72578321208333,113.49,34.95,False,0,True,0.0002
2025-11-03,2153.0441666666666,89.48907657375,117.37,34.75,False,0,True,0.0002
2025-11-04,2153.6016666666665,164.91520735125,127.85,34.75,False,0,True,0.0002
2025-11-05,2154.1075,218.8340713975,137.56,34.75,False,0,True,0.0001
2025-11-06,2154.060833333333,179.27539518083333,142.48,34.75,False,0,True,0.0001
2025-11-07,2153.73375,115.6357762175,144.08,34.75,False,0,True,0.0001
2025-11-08,2153.518333333333,87.47869360583333,134.19,34.75,False,0,True,0.0001
2025-11-09,2153.3566666666666,75.74537188541667,133.05,34.2,False,0,True,0.0002
2025-11-10,2153.429166666667,82.40044184375,132.04,34.14,False,0,True,0.0002
2025-11-11,2153.46625,103.40288910291666,123.25,33.92,False,0,True,0.0002
2025-11-12,2153.4225,79.90140656708333,103.41,33.81,False,0,True,0.0003
2025-11-13,2153.2375,63.00263717083333,86.8,33.67,False,0,True,0.0004
2025-11-14,2153.03,70.44155271958333,80.34,33.44,False,0,True,0.0006
2025-11-15,2153.135,70.15401636583333,77.86,32.93,False,0,True,0.0006
2025-11-16,2153.44,100.62695926625,81.42,32.46,False,0,True,0.0005
2025-11-17,2153.33625,72.25386189291666,79.97,31.8,False,0,True,0.0006
2025-11-18,2153.162083333333,72.78567475458334,75.6,31.12,False,0,True,0.0007
2025-11-19,2153.0129166666666,70.1725622675,74.21,30.83,False,0,True,0.0008
2025-11-20,2153.28625,91.27054334833332,78.24,30.75,False,0,True,0.0007
2025-11-21,2153.4595833333333,85.68258043666667,80.42,31.69,False,0,True,0.0006
2025-11-22,2153.380833333333,76.5168866575,81.33,31.69,False,0,True,0.0006
2025-11-23,2153.3675,65.97391914333333,76.38,31.69,False,0,True,0.0007
2025-11-24,2153.3366666666666,60.680300672916665,74.73,32.02,False,0,True,0.0007
2025-11-25,2153.3091666666664,81.0955705875,75.91,33.3,False,0,True,0.0006
2025-11-26,2153.207083333333,84.07433440958333,77.9,33.48,False,0,True,0.0006
2025-11-27,2153.276666666666,75.58689857916667,75.66,33.48,False,0,True,0.0006
2025-11-28,2153.5133333333333,142.78495764458333,83.82,33.48,False,0,True,0.0004
2025-11-29,2153.45,105.16970877208334,87.91,33.48,False,0,True,0.0004
2025-11-30,2153.568695652174,89.65824559391304,91.29,33.48,False,0,True,0.0004
2025-12-01,2153.51,80.98264658333333,94.19,33.48,False,0,True,0.0003
2025-12-02,2153.0591666666664,51.97039320625,90.03,33.48,False,0,True,0.0004
2025-12-03,2152.53,40.28391009875,83.78,33.48,False,0,True,0.0006
2025-12-04,2152.18875,38.00662325666666,78.41,33.48,False,0,True,0.0007
2025-12-05,2151.8675,34.6331917825,62.96,33.48,False,0,True,0.0012
2025-12-06,2151.5191666666665,33.99404243125,52.79,32.95,False,0,True,0.0021
2025-12-07,2151.235002441667,30.66851852625,44.36,33.92,False,0,True,0.003
2025-12-08,2150.98125,26.007448605416663,36.51,35.22,False,0,True,0.0045
2025-12-09,2150.6675,27.696002252916667,33.04,36.76,False,0,True,0.0054
2025-12-10,2150.4025,25.715629266666667,30.96,39.32,False,0,True,0.0056
2025-12-11,2150.2266666666665,23.321836921666662,28.86,41.77,False,0,True,0.0058
2025-12-12,2149.9225,23.669859197916665,27.3,44.38,False,0,True,0.0061
2025-12-13,2149.753125,24.49471441375,25.94,46.93,False,0,True,0.0061
2025-12-14,2149.641666666667,23.66451889583333,24.94,50.22,False,0,True,0.0058
2025-12-15,2149.2208333333333,23.3605682875,24.56,52.56,False,0,True,0.0059
2025-12-16,2148.66875,25.19758113375,24.2,53.82,False,0,True,0.0065
2025-12-17,2147.99875,22.33139716875,23.72,55.23,False,0,True,0.0074
2025-12-18,2147.2679166666667,28.96491416583333,24.53,55.93,False,0,True,0.0079
2025-12-19,2146.7920833333333,32.94908159,25.85,56.46,False,0,True,0.0076
2025-12-20,2146.3483333333334,33.981087685,27.21,56.75,False,0,True,0.0075
2025-12-21,2146.1720833333334,28.479421025,27.89,57.62,False,0,True,0.0071
2025-12-22,2145.400833333333,17.269819304583333,27.02,61.04,False,0,True,0.0078
2025-12-23,2144.77,25.510352285,27.07,60.73,False,0,True,0.0091
2025-12-24,2143.889583333333,13.567293688333333,25.82,59.61,False,0,True,0.013
2025-12-25,2143.31625,16.420783643333333,24.03,62.59,False,0,True,0.0153
2025-12-26,2142.937083333333,16.99185369625,21.75,58.29,False,0,True,0.0247
2025-12-27,2141.8941666666665,16.555438542083333,19.26,57.13,False,0,True,0.0425
2025-12-28,2141.487833333333,19.08252669708333,17.91,57.03,False,0,True,0.0544
2025-12-29,2140.6833333333334,15.954640755833331,17.73,56.92,False,0,True,0.0664
2025-12-30,2139.5658333333336,14.6309293675,16.17,56.77,False,0,True,0.102
2025-12-31,2139.3552173913044,37.01127400173913,19.52,56.62,False,0,True,0.0732
2026-01-01,2139.7566666666667,54.07378877333333,24.9,55.55,False,0,True,0.0422
2026-01-02,2140.386247966667,42.20730448375,28.5,55.55,False,0,True,0.0275
2026-01-03,2140.613333333333,27.393604820416662,30.05,55.54,False,0,True,0.0233
2026-01-04,2140.474166666667,23.844116134166665,30.73,55.38,False,0,True,0.0231
2026-01-05,2139.9579166666667,15.48381317125,30.66,55.23,False,0,True,0.0262
2026-01-06,2138.9879166666665,19.478043865,31.36,54.63,False,0,True,0.0318
2026-01-07,2138.4733333333334,18.20176983583333,28.67,54.32,False,0,True,0.0438
2026-01-08,2137.4216666666666,15.681876095833331,23.18,54.32,False,0,True,0.0855
2026-01-09,2136.746322429167,26.863881712916665,20.99,54.32,False,0,True,0.1198
2026-01-10,2136.995,25.838276235416668,20.77,54.32,False,0,True,0.1163
2026-01-11,2137.3166666666666,26.24513425958333,21.11,54.32,False,0,True,0.1054
2026-01-12,2137.8754166666668,59.80599827166667,27.44,55.23,False,0,True,0.0526
2026-01-13,2138.4341666666664,51.68492565666666,32.05,55.23,False,0,True,0.0335
2026-01-14,2138.99375,78.22528048625,40.62,55.23,False,0,True,0.0177
2026-01-15,2139.88875,63.06374745375,47.39,54.32,False,0,True,0.0107
2026-01-16,2140.645414633333,56.597423919166665,51.64,54.32,False,0,True,0.0075
2026-01-17,2141.4366666666665,93.63892203,61.32,52.61,False,0,True,0.0046
2026-01-18,2142.6475,76.34750790916667,68.48,52.36,False,0,True,0.0028
2026-01-19,2143.2804166666665,44.019049692083335,66.23,52.36,False,0,True,0.0026
2026-01-20,2143.670833333333,40.05051730625,64.56,52.36,False,0,True,0.0025
2026-01-21,2143.76,37.540826521666666,58.75,49.8,False,0,True,0.0034
2026-01-22,2143.929166666667,61.25821213833333,58.49,48.74,False,0,True,0.0035
2026-01-23,2144.4366666666665,74.54049176708334,61.06,48.25,False,0,True,0.0029
2026-01-24,2145.068333333333,67.33052698208333,57.3,48.25,False,0,True,0.0029
2026-01-25,2145.6408333333334,90.18903979083332,59.28,48.74,False,0,True,0.0023
2026-01-26,2146.170416666667,70.796134815,63.1,49.26,False,0,True,0.0017
2026-01-27,2146.9050179041665,65.07416923666666,66.68,49.31,False,0,True,0.0013
2026-01-28,2148.290833333333,197.91918618958331,89.59,49.8,False,0,True,0.0005
2026-01-29,2149.8729166666667,106.23004628875,96.01,50.93,False,0,True,0.0003
2026-01-30,2150.5725,69.1121660725,95.24,52.01,False,0,True,0.0002
2026-01-31,2151.173914317392,63.02758869695652,94.62,52.08,False,0,True,0.0002
2026-02-01,2151.894583333333,86.50807766875,94.1,52.38,False,0,True,0.0002
2026-02-02,2153.4845833333334,274.02889035625,123.13,53.63,False,0,True,0.0001
2026-02-03,2154.1920833333334,223.3930008720833,145.75,55.22,False,0,True,0.0
2026-02-04,2153.883333333333,130.422731135,136.1,58.4,False,0,True,0.0
2026-02-05,2153.610416666667,99.11571760625,135.09,60.71,False,0,True,0.0
2026-02-06,2153.2704166666667,71.88761978916666,135.48,62.01,False,0,True,0.0
2026-02-07,2153.224583333333,70.75406055208333,136.59,62.73,False,0,True,0.0
2026-02-08,2153.4241666666667,84.70781303875,136.33,62.95,False,0,True,0.0
2026-02-09,2153.10625,56.37816144833333,105.24,63.01,False,0,True,0.0001
2026-02-10,2152.81875,48.43546972333333,80.24,63.25,False,0,True,0.0001
2026-02-11,2152.8370833333333,50.78668474625,68.87,63.47,False,0,True,0.0002
2026-02-12,2152.73625,38.8546035025,60.26,64.37,False,0,True,0.0002
2026-02-13,2152.8075,78.4042270375,61.19,64.59,False,0,True,0.0002
2026-02-14,2153.000833333333,78.89266686208333,62.35,64.81,False,0,True,0.0002
2026-02-15,2153.108333333333,92.26089938791668,63.43,66.3,False,0,True,0.0002
2026-02-16,2153.0158333333334,77.19831219208334,66.4,69.37,False,0,True,0.0001
2026-02-17,2153.2258333333334,134.46138332333334,78.69,69.84,False,0,True,0.0001
2026-02-18,2153.423333333333,95.88704751291668,85.14,69.84,False,0,True,0.0001
2026-02-19,2153.143333333333,82.86291125458334,91.42,69.84,False,0,True,0.0001
2026-02-20,2153.2633333333333,90.9195648525,93.21,69.84,False,0,True,0.0001
2026-02-21,2153.130416666667,61.7888456925,90.77,69.84,False,0,True,0.0001
2026-02-22,2152.9508333333333,54.8716237275,85.43,69.84,False,0,True,0.0001
2026-02-23,2152.8237951666665,54.90275451375,82.24,69.84,False,0,True,0.0001
2026-02-24,2152.968333333333,76.83041689791666,74.01,68.04,False,0,True,0.0001
2026-02-25,2153.22125,101.3113077225,74.78,66.3,False,0,True,0.0001
2026-02-26,2153.373333333333,112.29022413791668,78.99,66.09,False,0,True,0.0001
2026-02-27,2153.0466666666666,61.60701953833333,74.8,65.43,False,0,True,0.0001
2026-02-28,2152.7078260869566,49.178520803913045,73.0,65.15,False,0,True,0.0001
2026-03-01,2152.7619901541666,48.38526459166667,72.07,65.04,False,0,True,0.0001
2026-03-02,2152.764583333333,40.11156705333333,69.96,64.89,False,0,True,0.0002
2026-03-03,2152.46857015,37.834899792916666,64.39,64.75,False,0,True,0.0002
2026-03-04,2151.89625,36.24712911333334,55.09,64.74,False,0,True,0.0003
2026-03-05,2151.4858345541666,40.69337568541667,44.87,64.7,False,0,True,0.0005
2026-03-06,2151.4063277166665,46.76044990708333,42.74,64.74,False,0,True,0.0006
2026-03-07,2151.622159829167,46.5839420975,42.37,64.75,False,0,True,0.0006
2026-03-08,2151.7025,45.928775825,42.02,64.75,False,0,True,0.0006
2026-03-09,2151.803131508333,70.75949219125,46.4,64.7,False,0,True,0.0005
2026-03-10,2151.97875,77.72089610458333,52.1,64.44,False,0,True,0.0004
2026-03-11,2152.5133333333333,148.30198287791666,68.11,64.44,False,0,True,0.0002
2026-03-12,2153.505833333333,231.1224072225,95.31,64.44,False,0,True,0.0001
2026-03-13,2154.0316666666668,226.61162950291663,121.0,64.44,False,0,True,0.0
2026-03-14,2153.6779150375,127.18723961166668,132.52,64.44,False,0,True,0.0
2026-03-15,2153.3404166666664,90.73576648458334,138.92,64.44,False,0,True,0.0
2026-03-16,2153.0916666666667,67.46178755541666,138.45,65.44,False,0,True,0.0
2026-03-17,2152.7845833333336,54.88234456041667,135.19,65.81,False,0,True,0.0
2026-03-18,2152.29625,43.755110826666666,120.25,66.1,False,0,True,0.0
2026-03-19,2151.8141666666666,40.45007758458333,93.01,67.0,False,0,True,0.0001
2026-03-20,2151.3204166666665,35.284678725,65.68,68.02,False,0,True,0.0002
2026-03-21,2150.77625,31.671964398333333,52.03,69.95,False,0,True,0.0004
2026-03-22,2150.29125,28.62066078625,43.16,71.44,False,0,True,0.0006
2026-03-23,2149.357916666667,25.85211211375,37.22,73.91,False,0,True,0.001
2026-03-24,2148.494583333333,24.758797677083333,32.91,76.35,False,0,True,0.0014
2026-03-25,2147.500414633333,26.291874692083333,30.42,77.12,False,0,True,0.0021
2026-03-26,2146.4079166666666,22.85745574083333,27.91,78.7,False,0,True,0.0031
2026-03-27,2145.3929166666667,23.042486674166668,26.16,81.3,False,0,True,0.0041
2026-03-28,2144.498958333333,26.93979164375,25.48,85.29,False,0,True,0.0048
2026-03-29,2143.7015543625,26.364244057916668,25.16,89.37,False,0,True,0.0052
2026-03-30,2142.7720833333333,22.343783742916667,24.66,93.28,False,0,True,0.0061
2026-03-31,2141.63,26.975924703913044,24.97,95.84,False,0,True,0.0072
2026-04-01,2140.364583333333,20.440914452083334,24.14,95.84,False,0,True,0.0103
2026-04-02,2138.9753333333333,13.80540150375,22.84,95.84,False,0,True,0.0159
2026-04-03,2137.7322451166665,19.210971767083333,22.3,95.84,False,0,True,0.0222
2026-04-04,2137.160125,21.0447276375,21.46,95.84,False,0,True,0.0275
2026-04-05,2136.663541666667,58.65128479875,26.07,95.84,False,0,True,0.0202
2026-04-06,2136.8451899375,58.5548802175,31.24,95.84,False,0,True,0.013
2026-04-07,2136.5514998375,43.79629974458334,33.64,96.7,False,0,True,0.0116
2026-04-08,2136.5646666666667,87.56604506958334,43.23,96.76,False,0,True,0.0066
2026-04-09,2137.49075,73.34286851208333,51.74,96.92,False,0,True,0.0036
2026-04-10,2137.895,44.71156092458333,55.38,96.7,False,0,True,0.0028
2026-04-11,2138.3501666666666,72.78576950625,62.77,96.11,False,0,True,0.002
2026-04-12,2138.724608966667,54.59956980708333,62.19,96.01,False,0,True,0.0018
2026-04-13,2139.003375,37.7527577475,59.22,96.01,False,0,True,0.0019
2026-04-14,2138.2727083333334,29.847068919166663,57.23,96.01,False,0,True,0.0025
2026-04-15,2137.26575,40.76131777083334,50.54,96.01,False,0,True,0.0041
2026-04-16,2137.0692916666667,75.131625115,50.8,96.7,False,0,True,0.0042
2026-04-17,2137.570166666667,81.39750560916667,56.04,97.1,False,0,True,0.0029
2026-04-18,2138.025416666667,59.49838271666667,54.14,97.23,False,0,True,0.0029
2026-04-19,2138.1741666666667,50.58312685083333,53.57,97.44,False,0,True,0.0028
2026-04-20,2138.2825,41.170058356666665,54.06,97.44,False,0,True,0.0027
2026-04-21,2137.526666666666,29.589706952083333,54.02,100.92,False,0,True,0.0029
2026-04-22,2136.511125,35.29733101041667,53.24,104.58,False,0,True,0.0035
2026-04-23,2135.64125,33.781757947083335,47.33,106.44,False,0,True,0.0053
2026-04-24,2134.5045833333334,29.76706881333333,39.96,107.47,False,0,True,0.0097
2026-04-25,2133.4652039416665,27.302555632083333,35.36,107.47,False,0,True,0.0161
2026-04-26,2132.8737483708333,29.710238356666668,32.37,107.47,False,0,True,0.0223
2026-04-27,2132.4060833333333,46.75874486125,33.17,106.85,False,0,True,0.0238
2026-04-28,2132.0554166666666,64.22716138958333,38.12,106.62,False,0,True,0.0192
2026-04-29,2131.6739583333333,42.9825395525,39.22,106.44,False,0,True,0.0197
2026-04-30,2131.2719130434784,36.82580458913044,39.65,106.31,False,0,True,0.0212
2026-05-01,2131.512083333333,87.47547110333333,47.9,105.93,False,0,True,0.0134
2026-05-02,2132.838333333333,144.03516868791667,64.57,105.78,False,0,True,0.0051
2026-05-03,2135.5680773916665,281.22672515375,100.5,105.74,False,0,True,0.001
2026-05-04,2139.5116666666668,288.49073800125,135.04,105.6,False,0,True,0.0002
2026-05-05,2142.3475,194.3064766125,153.62,104.01,False,0,True,0.0001
2026-05-06,2143.5516666666667,153.71966929,169.44,102.08,False,0,True,0.0001
2026-05-07,2145.047916666667,148.0526346625,185.33,101.42,False,0,True,0.0
2026-05-08,2145.7741666666666,85.92063189791666,185.11,100.66,False,0,True,0.0
2026-05-09,2146.2191666666668,68.32742417333333,174.29,99.47,False,0,True,0.0
2026-05-10,2146.7883349625,67.19923798583334,143.72,98.88,False,0,True,0.0
2026-05-11,2147.599583333333,126.06388165833332,120.51,98.88,False,0,True,0.0001
2026-05-12,2149.779583333333,294.93970858166665,134.89,98.88,False,0,True,0.0
2026-05-13,2151.15625,114.36635953041667,129.27,98.88,False,0,True,0.0
2026-05-14,2151.5093333333334,75.45997085,118.9,98.88,False,0,True,0.0
2026-05-15,2151.3458345541667,69.79176144333333,116.59,98.78,False,0,True,0.0
2026-05-16,2151.373751220833,59.9532526075,115.4,98.71,False,0,True,0.0
2026-05-17,2151.24,59.89442787,114.35,98.37,False,0,True,0.0
2026-05-18,2150.901666666666,52.60237735416667,103.86,98.29,False,0,True,0.0
2026-05-19,2150.8048665375,90.9785946525,74.72,97.82,False,0,True,0.0001
2026-05-20,2150.7061153166665,84.020126305,70.39,97.82,False,0,True,0.0001
2026-05-21,2150.7341666666666,134.05537559416666,78.76,97.62,False,0,True,0.0001
2026-05-22,2151.2745833333333,145.18912815625,89.53,97.62,False,0,True,0.0
2026-05-23,2151.8591666666666,89.42435274625,93.74,97.7,False,0,True,0.0
2026-05-24,2152.46857015,78.70544174458334,96.43,97.82,False,0,True,0.0
2026-05-25,2152.7945833333333,53.50221701416667,96.55,97.9,False,0,True,0.0
2026-05-26,2152.82625,53.2917931475,91.17,97.82,False,0,True,0.0
2026-05-27,2152.555,54.287881481666666,86.92,97.82,False,0,True,0.0
2026-05-28,2151.869583333333,52.71017113416666,75.3,97.9,False,0,True,0.0001
2026-05-29,2151.223449708333,47.48666483791666,61.34,97.98,False,0,True,0.0001
2026-05-30,2150.6904305,55.464279599583335,56.49,97.98,False,0,True,0.0001
2026-05-31,2151.239131708696,183.37550548304347,71.45,98.04,False,0,True,0.0001
2026-06-01,2152.2295833333333,147.8718596825,84.93,98.2,False,0,True,0.0
2026-06-02,2153.11125,167.26260381791667,101.21,98.2,False,0,True,0.0
2026-06-03,2153.7291666666665,197.36796365666663,121.65,98.29,False,0,True,0.0
2026-06-04,2153.7816666666668,160.924586235,137.11,98.35,False,0,True,0.0
2026-06-05,2153.668333333333,160.86732725083334,153.3,98.56,False,0,True,0.0
2026-06-06,2153.6666666666665,134.65823378416667,164.62,98.98,False,0,True,0.0
2026-06-07,2153.5316666666668,93.40465511583334,151.77,98.98,False,0,True,0.0
2026-06-08,2153.3483333333334,70.73016380125,140.75,98.98,False,0,True,0.0
2026-06-09,2153.285,115.40671192291668,133.34,98.95,False,0,True,0.0
2026-06-10,2153.59125,133.75661941125,124.25,98.95,False,0,True,0.0
2026-06-11,2153.23875,74.2150981375,111.86,98.95,False,0,True,0.0
2026-06-12,2152.62875,54.46574721125,96.66,98.95,False,0,True,0.0
2026-06-13,2152.3991666666666,73.12217569625,87.87,98.95,False,0,True,0.0
2026-06-14,2152.25625,82.38830511541667,86.3,99.07,False,0,True,0.0
2026-06-15,2152.3770833333333,74.11834004583334,86.78,100.77,False,0,True,0.0
2026-06-16,2152.1520833333334,50.760526265416665,77.55,104.64,False,0,True,0.0
2026-06-17,2151.633333333333,49.6648134875,65.53,106.01,False,0,True,0.0001
2026-06-18,2151.3545833333333,56.01754913458333,62.93,106.83,False,0,True,0.0001
2026-06-19,2150.8508333333334,52.973705809583336,62.72,106.85,False,0,True,0.0001
2026-06-20,2150.4241666666667,74.78835062541667,62.96,107.27,False,0,True,0.0001
2026-06-21,2150.6526586916666,97.69283810208331,65.15,108.37,False,0,True,0.0001
2026-06-22,2150.9791666666665,62.96429694375,63.55,108.56,False,0,True,0.0001
2026-06-23,2150.445833333333,42.87882559416666,62.43,110.44,False,0,True,0.0001
2026-06-24,2149.9255729166666,36.63052875,60.56,110.44,False,0,True,0.0001
2026-06-25,2149.108333333333,33.35066391958333,57.33,110.44,False,0,True,0.0001
2026-06-26,2148.5204166666667,75.02124567125,60.48,110.44,False,0,True,0.0001
2026-06-27,2148.6320833333334,163.96006091791668,73.21,110.44,False,0,True,0.0001
2026-06-28,2150.4645833333334,171.07450611875,83.7,110.44,False,0,True,0.0
2026-06-29,2150.955,56.93911181375,82.84,110.44,False,0,True,0.0
2026-06-30,2150.423901152174,49.68732094173913,83.81,110.44,False,0,True,0.0
2026-07-01,2150.47712565,139.510844745,98.51,109.73,False,0,True,0.0
2026-07-02,2151.6604178875,186.23997248458332,120.35,105.48,False,0,True,0.0
2026-07-03,2153.0175,215.68703020875,140.44,103.94,False,0,True,0.0
2026-07-04,2153.915833333333,256.4130423575,153.65,103.69,False,0,True,0.0
2026-07-05,2153.985833333333,178.23619991,154.67,103.22,False,0,True,0.0
2026-07-06,2153.3554166666668,93.38202161875,159.88,103.04,False,0,True,0.0
2026-07-07,2153.11125,102.54916983083334,167.43,102.02,False,0,True,0.0
2026-07-08,2153.3925,114.74097419208331,163.89,101.68,False,0,True,0.0
2026-07-09,2152.959125,73.24268042166666,147.75,101.2,False,0,True,0.0
2026-07-10,2152.717083333333,82.80386830166667,128.77,101.2,False,0,True,0.0
2026-07-11,2152.7658333333334,72.98065459041666,102.56,99.47,False,0,True,0.0
2026-07-12,2152.91125,63.59757296375,86.19,99.3,False,0,True,0.0
2026-07-13,2152.605583333333,61.39008726041666,81.62,99.05,False,0,True,0.0
2026-07-14,2152.409166666667,82.06423023125,78.69,97.97,False,0,True,0.0
2026-07-15,2152.517083333333,76.98101898208333,73.29,97.96,False,0,True,0.0001
2026-07-16,2152.7025,81.87727452958333,74.53,97.9,False,0,True,0.0
2026-07-17,2153.424583333333,244.57468121375,97.64,97.78,False,0,True,0.0
2026-07-18,2153.98625,161.24742217625,110.25,97.35,False,0,True,0.0
2026-07-19,2153.7858333333334,98.476835675,115.23,94.89,False,0,True,0.0
2026-07-20,2153.599583333333,80.51632588083334,117.96,89.14,False,0,True,0.0
2026-07-21,2153.29625,59.15367881708333,114.69,84.38,False,0,True,0.0
2026-07-22,2153.10375,49.7320268075,110.8,83.21,False,0,True,0.0
2026-07-23,2153.37125,151.01161097416667,120.67,83.01,False,0,True,0.0
2026-07-24,2153.7145833333334,180.64496824541663,111.54,82.92,False,0,True,0.0
2026-07-25,2153.7233333333334,116.65135884875,105.17,82.39,False,0,True,0.0
2026-07-26,2153.4795833333333,85.33659275458334,103.29,82.07,False,0,True,0.0
2026-07-27,2153.0829166666667,62.08801070458333,100.66,81.41,False,0,True,0.0
2026-07-28,2152.8129166666668,53.81739667375,99.9,81.01,False,0,True,0.0
2026-07-29,2152.7975,44.75587766291667,99.19,77.72,False,0,True,0.0
2026-07-30,2152.6725,72.44582979125,87.96,72.95,False,0,True,0.0001
2026-07-31,2152.7678260869566,89.22586116826086,74.9,70.87,False,0,True,0.0001
2026-08-01,2152.775833333333,58.89511898125,66.65,69.84,False,0,True,0.0001
2026-08-02,2152.705,52.98936986125,62.03,67.59,False,0,True,0.0002
2026-08-03,2152.7875,58.901032460833335,61.58,66.13,False,0,True,0.0002
2026-08-04,2152.5516666666667,57.893722987083336,62.16,65.28,False,0,True,0.0002
2026-08-05,2152.44,51.91794016166666,63.18,64.2,False,0,True,0.0002
2026-08-06,2152.2916666666665,44.29459372708333,59.16,63.67,False,0,True,0.0003
2026-08-07,2151.995416666666,35.74873509291667,51.52,63.59,False,0,True,0.0004
2026-08-08,2151.2775032541667,39.60068549416667,48.76,63.12,False,0,True,0.0005
2026-08-09,2150.8629166666665,41.90565215208333,47.18,60.63,False,0,True,0.0007
2026-08-10,2150.4375,51.13403563291666,46.07,59.07,False,0,True,0.0008
2026-08-11,2150.3616666666667,154.71278249291666,59.9,58.25,False,0,True,0.0005
2026-08-12,2151.3091666666664,117.61790523083332,69.29,57.56,False,0,True,0.0003
2026-08-13,2151.44875,57.37558639625,71.16,57.45,False,0,True,0.0003
2026-08-14,2151.1337512208333,41.73725604875,72.01,57.44,False,0,True,0.0003
2026-08-15,2150.71375,73.62451699041667,76.87,57.26,False,0,True,0.0003
2026-08-16,2150.8279166666666,74.92190374916666,81.59,54.99,False,0,True,0.0003
2026-08-17,2150.92875,53.47689410583333,81.92,54.83,False,0,True,0.0002
2026-08-18,2150.67625,41.740513362916666,65.78,54.66,False,0,True,0.0004
2026-08-19,2149.957083333333,36.23763354916667,54.16,54.18,False,0,True,0.0008
2026-08-20,2149.3116666666665,45.0651674375,52.4,52.73,False,0,True,0.0011
2026-08-21,2148.799583333333,54.35554469,54.2,52.73,False,0,True,0.0011
2026-08-22,2148.3116666666665,38.6946884875,49.21,52.73,False,0,True,0.0015
2026-08-23,2148.407083333333,45.03075586375,44.94,52.73,False,0,True,0.0018
2026-08-24,2148.1679166666668,41.27040692916667,43.2,52.54,False,0,True,0.0021
2026-08-25,2147.98625,85.33148227625,49.43,52.41,False,0,True,0.0017
2026-08-26,2148.00375,58.073056226666665,52.55,51.84,False,0,True,0.0015
2026-08-27,2147.72375,37.35916298625,51.45,51.37,False,0,True,0.0017
2026-08-28,2147.364583333333,29.97032311625,47.96,51.07,False,0,True,0.0022
2026-08-29,2146.9375016291665,37.99978783291667,47.86,50.13,False,0,True,0.0026
2026-08-30,2147.007919925,57.77147027,49.68,48.85,False,0,True,0.0025
2026-08-31,2147.2882608695654,61.45892979,52.57,47.97,False,0,True,0.0021
2026-09-01,2147.2629166666666,40.097426249583336,46.1,46.86,False,0,True,0.0031
2026-09-02,2146.9416666666666,38.9475467825,43.37,43.98,False,0,True,0.0044
2026-09-03,2146.395,56.61891102583333,46.12,39.6,False,0,True,0.0057
2026-09-04,2146.2608333333333,87.00789497625,54.27,37.05,False,0,True,0.0048
2026-09-05,2146.37125,74.02214107208333,59.42,35.78,False,0,True,0.0042
2026-09-06,2146.1070833333333,49.98435131916667,58.31,35.16,False,0,True,0.0049
2026-09-07,2145.35125,40.093983665833335,55.25,33.56,False,0,False,0.0073
2026-09-08,2144.5822725416665,36.03440435125,54.67,33.18,False,0,False,0.0092
2026-09-09,2143.7033333333334,60.08913564833333,57.69,32.8,False,0,False,0.0103
2026-09-10,2143.4283333333333,77.794019435,60.72,32.52,False,0,False,0.01
2026-09-11,2142.8129166666668,41.6995959725,54.25,32.25,False,0,False,0.015
2026-09-12,2142.0729166666665,34.85563453,48.65,32.05,False,0,False,0.0228
2026-09-13,2141.3004166666665,32.32120788625,46.13,31.84,False,0,False,0.0309
2026-09-14,2140.2608333333333,39.61899926666667,46.06,28.04,False,0,False,0.053
2026-09-15,2139.6908333333336,60.44829628083333,49.55,28.04,False,0,False,0.0515
2026-09-16,2139.1825,57.67842993083333,49.2,28.04,False,0,False,0.0584
2026-09-17,2138.3458333333333,43.01537534791667,44.23,28.04,False,0,False,0.0869
2026-09-18,2137.8783333333336,113.58581364875,54.5,28.04,False,0,False,0.0625
2026-09-19,2138.73,117.04683977458332,66.24,28.04,False,0,False,0.0343
2026-09-20,2139.293333333333,51.09534311708333,68.93,28.04,False,0,False,0.0278
2026-09-21,2138.8545833333333,37.18732195125,68.58,28.04,False,0,False,0.031
2026-09-22,2138.19,32.76155962208333,64.62,28.35,False,0,False,0.0398
2026-09-23,2137.0929166666665,35.44230650541667,61.45,28.35,False,0,False,0.0562
2026-09-24,2136.289583333333,41.72557410416667,61.26,28.35,False,0,False,0.0673
2026-09-25,2135.3076395666667,31.449354629583333,49.53,28.35,False,0,False,0.1267
2026-09-26,2134.4689209,32.54483473083334,37.46,29.08,False,0,False,0.2346
2026-09-27,2134.14625,63.45300008541667,39.22,29.98,False,0,False,0.2164
2026-09-28,2134.015,49.82299592583333,41.03,31.51,False,0,False,0.1852
2026-09-29,2133.1945833333334,34.45044662875,41.27,32.61,False,0,False,0.199
2026-09-30,2132.6280869565217,28.93137408913044,40.34,33.08,False,0,False,0.2232
2026-10-01,2131.4396268708333,32.245379945833335,38.99,34.33,False,0,False,0.2707
2026-10-02,2130.8306574708336,47.94131163541667,41.34,35.34,False,0,False,0.2584
2026-10-03,2130.7917916666665,43.113798265,42.85,36.31,False,0,False,0.2327
2026-10-04,2131.65975,63.557783371666666,42.87,37.24,False,0,False,0.1889
2026-10-05,2132.0986041666665,35.552757236666665,40.83,38.3,False,0,False,0.1794
2026-10-06,2131.7543549791667,31.6636455025,40.43,39.02,False,0,False,0.1874
