escenario,fecha,cota_mazar,afluente_mazar_m3s,turbinado_mazar_m3s,E_paute_MWh,E_resto_hidro_MWh,termica_max_MWh,import_MWh,renov_MWh,oferta_max_MWh,demanda_MWh,margen_MWh,termica_requerida_MWh
actual,2026-10-08,2130.29,40.0,66.8,23980,46915,33270,1251,567,105983,98390,7593,25677
actual,2026-10-09,2129.83,40.0,66.8,23974,46915,33270,1251,567,105977,98412,7565,25705
actual,2026-10-10,2129.38,40.0,66.8,23967,46915,33270,1251,567,105970,98433,7537,25733
actual,2026-10-11,2128.93,40.0,66.8,23961,46915,33270,1251,567,105964,98454,7510,25761
actual,2026-10-12,2128.47,40.0,66.8,23955,46915,33270,1251,567,105958,98476,7482,25788
actual,2026-10-13,2128.02,40.0,66.8,23948,46915,33270,1251,567,105951,98497,7454,25816
actual,2026-10-14,2127.57,40.0,66.8,23942,46915,33270,1251,567,105945,98519,7426,25844
actual,2026-10-15,2127.04,40.0,66.8,23935,46915,33270,1251,567,105938,98540,7398,25872
actual,2026-10-16,2126.52,40.0,66.8,23928,46915,33270,1251,567,105931,98562,7369,25901
actual,2026-10-17,2125.99,40.0,66.8,23920,46915,33270,1251,567,105923,98583,7340,25930
actual,2026-10-18,2125.47,40.0,66.8,23913,46915,33270,1251,567,105916,98604,7312,25959
actual,2026-10-19,2124.94,40.0,66.8,23906,46915,33270,1251,567,105909,98626,7283,25988
actual,2026-10-20,2124.42,40.0,66.8,23898,46915,33270,1251,567,105901,98647,7254,26016
actual,2026-10-21,2123.89,40.0,66.8,23891,46915,33270,1251,567,105894,98669,7225,26045
actual,2026-10-22,2123.37,40.0,66.8,23883,46915,33270,1251,567,105886,98690,7196,26074
actual,2026-10-23,2122.84,40.0,66.8,23876,46915,33270,1251,567,105879,98712,7167,26103
actual,2026-10-24,2122.26,40.0,66.8,23868,46915,33270,1251,567,105871,98733,7138,26132
actual,2026-10-25,2121.68,40.0,66.8,23860,46915,33270,1251,567,105863,98755,7108,26162
actual,2026-10-26,2121.1,40.0,66.8,23852,46915,33270,1251,567,105855,98776,7079,26191
actual,2026-10-27,2120.51,40.0,66.8,23844,46915,33270,1251,567,105847,98798,7049,26221
actual,2026-10-28,2119.93,40.0,66.8,23835,46915,33270,1251,567,105838,98819,7019,26251
actual,2026-10-29,2119.35,40.0,66.8,23827,46915,33270,1251,567,105830,98841,6990,26281
actual,2026-10-30,2118.77,40.0,66.8,23819,46915,33270,1251,567,105822,98862,6960,26310
actual,2026-10-31,2118.19,40.0,66.8,23811,46915,33270,1251,567,105814,98884,6930,26340
actual,2026-11-01,2117.6,40.0,66.8,23802,46915,33270,1251,567,105805,101445,4360,28910
actual,2026-11-02,2117.04,40.0,66.8,23794,46915,33270,1251,567,105797,101467,4330,28940
actual,2026-11-03,2116.47,40.0,66.8,23786,46915,33270,1251,567,105789,101489,4300,28970
actual,2026-11-04,2115.9,40.0,66.8,23778,46915,33270,1251,567,105781,101511,4270,29000
actual,2026-11-05,2115.33,40.0,66.8,23770,46915,33270,1251,567,105773,101534,4240,29031
actual,2026-11-06,2114.76,40.0,66.8,23762,46915,33270,1251,567,105765,101556,4209,29061
actual,2026-11-07,2114.78,40.0,35.0,15323,46915,33270,1251,567,97326,101578,-4252,37522
actual,2026-11-08,2114.8,40.0,35.0,15323,46915,33270,1251,567,97326,101600,-4274,37544
actual,2026-11-09,2114.82,40.0,35.0,15323,46915,33270,1251,567,97326,101622,-4295,37566
actual,2026-11-10,2114.85,40.0,35.0,15324,46915,33270,1251,567,97327,101644,-4317,37588
actual,2026-11-11,2114.87,40.0,35.0,15324,46915,33270,1251,567,97327,101666,-4339,37610
actual,2026-11-12,2114.89,40.0,35.0,15324,46915,33270,1251,567,97327,101688,-4361,37632
actual,2026-11-13,2114.91,40.0,35.0,15324,46915,33270,1251,567,97327,101710,-4383,37653
actual,2026-11-14,2114.93,40.0,35.0,15324,46915,33270,1251,567,97327,101732,-4405,37675
actual,2026-11-15,2114.96,40.0,35.0,15324,46915,33270,1251,567,97327,101755,-4427,37697
actual,2026-11-16,2114.98,40.0,35.0,15325,46915,33270,1251,567,97328,101777,-4449,37719
actual,2026-11-17,2115.0,40.0,35.0,15325,46915,33270,1251,567,97328,101799,-4471,37741
actual,2026-11-18,2115.02,40.0,35.0,15325,46915,33270,1251,567,97328,101821,-4493,37763
actual,2026-11-19,2114.45,40.0,66.8,23758,46915,33270,1251,567,105761,101843,3917,29353
actual,2026-11-20,2114.47,40.0,35.0,15321,46915,33270,1251,567,97324,101865,-4542,37812
actual,2026-11-21,2114.49,40.0,35.0,15321,46915,33270,1251,567,97324,101887,-4564,37834
actual,2026-11-22,2114.52,40.0,35.0,15321,46915,33270,1251,567,97324,101910,-4586,37856
actual,2026-11-23,2114.54,40.0,35.0,15321,46915,33270,1251,567,97324,101932,-4608,37878
actual,2026-11-24,2114.56,40.0,35.0,15321,46915,33270,1251,567,97324,101954,-4630,37900
actual,2026-11-25,2114.58,40.0,35.0,15322,46915,33270,1251,567,97325,101976,-4652,37922
actual,2026-11-26,2114.6,40.0,35.0,15322,46915,33270,1251,567,97325,101998,-4674,37944
actual,2026-11-27,2114.62,40.0,35.0,15322,46915,33270,1251,567,97325,102021,-4696,37966
actual,2026-11-28,2114.65,40.0,35.0,15322,46915,33270,1251,567,97325,102043,-4718,37988
actual,2026-11-29,2114.67,40.0,35.0,15322,46915,33270,1251,567,97325,102065,-4740,38010
actual,2026-11-30,2114.69,40.0,35.0,15322,46915,33270,1251,567,97325,102087,-4762,38032
actual,2026-12-01,2114.71,40.0,35.0,15323,46915,33270,1251,567,97326,103893,-6567,39838
actual,2026-12-02,2114.73,40.0,35.0,15323,46915,33270,1251,567,97326,103916,-6590,39860
actual,2026-12-03,2114.76,40.0,35.0,15323,46915,33270,1251,567,97326,103938,-6612,39883
actual,2026-12-04,2114.78,40.0,35.0,15323,46915,33270,1251,567,97326,103961,-6635,39905
actual,2026-12-05,2114.8,40.0,35.0,15323,46915,33270,1251,567,97326,103983,-6657,39927
actual,2026-12-06,2114.82,40.0,35.0,15323,46915,33270,1251,567,97326,104006,-6680,39950
actual,2026-12-07,2114.84,40.0,35.0,15324,46915,33270,1251,567,97327,104029,-6702,39972
actual,2026-12-08,2114.86,40.0,35.0,15324,46915,33270,1251,567,97327,104051,-6725,39995
actual,2026-12-09,2114.89,40.0,35.0,15324,46915,33270,1251,567,97327,104074,-6747,40017
actual,2026-12-10,2114.91,40.0,35.0,15324,46915,33270,1251,567,97327,104097,-6770,40040
actual,2026-12-11,2114.93,40.0,35.0,15324,46915,33270,1251,567,97327,104119,-6792,40062
actual,2026-12-12,2114.95,40.0,35.0,15324,46915,33270,1251,567,97327,104142,-6815,40085
actual,2026-12-13,2114.97,40.0,35.0,15324,46915,33270,1251,567,97327,104165,-6837,40107
actual,2026-12-14,2114.99,40.0,35.0,15325,46915,33270,1251,567,97328,104187,-6860,40130
actual,2026-12-15,2115.02,40.0,35.0,15325,46915,33270,1251,567,97328,104210,-6882,40152
actual,2026-12-16,2114.45,40.0,66.8,23758,46915,33270,1251,567,105761,104233,1528,31742
actual,2026-12-17,2114.47,40.0,35.0,15321,46915,33270,1251,567,97324,104255,-6931,40202
actual,2026-12-18,2114.49,40.0,35.0,15321,46915,33270,1251,567,97324,104278,-6954,40224
actual,2026-12-19,2114.51,40.0,35.0,15321,46915,33270,1251,567,97324,104301,-6976,40247
actual,2026-12-20,2114.53,40.0,35.0,15321,46915,33270,1251,567,97324,104323,-6999,40269
actual,2026-12-21,2114.56,40.0,35.0,15321,46915,33270,1251,567,97324,104346,-7022,40292
actual,2026-12-22,2114.58,40.0,35.0,15322,46915,33270,1251,567,97325,104369,-7044,40314
actual,2026-12-23,2114.6,40.0,35.0,15322,46915,33270,1251,567,97325,104391,-7067,40337
actual,2026-12-24,2114.62,40.0,35.0,15322,46915,33270,1251,567,97325,104414,-7089,40359
actual,2026-12-25,2114.64,40.0,35.0,15322,46915,33270,1251,567,97325,104437,-7112,40382
actual,2026-12-26,2114.66,40.0,35.0,15322,46915,33270,1251,567,97325,104459,-7134,40404
actual,2026-12-27,2114.69,40.0,35.0,15322,46915,33270,1251,567,97325,104482,-7157,40427
actual,2026-12-28,2114.71,40.0,35.0,15323,46915,33270,1251,567,97326,104505,-7179,40450
actual,2026-12-29,2114.73,40.0,35.0,15323,46915,33270,1251,567,97326,104528,-7202,40472
actual,2026-12-30,2114.75,40.0,35.0,15323,46915,33270,1251,567,97326,104550,-7225,40495
actual,2026-12-31,2114.77,40.0,35.0,15323,46915,33270,1251,567,97326,104573,-7247,40517
actual,2027-01-01,2114.79,40.0,35.0,15323,46915,33270,1251,567,97326,101075,-3748,37019
actual,2027-01-02,2114.82,40.0,35.0,15323,46915,33270,1251,567,97326,101097,-3770,37041
actual,2027-01-03,2114.84,40.0,35.0,15323,46915,33270,1251,567,97326,101119,-3792,37062
actual,2027-01-04,2114.86,40.0,35.0,15324,46915,33270,1251,567,97327,101141,-3814,37084
actual,2027-01-05,2114.88,40.0,35.0,15324,46915,33270,1251,567,97327,101163,-3836,37106
actual,2027-01-06,2114.9,40.0,35.0,15324,46915,33270,1251,567,97327,101185,-3858,37128
actual,2027-01-07,2114.92,40.0,35.0,15324,46915,33270,1251,567,97327,101207,-3880,37150
actual,2027-01-08,2114.95,40.0,35.0,15324,46915,33270,1251,567,97327,101229,-3901,37172
actual,2027-01-09,2114.97,40.0,35.0,15324,46915,33270,1251,567,97327,101251,-3923,37193
actual,2027-01-10,2114.99,40.0,35.0,15325,46915,33270,1251,567,97328,101273,-3945,37215
actual,2027-01-11,2115.01,40.0,35.0,15325,46915,33270,1251,567,97328,101295,-3967,37237
actual,2027-01-12,2114.44,40.0,66.8,23757,46915,33270,1251,567,105761,101317,4444,28826
actual,2027-01-13,2114.46,40.0,35.0,15321,46915,33270,1251,567,97324,101339,-4015,37285
actual,2027-01-14,2114.49,40.0,35.0,15321,46915,33270,1251,567,97324,101361,-4037,37307
actual,2027-01-15,2114.51,40.0,35.0,15321,46915,33270,1251,567,97324,101383,-4059,37329
actual,2027-01-16,2114.53,40.0,35.0,15321,46915,33270,1251,567,97324,101405,-4081,37351
actual,2027-01-17,2114.55,40.0,35.0,15321,46915,33270,1251,567,97324,101427,-4103,37373
actual,2027-01-18,2114.57,40.0,35.0,15322,46915,33270,1251,567,97325,101449,-4125,37395
actual,2027-01-19,2114.59,40.0,35.0,15322,46915,33270,1251,567,97325,101471,-4146,37417
actual,2027-01-20,2114.62,40.0,35.0,15322,46915,33270,1251,567,97325,101493,-4168,37439
actual,2027-01-21,2114.64,40.0,35.0,15322,46915,33270,1251,567,97325,101515,-4190,37461
actual,2027-01-22,2114.66,40.0,35.0,15322,46915,33270,1251,567,97325,101537,-4212,37482
actual,2027-01-23,2114.68,40.0,35.0,15322,46915,33270,1251,567,97325,101559,-4234,37504
actual,2027-01-24,2114.7,40.0,35.0,15322,46915,33270,1251,567,97325,101582,-4256,37526
actual,2027-01-25,2114.72,40.0,35.0,15323,46915,33270,1251,567,97326,101604,-4278,37548
actual,2027-01-26,2114.75,40.0,35.0,15323,46915,33270,1251,567,97326,101626,-4300,37570
actual,2027-01-27,2114.77,40.0,35.0,15323,46915,33270,1251,567,97326,101648,-4322,37592
actual,2027-01-28,2114.79,40.0,35.0,15323,46915,33270,1251,567,97326,101670,-4344,37614
actual,2027-01-29,2114.81,40.0,35.0,15323,46915,33270,1251,567,97326,101692,-4366,37636
actual,2027-01-30,2114.83,40.0,35.0,15323,46915,33270,1251,567,97326,101714,-4388,37658
actual,2027-01-31,2114.85,40.0,35.0,15324,46915,33270,1251,567,97327,101736,-4410,37680
actual,2027-02-01,2114.88,40.0,35.0,15324,46915,33270,1251,567,97327,105280,-7953,41223
actual,2027-02-02,2114.9,40.0,35.0,15324,46915,33270,1251,567,97327,105303,-7976,41246
actual,2027-02-03,2114.92,40.0,35.0,15324,46915,33270,1251,567,97327,105326,-7999,41269
actual,2027-02-04,2114.94,40.0,35.0,15324,46915,33270,1251,567,97327,105349,-8021,41291
actual,2027-02-05,2114.96,40.0,35.0,15324,46915,33270,1251,567,97327,105371,-8044,41314
actual,2027-02-06,2114.98,40.0,35.0,15325,46915,33270,1251,567,97328,105394,-8067,41337
actual,2027-02-07,2115.01,40.0,35.0,15325,46915,33270,1251,567,97328,105417,-8090,41360
actual,2027-02-08,2114.44,40.0,66.8,23757,46915,33270,1251,567,105760,105440,320,32950
actual,2027-02-09,2114.46,40.0,35.0,15321,46915,33270,1251,567,97324,105463,-8139,41410
actual,2027-02-10,2114.48,40.0,35.0,15321,46915,33270,1251,567,97324,105486,-8162,41432
actual,2027-02-11,2114.5,40.0,35.0,15321,46915,33270,1251,567,97324,105509,-8185,41455
actual,2027-02-12,2114.52,40.0,35.0,15321,46915,33270,1251,567,97324,105532,-8208,41478
actual,2027-02-13,2114.55,40.0,35.0,15321,46915,33270,1251,567,97324,105555,-8231,41501
actual,2027-02-14,2114.57,40.0,35.0,15321,46915,33270,1251,567,97324,105578,-8253,41524
actual,2027-02-15,2114.59,40.0,35.0,15322,46915,33270,1251,567,97325,105601,-8276,41546
actual,2027-02-16,2114.61,40.0,35.0,15322,46915,33270,1251,567,97325,105624,-8299,41569
actual,2027-02-17,2114.63,40.0,35.0,15322,46915,33270,1251,567,97325,105647,-8322,41592
actual,2027-02-18,2114.65,40.0,35.0,15322,46915,33270,1251,567,97325,105670,-8345,41615
actual,2027-02-19,2114.68,40.0,35.0,15322,46915,33270,1251,567,97325,105693,-8368,41638
actual,2027-02-20,2114.7,40.0,35.0,15322,46915,33270,1251,567,97325,105716,-8390,41661
actual,2027-02-21,2114.72,40.0,35.0,15323,46915,33270,1251,567,97326,105739,-8413,41683
actual,2027-02-22,2114.74,40.0,35.0,15323,46915,33270,1251,567,97326,105762,-8436,41706
actual,2027-02-23,2114.76,40.0,35.0,15323,46915,33270,1251,567,97326,105785,-8459,41729
actual,2027-02-24,2114.78,40.0,35.0,15323,46915,33270,1251,567,97326,105808,-8482,41752
actual,2027-02-25,2114.81,40.0,35.0,15323,46915,33270,1251,567,97326,105831,-8505,41775
actual,2027-02-26,2114.83,40.0,35.0,15323,46915,33270,1251,567,97326,105854,-8527,41798
actual,2027-02-27,2114.85,40.0,35.0,15324,46915,33270,1251,567,97327,105877,-8550,41820
actual,2027-02-28,2114.87,40.0,35.0,15324,46915,33270,1251,567,97327,105900,-8573,41843
actual,2027-03-01,2114.89,40.0,35.0,15324,46915,33270,1251,567,97327,111084,-13757,47027
actual,2027-03-02,2114.91,40.0,35.0,15324,46915,33270,1251,567,97327,111108,-13781,47051
actual,2027-03-03,2114.94,40.0,35.0,15324,46915,33270,1251,567,97327,111132,-13805,47075
actual,2027-03-04,2114.96,40.0,35.0,15324,46915,33270,1251,567,97327,111157,-13829,47099
actual,2027-03-05,2114.98,40.0,35.0,15325,46915,33270,1251,567,97328,111181,-13853,47123
actual,2027-03-06,2115.0,40.0,35.0,15325,46915,33270,1251,567,97328,111205,-13877,47147
actual,2027-03-07,2114.43,40.0,66.8,23757,46915,33270,1251,567,105760,111229,-5469,38739
actual,2027-03-08,2114.45,40.0,35.0,15321,46915,33270,1251,567,97324,111253,-13930,47200
actual,2027-03-09,2114.48,40.0,35.0,15321,46915,33270,1251,567,97324,111277,-13954,47224
actual,2027-03-10,2114.5,40.0,35.0,15321,46915,33270,1251,567,97324,111302,-13978,47248
actual,2027-03-11,2114.52,40.0,35.0,15321,46915,33270,1251,567,97324,111326,-14002,47272
actual,2027-03-12,2114.54,40.0,35.0,15321,46915,33270,1251,567,97324,111350,-14026,47296
actual,2027-03-13,2114.56,40.0,35.0,15321,46915,33270,1251,567,97324,111374,-14050,47320
actual,2027-03-14,2114.58,40.0,35.0,15322,46915,33270,1251,567,97325,111399,-14074,47344
actual,2027-03-15,2114.61,40.0,35.0,15322,46915,33270,1251,567,97325,111423,-14098,47368
actual,2027-03-16,2114.63,40.0,35.0,15322,46915,33270,1251,567,97325,111447,-14122,47392
actual,2027-03-17,2114.65,40.0,35.0,15322,46915,33270,1251,567,97325,111471,-14146,47416
actual,2027-03-18,2114.67,40.0,35.0,15322,46915,33270,1251,567,97325,111496,-14170,47440
actual,2027-03-19,2114.69,40.0,35.0,15322,46915,33270,1251,567,97325,111520,-14194,47465
actual,2027-03-20,2114.71,40.0,35.0,15323,46915,33270,1251,567,97326,111544,-14218,47489
actual,2027-03-21,2114.74,40.0,35.0,15323,46915,33270,1251,567,97326,111568,-14243,47513
actual,2027-03-22,2114.76,40.0,35.0,15323,46915,33270,1251,567,97326,111593,-14267,47537
actual,2027-03-23,2114.78,40.0,35.0,15323,46915,33270,1251,567,97326,111617,-14291,47561
actual,2027-03-24,2114.8,40.0,35.0,15323,46915,33270,1251,567,97326,111641,-14315,47585
actual,2027-03-25,2114.82,40.0,35.0,15323,46915,33270,1251,567,97326,111665,-14339,47609
actual,2027-03-26,2114.84,40.0,35.0,15324,46915,33270,1251,567,97327,111690,-14363,47633
actual,2027-03-27,2114.87,40.0,35.0,15324,46915,33270,1251,567,97327,111714,-14387,47657
actual,2027-03-28,2114.89,40.0,35.0,15324,46915,33270,1251,567,97327,111738,-14411,47682
actual,2027-03-29,2114.91,40.0,35.0,15324,46915,33270,1251,567,97327,111763,-14436,47706
actual,2027-03-30,2114.93,40.0,35.0,15324,46915,33270,1251,567,97327,111787,-14460,47730
actual,2027-03-31,2114.95,40.0,35.0,15324,46915,33270,1251,567,97327,111811,-14484,47754
actual,2027-04-01,2114.98,40.0,35.0,15324,46915,33270,1251,567,97328,113037,-15710,48980
actual,2027-04-02,2115.0,40.0,35.0,15325,46915,33270,1251,567,97328,113062,-15734,49004
actual,2027-04-03,2115.02,40.0,35.0,15325,46915,33270,1251,567,97328,113086,-15758,49029
actual,2027-04-04,2114.45,40.0,66.8,23758,46915,33270,1251,567,105761,113111,-7350,40620
actual,2027-04-05,2114.47,40.0,35.0,15321,46915,33270,1251,567,97324,113136,-15812,49082
actual,2027-04-06,2114.49,40.0,35.0,15321,46915,33270,1251,567,97324,113160,-15836,49106
actual,2027-04-07,2114.51,40.0,35.0,15321,46915,33270,1251,567,97324,113185,-15861,49131
actual,2027-04-08,2114.54,40.0,35.0,15321,46915,33270,1251,567,97324,113209,-15885,49155
actual,2027-04-09,2114.56,40.0,35.0,15321,46915,33270,1251,567,97324,113234,-15910,49180
actual,2027-04-10,2114.58,40.0,35.0,15322,46915,33270,1251,567,97325,113259,-15934,49204
actual,2027-04-11,2114.6,40.0,35.0,15322,46915,33270,1251,567,97325,113283,-15959,49229
actual,2027-04-12,2114.62,40.0,35.0,15322,46915,33270,1251,567,97325,113308,-15983,49253
actual,2027-04-13,2114.64,40.0,35.0,15322,46915,33270,1251,567,97325,113333,-16007,49278
actual,2027-04-14,2114.67,40.0,35.0,15322,46915,33270,1251,567,97325,113357,-16032,49302
actual,2027-04-15,2114.69,40.0,35.0,15322,46915,33270,1251,567,97325,113382,-16056,49327
actual,2027-04-16,2114.71,40.0,35.0,15323,46915,33270,1251,567,97326,113407,-16081,49351
actual,2027-04-17,2114.73,40.0,35.0,15323,46915,33270,1251,567,97326,113431,-16105,49376
actual,2027-04-18,2114.75,40.0,35.0,15323,46915,33270,1251,567,97326,113456,-16130,49400
actual,2027-04-19,2114.78,40.0,35.0,15323,46915,33270,1251,567,97326,113481,-16155,49425
actual,2027-04-20,2114.8,40.0,35.0,15323,46915,33270,1251,567,97326,113505,-16179,49449
actual,2027-04-21,2114.82,40.0,35.0,15323,46915,33270,1251,567,97326,113530,-16204,49474
actual,2027-04-22,2114.84,40.0,35.0,15323,46915,33270,1251,567,97327,113555,-16228,49498
actual,2027-04-23,2114.86,40.0,35.0,15324,46915,33270,1251,567,97327,113579,-16253,49523
actual,2027-04-24,2114.88,40.0,35.0,15324,46915,33270,1251,567,97327,113604,-16277,49547
actual,2027-04-25,2114.91,40.0,35.0,15324,46915,33270,1251,567,97327,113629,-16302,49572
actual,2027-04-26,2114.93,40.0,35.0,15324,46915,33270,1251,567,97327,113653,-16326,49597
actual,2027-04-27,2114.95,40.0,35.0,15324,46915,33270,1251,567,97327,113678,-16351,49621
actual,2027-04-28,2114.97,40.0,35.0,15324,46915,33270,1251,567,97327,113703,-16375,49646
actual,2027-04-29,2114.99,40.0,35.0,15325,46915,33270,1251,567,97328,113728,-16400,49670
actual,2027-04-30,2115.01,40.0,35.0,15325,46915,33270,1251,567,97328,113752,-16425,49695
actual,2027-05-01,2114.44,40.0,66.8,23758,46915,33270,1251,567,105761,111455,-5695,38965
actual,2027-05-02,2114.47,40.0,35.0,15321,46915,33270,1251,567,97324,111480,-14156,47426
actual,2027-05-03,2114.49,40.0,35.0,15321,46915,33270,1251,567,97324,111504,-14180,47450
actual,2027-05-04,2114.51,40.0,35.0,15321,46915,33270,1251,567,97324,111528,-14204,47474
actual,2027-05-05,2114.53,40.0,35.0,15321,46915,33270,1251,567,97324,111552,-14228,47498
actual,2027-05-06,2114.55,40.0,35.0,15321,46915,33270,1251,567,97324,111577,-14252,47522
actual,2027-05-07,2114.58,40.0,35.0,15322,46915,33270,1251,567,97325,111601,-14276,47547
actual,2027-05-08,2114.6,40.0,35.0,15322,46915,33270,1251,567,97325,111625,-14300,47571
actual,2027-05-09,2114.62,40.0,35.0,15322,46915,33270,1251,567,97325,111649,-14325,47595
actual,2027-05-10,2114.64,40.0,35.0,15322,46915,33270,1251,567,97325,111674,-14349,47619
actual,2027-05-11,2114.66,40.0,35.0,15322,46915,33270,1251,567,97325,111698,-14373,47643
actual,2027-05-12,2114.68,40.0,35.0,15322,46915,33270,1251,567,97325,111722,-14397,47667
actual,2027-05-13,2114.71,40.0,35.0,15322,46915,33270,1251,567,97326,111747,-14421,47691
actual,2027-05-14,2114.73,40.0,35.0,15323,46915,33270,1251,567,97326,111771,-14445,47715
actual,2027-05-15,2114.75,40.0,35.0,15323,46915,33270,1251,567,97326,111795,-14469,47740
actual,2027-05-16,2114.77,40.0,35.0,15323,46915,33270,1251,567,97326,111820,-14494,47764
actual,2027-05-17,2114.79,40.0,35.0,15323,46915,33270,1251,567,97326,111844,-14518,47788
actual,2027-05-18,2114.81,40.0,35.0,15323,46915,33270,1251,567,97326,111868,-14542,47812
actual,2027-05-19,2114.84,40.0,35.0,15323,46915,33270,1251,567,97326,111893,-14566,47836
actual,2027-05-20,2114.86,40.0,35.0,15324,46915,33270,1251,567,97327,111917,-14590,47860
actual,2027-05-21,2114.88,40.0,35.0,15324,46915,33270,1251,567,97327,111941,-14614,47885
actual,2027-05-22,2114.9,40.0,35.0,15324,46915,33270,1251,567,97327,111966,-14639,47909
actual,2027-05-23,2114.92,40.0,35.0,15324,46915,33270,1251,567,97327,111990,-14663,47933
actual,2027-05-24,2114.94,40.0,35.0,15324,46915,33270,1251,567,97327,112014,-14687,47957
actual,2027-05-25,2114.97,40.0,35.0,15324,46915,33270,1251,567,97327,112039,-14711,47981
actual,2027-05-26,2114.99,40.0,35.0,15325,46915,33270,1251,567,97328,112063,-14735,48006
actual,2027-05-27,2115.01,40.0,35.0,15325,46915,33270,1251,567,97328,112087,-14760,48030
actual,2027-05-28,2114.44,40.0,66.8,23757,46915,33270,1251,567,105760,112112,-6351,39622
actual,2027-05-29,2114.46,40.0,35.0,15321,46915,33270,1251,567,97324,112136,-14813,48083
actual,2027-05-30,2114.48,40.0,35.0,15321,46915,33270,1251,567,97324,112161,-14837,48107
actual,2027-05-31,2114.51,40.0,35.0,15321,46915,33270,1251,567,97324,112185,-14861,48131
actual,2027-06-01,2114.53,40.0,35.0,15321,46915,33270,1251,567,97324,107540,-10216,43486
actual,2027-06-02,2114.55,40.0,35.0,15321,46915,33270,1251,567,97324,107563,-10239,43509
actual,2027-06-03,2114.57,40.0,35.0,15321,46915,33270,1251,567,97325,107587,-10262,43532
actual,2027-06-04,2114.59,40.0,35.0,15322,46915,33270,1251,567,97325,107610,-10285,43556
actual,2027-06-05,2114.61,40.0,35.0,15322,46915,33270,1251,567,97325,107634,-10309,43579
actual,2027-06-06,2114.64,40.0,35.0,15322,46915,33270,1251,567,97325,107657,-10332,43602
actual,2027-06-07,2114.66,40.0,35.0,15322,46915,33270,1251,567,97325,107680,-10355,43625
actual,2027-06-08,2114.68,40.0,35.0,15322,46915,33270,1251,567,97325,107704,-10379,43649
actual,2027-06-09,2114.7,40.0,35.0,15322,46915,33270,1251,567,97325,107727,-10402,43672
actual,2027-06-10,2114.72,40.0,35.0,15323,46915,33270,1251,567,97326,107751,-10425,43695
actual,2027-06-11,2114.74,40.0,35.0,15323,46915,33270,1251,567,97326,107774,-10448,43719
actual,2027-06-12,2114.77,40.0,35.0,15323,46915,33270,1251,567,97326,107798,-10472,43742
actual,2027-06-13,2114.79,40.0,35.0,15323,46915,33270,1251,567,97326,107821,-10495,43765
actual,2027-06-14,2114.81,40.0,35.0,15323,46915,33270,1251,567,97326,107844,-10518,43788
actual,2027-06-15,2114.83,40.0,35.0,15323,46915,33270,1251,567,97326,107868,-10541,43812
actual,2027-06-16,2114.85,40.0,35.0,15324,46915,33270,1251,567,97327,107891,-10565,43835
actual,2027-06-17,2114.87,40.0,35.0,15324,46915,33270,1251,567,97327,107915,-10588,43858
actual,2027-06-18,2114.9,40.0,35.0,15324,46915,33270,1251,567,97327,107938,-10611,43882
actual,2027-06-19,2114.92,40.0,35.0,15324,46915,33270,1251,567,97327,107962,-10635,43905
actual,2027-06-20,2114.94,40.0,35.0,15324,46915,33270,1251,567,97327,107985,-10658,43928
actual,2027-06-21,2114.96,40.0,35.0,15324,46915,33270,1251,567,97327,108009,-10681,43952
actual,2027-06-22,2114.98,40.0,35.0,15325,46915,33270,1251,567,97328,108032,-10705,43975
actual,2027-06-23,2115.0,40.0,35.0,15325,46915,33270,1251,567,97328,108056,-10728,43998
actual,2027-06-24,2114.44,40.0,66.8,23757,46915,33270,1251,567,105760,108079,-2319,35589
actual,2027-06-25,2114.46,40.0,35.0,15321,46915,33270,1251,567,97324,108103,-10779,44049
actual,2027-06-26,2114.48,40.0,35.0,15321,46915,33270,1251,567,97324,108126,-10803,44073
actual,2027-06-27,2114.5,40.0,35.0,15321,46915,33270,1251,567,97324,108150,-10826,44096
actual,2027-06-28,2114.52,40.0,35.0,15321,46915,33270,1251,567,97324,108173,-10849,44119
actual,2027-06-29,2114.54,40.0,35.0,15321,46915,33270,1251,567,97324,108197,-10873,44143
actual,2027-06-30,2114.57,40.0,35.0,15321,46915,33270,1251,567,97324,108220,-10896,44166
actual,2027-07-01,2114.59,40.0,35.0,15322,46915,33270,1251,567,97325,107309,-9984,43254
actual,2027-07-02,2114.61,40.0,35.0,15322,46915,33270,1251,567,97325,107332,-10007,43278
actual,2027-07-03,2114.63,40.0,35.0,15322,46915,33270,1251,567,97325,107356,-10031,43301
actual,2027-07-04,2114.65,40.0,35.0,15322,46915,33270,1251,567,97325,107379,-10054,43324
actual,2027-07-05,2114.67,40.0,35.0,15322,46915,33270,1251,567,97325,107402,-10077,43347
actual,2027-07-06,2114.7,40.0,35.0,15322,46915,33270,1251,567,97325,107426,-10100,43370
actual,2027-07-07,2114.72,40.0,35.0,15323,46915,33270,1251,567,97326,107449,-10123,43394
actual,2027-07-08,2114.74,40.0,35.0,15323,46915,33270,1251,567,97326,107472,-10147,43417
actual,2027-07-09,2114.76,40.0,35.0,15323,46915,33270,1251,567,97326,107496,-10170,43440
actual,2027-07-10,2114.78,40.0,35.0,15323,46915,33270,1251,567,97326,107519,-10193,43463
actual,2027-07-11,2114.8,40.0,35.0,15323,46915,33270,1251,567,97326,107543,-10216,43487
actual,2027-07-12,2114.83,40.0,35.0,15323,46915,33270,1251,567,97326,107566,-10240,43510
actual,2027-07-13,2114.85,40.0,35.0,15324,46915,33270,1251,567,97327,107589,-10263,43533
actual,2027-07-14,2114.87,40.0,35.0,15324,46915,33270,1251,567,97327,107613,-10286,43556
actual,2027-07-15,2114.89,40.0,35.0,15324,46915,33270,1251,567,97327,107636,-10309,43579
actual,2027-07-16,2114.91,40.0,35.0,15324,46915,33270,1251,567,97327,107660,-10333,43603
actual,2027-07-17,2114.93,40.0,35.0,15324,46915,33270,1251,567,97327,107683,-10356,43626
actual,2027-07-18,2114.96,40.0,35.0,15324,46915,33270,1251,567,97327,107706,-10379,43649
actual,2027-07-19,2114.98,40.0,35.0,15325,46915,33270,1251,567,97328,107730,-10402,43673
actual,2027-07-20,2115.0,40.0,35.0,15325,46915,33270,1251,567,97328,107753,-10426,43696
actual,2027-07-21,2115.02,40.0,35.0,15325,46915,33270,1251,567,97328,107777,-10449,43719
actual,2027-07-22,2114.45,40.0,66.8,23758,46915,33270,1251,567,105761,107800,-2040,35310
actual,2027-07-23,2114.47,40.0,35.0,15321,46915,33270,1251,567,97324,107824,-10500,43770
actual,2027-07-24,2114.5,40.0,35.0,15321,46915,33270,1251,567,97324,107847,-10523,43793
actual,2027-07-25,2114.52,40.0,35.0,15321,46915,33270,1251,567,97324,107871,-10546,43817
actual,2027-07-26,2114.54,40.0,35.0,15321,46915,33270,1251,567,97324,107894,-10570,43840
actual,2027-07-27,2114.56,40.0,35.0,15321,46915,33270,1251,567,97324,107918,-10593,43863
actual,2027-07-28,2114.58,40.0,35.0,15322,46915,33270,1251,567,97325,107941,-10616,43887
actual,2027-07-29,2114.6,40.0,35.0,15322,46915,33270,1251,567,97325,107964,-10640,43910
actual,2027-07-30,2114.63,40.0,35.0,15322,46915,33270,1251,567,97325,107988,-10663,43933
actual,2027-07-31,2114.65,40.0,35.0,15322,46915,33270,1251,567,97325,108011,-10686,43957
actual,2027-08-01,2114.67,40.0,35.0,15322,46915,33270,1251,567,97325,107436,-10110,43381
actual,2027-08-02,2114.69,40.0,35.0,15322,46915,33270,1251,567,97325,107459,-10134,43404
actual,2027-08-03,2114.71,40.0,35.0,15323,46915,33270,1251,567,97326,107482,-10157,43427
actual,2027-08-04,2114.73,40.0,35.0,15323,46915,33270,1251,567,97326,107506,-10180,43450
actual,2027-08-05,2114.76,40.0,35.0,15323,46915,33270,1251,567,97326,107529,-10203,43473
actual,2027-08-06,2114.78,40.0,35.0,15323,46915,33270,1251,567,97326,107553,-10226,43497
actual,2027-08-07,2114.8,40.0,35.0,15323,46915,33270,1251,567,97326,107576,-10250,43520
actual,2027-08-08,2114.82,40.0,35.0,15323,46915,33270,1251,567,97326,107599,-10273,43543
actual,2027-08-09,2114.84,40.0,35.0,15324,46915,33270,1251,567,97327,107623,-10296,43566
actual,2027-08-10,2114.86,40.0,35.0,15324,46915,33270,1251,567,97327,107646,-10319,43590
actual,2027-08-11,2114.89,40.0,35.0,15324,46915,33270,1251,567,97327,107670,-10343,43613
actual,2027-08-12,2114.91,40.0,35.0,15324,46915,33270,1251,567,97327,107693,-10366,43636
actual,2027-08-13,2114.93,40.0,35.0,15324,46915,33270,1251,567,97327,107716,-10389,43659
actual,2027-08-14,2114.95,40.0,35.0,15324,46915,33270,1251,567,97327,107740,-10412,43683
actual,2027-08-15,2114.97,40.0,35.0,15324,46915,33270,1251,567,97328,107763,-10436,43706
actual,2027-08-16,2115.0,40.0,35.0,15325,46915,33270,1251,567,97328,107787,-10459,43729
actual,2027-08-17,2115.02,40.0,35.0,15325,46915,33270,1251,567,97328,107810,-10482,43753
actual,2027-08-18,2114.45,40.0,66.8,23758,46915,33270,1251,567,105761,107834,-2073,35343
actual,2027-08-19,2114.47,40.0,35.0,15321,46915,33270,1251,567,97324,107857,-10533,43803
actual,2027-08-20,2114.49,40.0,35.0,15321,46915,33270,1251,567,97324,107881,-10557,43827
actual,2027-08-21,2114.51,40.0,35.0,15321,46915,33270,1251,567,97324,107904,-10580,43850
actual,2027-08-22,2114.53,40.0,35.0,15321,46915,33270,1251,567,97324,107927,-10603,43873
actual,2027-08-23,2114.56,40.0,35.0,15321,46915,33270,1251,567,97324,107951,-10627,43897
actual,2027-08-24,2114.58,40.0,35.0,15322,46915,33270,1251,567,97325,107974,-10650,43920
actual,2027-08-25,2114.6,40.0,35.0,15322,46915,33270,1251,567,97325,107998,-10673,43943
actual,2027-08-26,2114.62,40.0,35.0,15322,46915,33270,1251,567,97325,108021,-10697,43967
actual,2027-08-27,2114.64,40.0,35.0,15322,46915,33270,1251,567,97325,108045,-10720,43990
actual,2027-08-28,2114.66,40.0,35.0,15322,46915,33270,1251,567,97325,108068,-10743,44013
actual,2027-08-29,2114.69,40.0,35.0,15322,46915,33270,1251,567,97325,108092,-10767,44037
actual,2027-08-30,2114.71,40.0,35.0,15323,46915,33270,1251,567,97326,108115,-10790,44060
actual,2027-08-31,2114.73,40.0,35.0,15323,46915,33270,1251,567,97326,108139,-10813,44083
actual,2027-09-01,2114.75,40.0,35.0,15323,46915,33270,1251,567,97326,106872,-9547,42817
actual,2027-09-02,2114.77,40.0,35.0,15323,46915,33270,1251,567,97326,106896,-9570,42840
actual,2027-09-03,2114.8,40.0,35.0,15323,46915,33270,1251,567,97326,106919,-9593,42863
actual,2027-09-04,2114.82,40.0,35.0,15323,46915,33270,1251,567,97326,106942,-9616,42886
actual,2027-09-05,2114.84,40.0,35.0,15323,46915,33270,1251,567,97327,106966,-9639,42909
actual,2027-09-06,2114.86,40.0,35.0,15324,46915,33270,1251,567,97327,106989,-9662,42932
actual,2027-09-07,2114.88,40.0,35.0,15324,46915,33270,1251,567,97327,107012,-9685,42955
actual,2027-09-08,2114.9,40.0,35.0,15324,46915,33270,1251,567,97327,107035,-9708,42979
actual,2027-09-09,2114.93,40.0,35.0,15324,46915,33270,1251,567,97327,107059,-9731,43002
actual,2027-09-10,2114.95,40.0,35.0,15324,46915,33270,1251,567,97327,107082,-9755,43025
actual,2027-09-11,2114.97,40.0,35.0,15324,46915,33270,1251,567,97327,107105,-9778,43048
actual,2027-09-12,2114.99,40.0,35.0,15325,46915,33270,1251,567,97328,107128,-9801,43071
actual,2027-09-13,2115.01,40.0,35.0,15325,46915,33270,1251,567,97328,107152,-9824,43094
actual,2027-09-14,2114.44,40.0,66.8,23757,46915,33270,1251,567,105761,107175,-1415,34685
actual,2027-09-15,2114.46,40.0,35.0,15321,46915,33270,1251,567,97324,107198,-9875,43145
actual,2027-09-16,2114.49,40.0,35.0,15321,46915,33270,1251,567,97324,107222,-9898,43168
actual,2027-09-17,2114.51,40.0,35.0,15321,46915,33270,1251,567,97324,107245,-9921,43191
actual,2027-09-18,2114.53,40.0,35.0,15321,46915,33270,1251,567,97324,107268,-9944,43214
actual,2027-09-19,2114.55,40.0,35.0,15321,46915,33270,1251,567,97324,107292,-9967,43238
actual,2027-09-20,2114.57,40.0,35.0,15322,46915,33270,1251,567,97325,107315,-9991,43261
actual,2027-09-21,2114.6,40.0,35.0,15322,46915,33270,1251,567,97325,107338,-10014,43284
actual,2027-09-22,2114.62,40.0,35.0,15322,46915,33270,1251,567,97325,107362,-10037,43307
actual,2027-09-23,2114.64,40.0,35.0,15322,46915,33270,1251,567,97325,107385,-10060,43330
actual,2027-09-24,2114.66,40.0,35.0,15322,46915,33270,1251,567,97325,107408,-10083,43353
actual,2027-09-25,2114.68,40.0,35.0,15322,46915,33270,1251,567,97325,107432,-10107,43377
actual,2027-09-26,2114.7,40.0,35.0,15322,46915,33270,1251,567,97326,107455,-10130,43400
actual,2027-09-27,2114.73,40.0,35.0,15323,46915,33270,1251,567,97326,107479,-10153,43423
actual,2027-09-28,2114.75,40.0,35.0,15323,46915,33270,1251,567,97326,107502,-10176,43446
actual,2027-09-29,2114.77,40.0,35.0,15323,46915,33270,1251,567,97326,107525,-10199,43470
actual,2027-09-30,2114.79,40.0,35.0,15323,46915,33270,1251,567,97326,107549,-10223,43493
actual,2027-10-01,2114.81,40.0,35.0,15323,46915,33270,1251,567,97326,106358,-9032,42302
actual,2027-10-02,2114.83,40.0,35.0,15323,46915,33270,1251,567,97326,106381,-9055,42325
actual,2027-10-03,2114.86,40.0,35.0,15324,46915,33270,1251,567,97327,106404,-9078,42348
actual,2027-10-04,2114.88,40.0,35.0,15324,46915,33270,1251,567,97327,106427,-9101,42371
actual,2027-10-05,2114.9,40.0,35.0,15324,46915,33270,1251,567,97327,106451,-9124,42394
actual,2027-10-06,2114.92,40.0,35.0,15324,46915,33270,1251,567,97327,106474,-9147,42417
actual,2027-10-07,2114.94,40.0,35.0,15324,46915,33270,1251,567,97327,106497,-9170,42440
seco,2026-10-08,2130.29,40.0,66.8,23980,46915,33270,1251,567,105983,98390,7593,25677
seco,2026-10-09,2129.81,38.1,66.8,23776,45875,33270,1251,567,104738,98412,6327,26943
seco,2026-10-10,2129.31,36.1,66.8,23570,44835,33270,1251,567,103493,98433,5060,28210
seco,2026-10-11,2128.78,34.2,66.8,23364,43795,33270,1251,567,102247,98454,3793,29478
seco,2026-10-12,2128.22,32.2,66.8,23154,42755,33270,1251,567,100997,98476,2521,30749
seco,2026-10-13,2127.65,30.3,66.8,22955,41714,33270,1251,567,99758,98497,1260,32010
seco,2026-10-14,2126.94,28.3,66.8,22749,40674,33270,1251,567,98511,98519,-7,33278
seco,2026-10-15,2126.2,26.3,66.8,22541,39634,33270,1251,567,97263,98540,-1277,34547
seco,2026-10-16,2125.43,24.3,66.8,22335,38594,33270,1251,567,96017,98562,-2545,35815
seco,2026-10-17,2124.63,22.3,66.8,22126,37554,33270,1251,567,94768,98583,-3815,37085
seco,2026-10-18,2123.8,20.3,66.8,21917,36514,33270,1251,567,93519,98604,-5086,38356
seco,2026-10-19,2122.93,18.2,66.8,21707,35474,33270,1251,567,92269,98626,-6357,39628
seco,2026-10-20,2121.93,16.1,66.8,21496,34434,33270,1251,567,91018,98647,-7629,40899
seco,2026-10-21,2120.91,14.8,66.8,21272,33394,33270,1251,567,89754,98669,-8915,42185
seco,2026-10-22,2119.85,12.8,66.8,21057,32353,33270,1251,567,88499,98690,-10192,43462
seco,2026-10-23,2118.79,13.3,66.8,21032,32353,33270,1251,567,88473,98712,-10239,43509
seco,2026-10-24,2117.74,13.3,66.8,20945,32353,33270,1251,567,88386,98733,-10347,43617
seco,2026-10-25,2116.68,13.5,66.8,20930,32353,33270,1251,567,88371,98755,-10383,43654
seco,2026-10-26,2115.62,13.5,66.8,20915,32353,33270,1251,567,88356,98776,-10420,43690
seco,2026-10-27,2114.55,13.3,66.8,20860,32353,33270,1251,567,88302,98798,-10496,43766
seco,2026-10-28,2114.07,12.6,35.0,12385,32353,33270,1251,567,79826,98819,-18993,52263
seco,2026-10-29,2113.58,12.6,35.0,12381,32353,33270,1251,567,79823,98841,-19018,52288
seco,2026-10-30,2113.09,12.1,35.0,12351,32353,33270,1251,567,79793,98862,-19070,52340
seco,2026-10-31,2112.58,11.6,35.0,12348,32353,33270,1251,567,79789,98884,-19095,52365
seco,2026-11-01,2112.02,11.2,35.0,12342,25128,33270,1251,567,72558,101445,-28887,62157
seco,2026-11-02,2111.46,11.0,35.0,12256,25128,33270,1251,567,72472,101467,-28995,62265
seco,2026-11-03,2110.89,11.0,35.0,12209,25128,33270,1251,567,72425,101489,-29064,62334
seco,2026-11-04,2110.32,10.8,35.0,12198,25128,33270,1251,567,72414,101511,-29097,62367
seco,2026-11-05,2109.75,10.7,35.0,12168,25128,33270,1251,567,72385,101534,-29149,62419
seco,2026-11-06,2109.18,10.5,35.0,12146,25128,33270,1251,567,72363,101556,-29193,62463
seco,2026-11-07,2108.59,10.0,35.0,12133,25128,33270,1251,567,72350,101578,-29228,62498
seco,2026-11-08,2108.01,10.2,35.0,12129,25128,33270,1251,567,72345,101600,-29254,62525
seco,2026-11-09,2107.43,10.2,35.0,12133,25128,33270,1251,567,72350,101622,-29272,62542
seco,2026-11-10,2106.87,10.9,35.0,12120,25128,33270,1251,567,72337,101644,-29307,62577
seco,2026-11-11,2106.29,10.5,35.0,12073,25128,33270,1251,567,72289,101666,-29377,62647
seco,2026-11-12,2105.72,10.4,35.0,12069,25128,33270,1251,567,72285,101688,-29403,62674
seco,2026-11-13,2105.14,10.4,35.0,12064,25128,33270,1251,567,72281,101710,-29430,62700
seco,2026-11-14,2104.57,10.4,35.0,12060,25128,33270,1251,567,72276,101732,-29456,62726
seco,2026-11-15,2103.99,10.4,35.0,12032,25128,33270,1251,567,72248,101755,-29506,62777
seco,2026-11-16,2103.42,10.4,35.0,12018,25128,33270,1251,567,72235,101777,-29542,62812
seco,2026-11-17,2102.84,10.4,35.0,12014,25128,33270,1251,567,72230,101799,-29568,62839
seco,2026-11-18,2102.27,10.4,35.0,11996,25128,33270,1251,567,72212,101821,-29609,62879
seco,2026-11-19,2101.69,10.2,35.0,11992,25128,33270,1251,567,72208,101843,-29635,62905
seco,2026-11-20,2101.11,10.2,35.0,11968,25128,33270,1251,567,72184,101865,-29681,62951
seco,2026-11-21,2100.53,10.2,35.0,11964,25128,33270,1251,567,72180,101887,-29707,62978
seco,2026-11-22,2099.95,10.2,35.0,11959,25128,33270,1251,567,72176,101910,-29734,63004
seco,2026-11-23,2099.37,10.2,35.0,11955,25128,33270,1251,567,72172,101932,-29760,63030
seco,2026-11-24,2098.8,10.4,35.0,11951,25128,33270,1251,567,72167,101954,-29787,63057
seco,2026-11-25,2098.22,10.5,35.0,11947,25128,33270,1251,567,72163,101976,-29813,63083
seco,2026-11-26,2098.0,11.0,11.0,5689,25128,33270,1251,567,65905,101998,-36093,69363
seco,2026-11-27,2098.0,11.0,11.0,5688,25128,33270,1251,567,65905,102021,-36116,69386
seco,2026-11-28,2098.0,11.0,11.0,5688,25128,33270,1251,567,65905,102043,-36138,69408
seco,2026-11-29,2098.0,12.2,12.2,5995,25128,33270,1251,567,66211,102065,-35853,69124
seco,2026-11-30,2098.0,13.4,13.4,6308,25128,33270,1251,567,66524,102087,-35563,68833
seco,2026-12-01,2098.0,13.7,13.7,6383,40849,33270,1251,567,82319,103893,-21574,54844
seco,2026-12-02,2098.0,13.9,13.9,6433,40849,33270,1251,567,82370,103916,-21546,54816
seco,2026-12-03,2098.0,14.0,14.0,6496,40849,33270,1251,567,82432,103938,-21506,54776
seco,2026-12-04,2098.0,14.7,14.7,6717,40849,33270,1251,567,82653,103961,-21308,54578
seco,2026-12-05,2098.0,15.5,15.5,7059,40849,33270,1251,567,82996,103983,-20988,54258
seco,2026-12-06,2098.0,15.5,15.5,7244,40849,33270,1251,567,83181,104006,-20825,54095
seco,2026-12-07,2098.0,15.5,15.5,7346,40849,33270,1251,567,83283,104029,-20746,54016
seco,2026-12-08,2098.0,16.2,16.2,7535,40849,33270,1251,567,83471,104051,-20580,53850
seco,2026-12-09,2098.0,16.2,16.2,7586,40849,33270,1251,567,83522,104074,-20552,53822
seco,2026-12-10,2098.0,16.5,16.5,7733,40849,33270,1251,567,83670,104097,-20427,53697
seco,2026-12-11,2098.0,16.7,16.7,7815,40849,33270,1251,567,83752,104119,-20367,53637
seco,2026-12-12,2098.0,16.7,16.7,7815,40849,33270,1251,567,83752,104142,-20390,53660
seco,2026-12-13,2098.0,16.8,16.8,7835,40849,33270,1251,567,83771,104165,-20393,53663
seco,2026-12-14,2098.0,16.6,16.6,7782,40849,33270,1251,567,83719,104187,-20468,53739
seco,2026-12-15,2098.0,16.2,16.2,7674,40849,33270,1251,567,83611,104210,-20599,53869
seco,2026-12-16,2098.0,16.2,16.2,7736,40849,33270,1251,567,83673,104233,-20560,53830
seco,2026-12-17,2098.0,16.3,16.3,7771,40849,33270,1251,567,83708,104255,-20547,53817
seco,2026-12-18,2098.0,16.3,16.3,7789,40849,33270,1251,567,83726,104278,-20552,53822
seco,2026-12-19,2098.0,16.5,16.5,7882,40849,33270,1251,567,83818,104301,-20482,53752
seco,2026-12-20,2098.0,16.8,16.8,7949,40849,33270,1251,567,83886,104323,-20437,53708
seco,2026-12-21,2098.0,16.8,16.8,7952,40849,33270,1251,567,83889,104346,-20457,53727
seco,2026-12-22,2098.0,16.8,16.8,7957,40849,33270,1251,567,83894,104369,-20475,53745
seco,2026-12-23,2098.0,17.0,17.0,7975,40849,33270,1251,567,83912,104391,-20480,53750
seco,2026-12-24,2098.0,17.0,17.0,7986,40849,33270,1251,567,83923,104414,-20492,53762
seco,2026-12-25,2098.0,17.1,17.1,7997,40849,33270,1251,567,83933,104437,-20503,53774
seco,2026-12-26,2098.0,17.3,17.3,8087,40849,33270,1251,567,84024,104459,-20436,53706
seco,2026-12-27,2098.0,17.3,17.3,8109,40849,33270,1251,567,84046,104482,-20436,53707
seco,2026-12-28,2098.0,17.3,17.3,8165,40849,33270,1251,567,84102,104505,-20403,53674
seco,2026-12-29,2098.0,17.3,17.3,8174,40849,33270,1251,567,84111,104528,-20417,53687
seco,2026-12-30,2098.0,17.4,17.4,8183,40849,33270,1251,567,84120,104550,-20431,53701
seco,2026-12-31,2098.0,17.4,17.4,8192,40849,33270,1251,567,84129,104573,-20444,53714
seco,2027-01-01,2098.0,17.4,17.4,8201,42551,33270,1251,567,85841,101075,-15234,48504
seco,2027-01-02,2098.0,17.5,17.5,8165,42551,33270,1251,567,85804,101097,-15292,48563
seco,2027-01-03,2098.0,17.5,17.5,8251,42551,33270,1251,567,85891,101119,-15228,48498
seco,2027-01-04,2098.0,17.6,17.6,8269,42551,33270,1251,567,85908,101141,-15233,48503
seco,2027-01-05,2098.0,17.7,17.7,8291,42551,33270,1251,567,85931,101163,-15232,48502
seco,2027-01-06,2098.0,18.6,18.6,8538,42551,33270,1251,567,86177,101185,-15008,48278
seco,2027-01-07,2098.0,19.6,19.6,8778,42551,33270,1251,567,86417,101207,-14790,48060
seco,2027-01-08,2098.0,19.6,19.6,8782,42551,33270,1251,567,86421,101229,-14807,48078
seco,2027-01-09,2098.0,20.7,20.7,9098,42551,33270,1251,567,86737,101251,-14514,47784
seco,2027-01-10,2098.0,21.6,21.6,9323,42551,33270,1251,567,86962,101273,-14310,47581
seco,2027-01-11,2098.0,21.9,21.9,9381,42551,33270,1251,567,87020,101295,-14275,47545
seco,2027-01-12,2098.0,22.0,22.0,9423,42551,33270,1251,567,87063,101317,-14254,47524
seco,2027-01-13,2098.0,23.2,23.2,9792,42551,33270,1251,567,87431,101339,-13908,47178
seco,2027-01-14,2098.0,23.7,23.7,9993,42551,33270,1251,567,87632,101361,-13729,46999
seco,2027-01-15,2098.0,23.7,23.7,9998,42551,33270,1251,567,87637,101383,-13746,47016
seco,2027-01-16,2098.0,23.3,23.3,9899,42551,33270,1251,567,87538,101405,-13867,47137
seco,2027-01-17,2098.0,22.9,22.9,9774,42551,33270,1251,567,87413,101427,-14014,47284
seco,2027-01-18,2098.0,22.9,22.9,9774,42551,33270,1251,567,87413,101449,-14036,47306
seco,2027-01-19,2098.0,22.6,22.6,9696,42551,33270,1251,567,87335,101471,-14136,47406
seco,2027-01-20,2098.0,22.4,22.4,9581,42551,33270,1251,567,87221,101493,-14273,47543
seco,2027-01-21,2098.0,22.6,22.6,9603,42551,33270,1251,567,87243,101515,-14273,47543
seco,2027-01-22,2098.0,23.3,23.3,9811,42551,33270,1251,567,87450,101537,-14087,47358
seco,2027-01-23,2098.0,23.7,23.7,9955,42551,33270,1251,567,87594,101559,-13966,47236
seco,2027-01-24,2098.0,24.6,24.6,10230,42551,33270,1251,567,87869,101582,-13713,46983
seco,2027-01-25,2098.0,25.2,25.2,10405,42551,33270,1251,567,88044,101604,-13560,46830
seco,2027-01-26,2098.0,25.3,25.3,10434,42551,33270,1251,567,88073,101626,-13553,46823
seco,2027-01-27,2098.0,25.3,25.3,10411,42551,33270,1251,567,88051,101648,-13597,46868
seco,2027-01-28,2098.0,25.3,25.3,10368,42551,33270,1251,567,88007,101670,-13663,46933
seco,2027-01-29,2098.0,25.6,25.6,10432,42551,33270,1251,567,88072,101692,-13621,46891
seco,2027-01-30,2098.0,25.6,25.6,10432,42551,33270,1251,567,88072,101714,-13643,46913
seco,2027-01-31,2098.0,25.6,25.6,10408,42551,33270,1251,567,88047,101736,-13689,46959
seco,2027-02-01,2098.0,25.6,25.6,10408,47884,33270,1251,567,93381,105280,-11899,45169
seco,2027-02-02,2098.0,25.6,25.6,10432,47884,33270,1251,567,93405,105303,-11898,45168
seco,2027-02-03,2098.0,25.9,25.9,10485,47884,33270,1251,567,93457,105326,-11868,45138
seco,2027-02-04,2098.0,25.9,25.9,10517,47884,33270,1251,567,93489,105349,-11859,45129
seco,2027-02-05,2098.0,25.9,25.9,10472,47884,33270,1251,567,93444,105371,-11927,45198
seco,2027-02-06,2098.0,25.6,25.6,10352,47884,33270,1251,567,93325,105394,-12069,45340
seco,2027-02-07,2098.0,25.3,25.3,10288,47884,33270,1251,567,93260,105417,-12157,45427
seco,2027-02-08,2098.0,25.2,25.2,10224,47884,33270,1251,567,93196,105440,-12244,45514
seco,2027-02-09,2098.0,25.3,25.3,10242,47884,33270,1251,567,93215,105463,-12249,45519
seco,2027-02-10,2098.0,25.3,25.3,10219,47884,33270,1251,567,93191,105486,-12295,45565
seco,2027-02-11,2098.0,25.3,25.3,10164,47884,33270,1251,567,93137,105509,-12372,45643
seco,2027-02-12,2098.0,24.6,24.6,10027,47884,33270,1251,567,93000,105532,-12532,45802
seco,2027-02-13,2098.0,24.6,24.6,10027,47884,33270,1251,567,93000,105555,-12555,45825
seco,2027-02-14,2098.0,24.7,24.7,10000,47884,33270,1251,567,92972,105578,-12606,45876
seco,2027-02-15,2098.0,26.0,26.0,10331,47884,33270,1251,567,93304,105601,-12297,45567
seco,2027-02-16,2098.0,26.5,26.5,10470,47884,33270,1251,567,93443,105624,-12181,45451
seco,2027-02-17,2098.0,26.7,26.7,10579,47884,33270,1251,567,93552,105647,-12095,45365
seco,2027-02-18,2098.0,27.3,27.3,10730,47884,33270,1251,567,93703,105670,-11967,45237
seco,2027-02-19,2098.0,28.4,28.4,11032,47884,33270,1251,567,94005,105693,-11688,44958
seco,2027-02-20,2098.0,29.0,29.0,11282,47884,33270,1251,567,94255,105716,-11461,44731
seco,2027-02-21,2098.0,29.6,29.6,11493,47884,33270,1251,567,94465,105739,-11273,44544
seco,2027-02-22,2098.0,29.6,29.6,11493,47884,33270,1251,567,94465,105762,-11296,44567
seco,2027-02-23,2098.0,29.8,29.8,11552,47884,33270,1251,567,94524,105785,-11261,44531
seco,2027-02-24,2098.0,29.8,29.8,11552,47884,33270,1251,567,94524,105808,-11284,44554
seco,2027-02-25,2098.0,29.8,29.8,11548,47884,33270,1251,567,94521,105831,-11310,44580
seco,2027-02-26,2098.0,30.1,30.1,11643,47884,33270,1251,567,94616,105854,-11238,44508
seco,2027-02-27,2098.0,30.1,30.1,11643,47884,33270,1251,567,94616,105877,-11261,44531
seco,2027-02-28,2098.0,30.1,30.1,11649,47884,33270,1251,567,94622,105900,-11278,44548
seco,2027-03-01,2098.0,30.1,30.1,11643,52592,33270,1251,567,99323,111084,-11761,45031
seco,2027-03-02,2098.0,30.1,30.1,11605,52592,33270,1251,567,99285,111108,-11823,45093
seco,2027-03-03,2098.0,30.1,30.1,11638,52592,33270,1251,567,99318,111132,-11814,45084
seco,2027-03-04,2098.0,30.1,30.1,11614,52592,33270,1251,567,99294,111157,-11863,45133
seco,2027-03-05,2098.0,29.8,29.8,11535,52592,33270,1251,567,99215,111181,-11965,45236
seco,2027-03-06,2098.0,29.0,29.0,11341,52592,33270,1251,567,99021,111205,-12184,45454
seco,2027-03-07,2098.0,28.5,28.5,11212,52592,33270,1251,567,98892,111229,-12337,45607
seco,2027-03-08,2098.0,28.3,28.3,11213,52592,33270,1251,567,98893,111253,-12360,45630
seco,2027-03-09,2098.0,28.3,28.3,11287,52592,33270,1251,567,98967,111277,-12310,45581
seco,2027-03-10,2098.0,28.3,28.3,11287,52592,33270,1251,567,98967,111302,-12335,45605
seco,2027-03-11,2098.0,28.3,28.3,11287,52592,33270,1251,567,98967,111326,-12359,45629
seco,2027-03-12,2098.0,26.9,26.9,10854,52592,33270,1251,567,98534,111350,-12816,46086
seco,2027-03-13,2098.0,26.7,26.7,10864,52592,33270,1251,567,98544,111374,-12830,46100
seco,2027-03-14,2098.0,26.3,26.3,10783,52592,33270,1251,567,98464,111399,-12935,46205
seco,2027-03-15,2098.0,26.2,26.2,10760,52592,33270,1251,567,98440,111423,-12983,46253
seco,2027-03-16,2098.0,26.2,26.2,10740,52592,33270,1251,567,98420,111447,-13027,46297
seco,2027-03-17,2098.0,26.0,26.0,10696,52592,33270,1251,567,98376,111471,-13095,46365
seco,2027-03-18,2098.0,24.9,24.9,10410,52592,33270,1251,567,98090,111496,-13405,46676
seco,2027-03-19,2098.0,23.8,23.8,10094,52592,33270,1251,567,97774,111520,-13746,47016
seco,2027-03-20,2098.0,23.1,23.1,9816,52592,33270,1251,567,97496,111544,-14048,47318
seco,2027-03-21,2098.0,23.1,23.1,9698,52592,33270,1251,567,97378,111568,-14191,47461
seco,2027-03-22,2098.0,23.1,23.1,9633,52592,33270,1251,567,97313,111593,-14280,47550
seco,2027-03-23,2098.0,23.1,23.1,9633,52592,33270,1251,567,97313,111617,-14304,47574
seco,2027-03-24,2098.0,23.1,23.1,9633,52592,33270,1251,567,97313,111641,-14329,47599
seco,2027-03-25,2098.0,23.1,23.1,9633,52592,33270,1251,567,97313,111665,-14353,47623
seco,2027-03-26,2098.0,23.1,23.1,9633,52592,33270,1251,567,97313,111690,-14377,47647
seco,2027-03-27,2098.0,23.1,23.1,9633,52592,33270,1251,567,97313,111714,-14401,47672
seco,2027-03-28,2098.0,22.9,22.9,9557,52592,33270,1251,567,97237,111738,-14501,47771
seco,2027-03-29,2098.0,22.6,22.6,9447,52592,33270,1251,567,97127,111763,-14635,47905
seco,2027-03-30,2098.0,22.4,22.4,9424,52592,33270,1251,567,97104,111787,-14683,47954
seco,2027-03-31,2098.0,22.4,22.4,9410,52592,33270,1251,567,97090,111811,-14721,47992
seco,2027-04-01,2098.0,22.2,22.2,9356,52766,33270,1251,567,97210,113037,-15827,49097
seco,2027-04-02,2098.0,22.2,22.2,9397,52766,33270,1251,567,97251,113062,-15810,49080
seco,2027-04-03,2098.0,22.2,22.2,9397,52766,33270,1251,567,97251,113086,-15835,49105
seco,2027-04-04,2098.0,22.2,22.2,9397,52766,33270,1251,567,97251,113111,-15859,49130
seco,2027-04-05,2098.0,22.2,22.2,9491,52766,33270,1251,567,97345,113136,-15790,49060
seco,2027-04-06,2098.0,22.2,22.2,9624,52766,33270,1251,567,97478,113160,-15682,48952
seco,2027-04-07,2098.0,22.4,22.4,9682,52766,33270,1251,567,97536,113185,-15649,48919
seco,2027-04-08,2098.0,22.6,22.6,9740,52766,33270,1251,567,97595,113209,-15615,48885
seco,2027-04-09,2098.0,22.6,22.6,9740,52766,33270,1251,567,97595,113234,-15639,48909
seco,2027-04-10,2098.0,22.6,22.6,9740,52766,33270,1251,567,97595,113259,-15664,48934
seco,2027-04-11,2098.0,22.7,22.7,9778,52766,33270,1251,567,97632,113283,-15651,48922
seco,2027-04-12,2098.0,23.8,23.8,10125,52766,33270,1251,567,97979,113308,-15329,48599
seco,2027-04-13,2098.0,26.1,26.1,10715,52766,33270,1251,567,98570,113333,-14763,48033
seco,2027-04-14,2098.0,27.1,27.1,10983,52766,33270,1251,567,98837,113357,-14520,47790
seco,2027-04-15,2098.0,28.9,28.9,11407,52766,33270,1251,567,99261,113382,-14121,47391
seco,2027-04-16,2098.0,29.7,29.7,11621,52766,33270,1251,567,99475,113407,-13931,47202
seco,2027-04-17,2098.0,30.2,30.2,11784,52766,33270,1251,567,99638,113431,-13793,47063
seco,2027-04-18,2098.0,32.5,32.5,12537,52766,33270,1251,567,100392,113456,-13064,46334
seco,2027-04-19,2098.0,33.9,33.9,12905,52766,33270,1251,567,100759,113481,-12721,45992
seco,2027-04-20,2098.0,34.6,34.6,13339,52766,33270,1251,567,101194,113505,-12312,45582
seco,2027-04-21,2098.0,34.6,34.6,13363,52766,33270,1251,567,101217,113530,-12313,45583
seco,2027-04-22,2098.0,34.6,34.6,13415,52766,33270,1251,567,101270,113555,-12285,45555
seco,2027-04-23,2098.0,34.6,34.6,13363,52766,33270,1251,567,101217,113579,-12362,45633
seco,2027-04-24,2098.0,35.9,35.0,13434,52766,33270,1251,567,101288,113604,-12316,45586
seco,2027-04-25,2098.0,36.9,35.0,13457,52766,33270,1251,567,101311,113629,-12317,45588
seco,2027-04-26,2098.0,37.4,35.0,13457,52766,33270,1251,567,101311,113653,-12342,45612
seco,2027-04-27,2098.0,39.0,35.0,13543,52766,33270,1251,567,101397,113678,-12281,45551
seco,2027-04-28,2098.02,40.8,35.0,13630,52766,33270,1251,567,101485,113703,-12218,45488
seco,2027-04-29,2098.05,41.8,35.0,13636,52766,33270,1251,567,101490,113728,-12237,45507
seco,2027-04-30,2098.13,43.9,35.0,13849,52766,33270,1251,567,101703,113752,-12049,45319
seco,2027-05-01,2098.26,46.4,35.0,13850,56235,33270,1251,567,105173,111455,-6282,39553
seco,2027-05-02,2098.39,46.7,35.0,13960,56235,33270,1251,567,105284,111480,-6196,39466
seco,2027-05-03,2098.53,46.7,35.0,14022,56235,33270,1251,567,105346,111504,-6158,39428
seco,2027-05-04,2098.67,47.4,35.0,14023,56235,33270,1251,567,105347,111528,-6181,39451
seco,2027-05-05,2098.82,47.4,35.0,14084,56235,33270,1251,567,105407,111552,-6145,39415
seco,2027-05-06,2098.98,48.4,35.0,14248,56235,33270,1251,567,105571,111577,-6006,39276
seco,2027-05-07,2099.16,48.9,35.0,14441,56235,33270,1251,567,105765,111601,-5836,39107
seco,2027-05-08,2099.35,49.7,35.0,14508,56235,33270,1251,567,105831,111625,-5794,39064
seco,2027-05-09,2099.56,50.5,35.0,14614,56235,33270,1251,567,105938,111649,-5712,38982
seco,2027-05-10,2099.77,50.9,35.0,14616,56235,33270,1251,567,105939,111674,-5734,39005
seco,2027-05-11,2099.99,50.9,35.0,14658,56235,33270,1251,567,105981,111698,-5717,38987
seco,2027-05-12,2100.22,51.6,35.0,14833,56235,33270,1251,567,106156,111722,-5566,38836
seco,2027-05-13,2100.46,52.5,35.0,15133,56235,33270,1251,567,106457,111747,-5290,38560
seco,2027-05-14,2100.71,52.5,35.0,15279,56235,33270,1251,567,106602,111771,-5169,38439
seco,2027-05-15,2100.95,52.5,35.0,15417,56235,33270,1251,567,106741,111795,-5055,38325
seco,2027-05-16,2101.2,52.6,35.0,15489,56235,33270,1251,567,106812,111820,-5007,38277
seco,2027-05-17,2101.43,51.6,35.0,15491,56235,33270,1251,567,106814,111844,-5030,38300
seco,2027-05-18,2101.64,50.9,35.0,15556,56235,33270,1251,567,106879,111868,-4989,38259
seco,2027-05-19,2101.86,50.9,35.0,15589,56235,33270,1251,567,106912,111893,-4981,38251
seco,2027-05-20,2102.07,50.9,35.0,15863,56235,33270,1251,567,107186,111917,-4730,38001
seco,2027-05-21,2102.28,50.5,35.0,15865,56235,33270,1251,567,107188,111941,-4753,38023
seco,2027-05-22,2102.48,50.0,35.0,15752,56235,33270,1251,567,107075,111966,-4891,38161
seco,2027-05-23,2102.67,50.0,35.0,15753,56235,33270,1251,567,107076,111990,-4914,38184
seco,2027-05-24,2102.88,50.5,35.0,15869,56235,33270,1251,567,107193,112014,-4822,38092
seco,2027-05-25,2103.09,50.5,35.0,15875,56235,33270,1251,567,107199,112039,-4840,38110
seco,2027-05-26,2103.3,50.5,35.0,15872,56235,33270,1251,567,107196,112063,-4867,38138
seco,2027-05-27,2103.5,50.5,35.0,15759,56235,33270,1251,567,107083,112087,-5005,38275
seco,2027-05-28,2103.71,50.5,35.0,15761,56235,33270,1251,567,107084,112112,-5028,38298
seco,2027-05-29,2103.92,50.5,35.0,15762,56235,33270,1251,567,107086,112136,-5051,38321
seco,2027-05-30,2104.14,51.5,35.0,15664,56235,33270,1251,567,106988,112161,-5173,38443
seco,2027-05-31,2104.35,50.5,35.0,15765,56235,33270,1251,567,107089,112185,-5096,38366
seco,2027-06-01,2104.55,50.0,35.0,15696,52679,33270,1251,567,103463,107540,-4077,37347
seco,2027-06-02,2104.74,49.7,35.0,15774,52679,33270,1251,567,103541,107563,-4022,37293
seco,2027-06-03,2104.93,49.7,35.0,15738,52679,33270,1251,567,103504,107587,-4082,37353
seco,2027-06-04,2105.12,49.6,35.0,15801,52679,33270,1251,567,103567,107610,-4043,37313
seco,2027-06-05,2105.3,49.3,35.0,15802,52679,33270,1251,567,103569,107634,-4065,37335
seco,2027-06-06,2105.48,48.7,35.0,15803,52679,33270,1251,567,103570,107657,-4087,37357
seco,2027-06-07,2105.64,48.5,35.0,15805,52679,33270,1251,567,103571,107680,-4109,37379
seco,2027-06-08,2105.81,48.4,35.0,15806,52679,33270,1251,567,103572,107704,-4131,37402
seco,2027-06-09,2105.97,48.0,35.0,15807,52679,33270,1251,567,103574,107727,-4154,37424
seco,2027-06-10,2106.12,47.6,35.0,15808,52679,33270,1251,567,103575,107751,-4176,37446
seco,2027-06-11,2106.25,46.6,35.0,15809,52679,33270,1251,567,103576,107774,-4198,37468
seco,2027-06-12,2106.37,46.0,35.0,15810,52679,33270,1251,567,103577,107798,-4221,37491
seco,2027-06-13,2106.48,45.9,35.0,15835,52679,33270,1251,567,103601,107821,-4220,37490
seco,2027-06-14,2106.6,45.8,35.0,15866,52679,33270,1251,567,103632,107844,-4212,37482
seco,2027-06-15,2106.69,44.8,35.0,15921,52679,33270,1251,567,103688,107868,-4180,37450
seco,2027-06-16,2106.77,43.9,35.0,15964,52679,33270,1251,567,103731,107891,-4160,37431
seco,2027-06-17,2106.84,43.2,35.0,16069,52679,33270,1251,567,103836,107915,-4079,37349
seco,2027-06-18,2106.9,43.4,35.0,16088,52679,33270,1251,567,103855,107938,-4084,37354
seco,2027-06-19,2107.0,44.8,35.0,16105,52679,33270,1251,567,103872,107962,-4090,37360
seco,2027-06-20,2107.09,44.8,35.0,16089,52679,33270,1251,567,103856,107985,-4129,37400
seco,2027-06-21,2107.16,43.5,35.0,16153,52679,33270,1251,567,103920,108009,-4089,37359
seco,2027-06-22,2107.23,43.5,35.0,16154,52679,33270,1251,567,103920,108032,-4112,37382
seco,2027-06-23,2107.3,43.5,35.0,16196,52679,33270,1251,567,103962,108056,-4094,37364
seco,2027-06-24,2107.37,43.5,35.0,16196,52679,33270,1251,567,103963,108079,-4117,37387
seco,2027-06-25,2107.43,43.0,35.0,16197,52679,33270,1251,567,103963,108103,-4140,37410
seco,2027-06-26,2107.49,43.0,35.0,16241,52679,33270,1251,567,104008,108126,-4118,37389
seco,2027-06-27,2107.55,43.0,35.0,16300,52679,33270,1251,567,104066,108150,-4084,37354
seco,2027-06-28,2107.61,42.9,35.0,16300,52679,33270,1251,567,104067,108173,-4107,37377
seco,2027-06-29,2107.67,42.9,35.0,16323,52679,33270,1251,567,104090,108197,-4107,37377
seco,2027-06-30,2107.73,42.9,35.0,16357,52679,33270,1251,567,104124,108220,-4096,37367
seco,2027-07-01,2107.79,43.0,35.0,16413,44428,33270,1251,567,95929,107309,-11380,44650
seco,2027-07-02,2107.86,43.5,35.0,16525,44428,33270,1251,567,96041,107332,-11291,44561
seco,2027-07-03,2107.93,43.5,35.0,16540,44428,33270,1251,567,96056,107356,-11299,44569
seco,2027-07-04,2107.99,43.5,35.0,16541,44428,33270,1251,567,96057,107379,-11322,44592
seco,2027-07-05,2108.05,43.0,35.0,16541,44428,33270,1251,567,96057,107402,-11345,44615
seco,2027-07-06,2108.11,42.9,35.0,16479,44428,33270,1251,567,95995,107426,-11431,44701
seco,2027-07-07,2108.17,42.9,35.0,16312,44428,33270,1251,567,95828,107449,-11621,44891
seco,2027-07-08,2108.21,41.8,35.0,16247,44428,33270,1251,567,95763,107472,-11710,44980
seco,2027-07-09,2108.25,41.8,35.0,16169,44428,33270,1251,567,95686,107496,-11810,45080
seco,2027-07-10,2108.3,43.0,35.0,16170,44428,33270,1251,567,95686,107519,-11833,45104
seco,2027-07-11,2108.37,43.2,35.0,16067,44428,33270,1251,567,95583,107543,-11960,45230
seco,2027-07-12,2108.43,43.2,35.0,16021,44428,33270,1251,567,95537,107566,-12029,45299
seco,2027-07-13,2108.49,43.0,35.0,15863,44428,33270,1251,567,95379,107589,-12210,45480
seco,2027-07-14,2108.55,43.0,35.0,15633,44428,33270,1251,567,95149,107613,-12464,45734
seco,2027-07-15,2108.61,43.0,35.0,15467,44428,33270,1251,567,94983,107636,-12653,45923
seco,2027-07-16,2108.67,43.0,35.0,15328,44428,33270,1251,567,94845,107660,-12815,46085
seco,2027-07-17,2108.74,43.2,35.0,15290,44428,33270,1251,567,94807,107683,-12876,46147
seco,2027-07-18,2108.8,43.2,35.0,15279,44428,33270,1251,567,94795,107706,-12911,46182
seco,2027-07-19,2108.86,43.0,35.0,15257,44428,33270,1251,567,94773,107730,-12957,46227
seco,2027-07-20,2108.9,41.8,35.0,15213,44428,33270,1251,567,94729,107753,-13024,46294
seco,2027-07-21,2108.92,40.9,35.0,15128,44428,33270,1251,567,94644,107777,-13132,46402
seco,2027-07-22,2108.94,40.9,35.0,15113,44428,33270,1251,567,94629,107800,-13171,46442
seco,2027-07-23,2108.9,37.8,35.0,15020,44428,33270,1251,567,94536,107824,-13287,46557
seco,2027-07-24,2108.83,36.5,35.0,14928,44428,33270,1251,567,94444,107847,-13403,46673
seco,2027-07-25,2108.74,35.5,35.0,14928,44428,33270,1251,567,94444,107871,-13427,46697
seco,2027-07-26,2108.65,35.2,35.0,14878,44428,33270,1251,567,94394,107894,-13500,46770
seco,2027-07-27,2108.56,35.1,35.0,14878,44428,33270,1251,567,94394,107918,-13524,46794
seco,2027-07-28,2108.46,35.0,35.0,14877,44428,33270,1251,567,94393,107941,-13548,46818
seco,2027-07-29,2108.36,35.0,35.0,14833,44428,33270,1251,567,94349,107964,-13616,46886
seco,2027-07-30,2108.26,34.4,35.0,14832,44428,33270,1251,567,94348,107988,-13640,46910
seco,2027-07-31,2108.13,33.3,35.0,14831,44428,33270,1251,567,94347,108011,-13664,46934
seco,2027-08-01,2107.97,32.0,35.0,14805,39439,33270,1251,567,89333,107436,-18103,51373
seco,2027-08-02,2107.81,31.4,35.0,14804,39439,33270,1251,567,89331,107459,-18128,51398
seco,2027-08-03,2107.64,31.3,35.0,14747,39439,33270,1251,567,89274,107482,-18208,51478
seco,2027-08-04,2107.44,29.7,35.0,14706,39439,33270,1251,567,89233,107506,-18273,51543
seco,2027-08-05,2107.22,28.6,35.0,14694,39439,33270,1251,567,89221,107529,-18308,51578
seco,2027-08-06,2106.96,26.5,35.0,14666,39439,33270,1251,567,89193,107553,-18360,51630
seco,2027-08-07,2106.67,25.0,35.0,14664,39439,33270,1251,567,89191,107576,-18385,51655
seco,2027-08-08,2106.35,23.7,35.0,14595,39439,33270,1251,567,89122,107599,-18477,51747
seco,2027-08-09,2106.02,22.8,35.0,14593,39439,33270,1251,567,89120,107623,-18503,51773
seco,2027-08-10,2105.68,22.7,35.0,14590,39439,33270,1251,567,89117,107646,-18529,51799
seco,2027-08-11,2105.35,22.6,35.0,14607,39439,33270,1251,567,89134,107670,-18535,51806
seco,2027-08-12,2105.01,22.6,35.0,14630,39439,33270,1251,567,89157,107693,-18536,51806
seco,2027-08-13,2104.67,22.6,35.0,14649,39439,33270,1251,567,89176,107716,-18540,51810
seco,2027-08-14,2104.33,22.4,35.0,14647,39439,33270,1251,567,89174,107740,-18566,51836
seco,2027-08-15,2103.98,22.3,35.0,14644,39439,33270,1251,567,89171,107763,-18592,51862
seco,2027-08-16,2103.64,22.2,35.0,14620,39439,33270,1251,567,89147,107787,-18640,51910
seco,2027-08-17,2103.28,21.8,35.0,14617,39439,33270,1251,567,89144,107810,-18666,51936
seco,2027-08-18,2102.9,20.2,35.0,14615,39439,33270,1251,567,89142,107834,-18692,51962
seco,2027-08-19,2102.5,19.2,35.0,14633,39439,33270,1251,567,89161,107857,-18696,51967
seco,2027-08-20,2102.09,19.0,35.0,14609,39439,33270,1251,567,89136,107881,-18745,52015
seco,2027-08-21,2101.67,18.7,35.0,14672,39439,33270,1251,567,89199,107904,-18705,51975
seco,2027-08-22,2101.25,18.0,35.0,14603,39439,33270,1251,567,89130,107927,-18798,52068
seco,2027-08-23,2100.82,18.0,35.0,14599,39439,33270,1251,567,89127,107951,-18824,52095
seco,2027-08-24,2100.39,18.0,35.0,14663,39439,33270,1251,567,89190,107974,-18785,52055
seco,2027-08-25,2099.96,17.6,35.0,14593,39439,33270,1251,567,89120,107998,-18878,52148
seco,2027-08-26,2099.52,17.6,35.0,14590,39439,33270,1251,567,89117,108021,-18904,52175
seco,2027-08-27,2099.09,17.6,35.0,14587,39439,33270,1251,567,89114,108045,-18931,52201
seco,2027-08-28,2098.65,17.6,35.0,14554,39439,33270,1251,567,89081,108068,-18988,52258
seco,2027-08-29,2098.21,17.0,35.0,14551,39439,33270,1251,567,89078,108092,-19014,52284
seco,2027-08-30,2098.0,16.5,16.5,9661,39439,33270,1251,567,84188,108115,-23927,57198
seco,2027-08-31,2098.0,16.1,16.1,9449,39439,33270,1251,567,83976,108139,-24163,57433
seco,2027-09-01,2098.0,16.1,16.1,9551,32300,33270,1251,567,76939,106872,-29933,63203
seco,2027-09-02,2098.0,15.8,15.8,9465,32300,33270,1251,567,76853,106896,-30043,63313
seco,2027-09-03,2098.0,15.8,15.8,9465,32300,33270,1251,567,76853,106919,-30066,63336
seco,2027-09-04,2098.0,15.8,15.8,9465,32300,33270,1251,567,76853,106942,-30089,63359
seco,2027-09-05,2098.0,16.1,16.1,9449,32300,33270,1251,567,76837,106966,-30129,63399
seco,2027-09-06,2098.0,16.1,16.1,9301,32300,33270,1251,567,76689,106989,-30300,63570
seco,2027-09-07,2098.0,16.0,16.0,9138,32300,33270,1251,567,76526,107012,-30486,63756
seco,2027-09-08,2098.0,16.5,16.5,9276,32300,33270,1251,567,76664,107035,-30371,63641
seco,2027-09-09,2098.0,17.0,17.0,9397,32300,33270,1251,567,76785,107059,-30274,63544
seco,2027-09-10,2098.0,17.6,17.6,9357,32300,33270,1251,567,76745,107082,-30337,63607
seco,2027-09-11,2098.0,17.0,17.0,9207,32300,33270,1251,567,76595,107105,-30510,63781
seco,2027-09-12,2098.0,16.5,16.5,8900,32300,33270,1251,567,76288,107128,-30841,64111
seco,2027-09-13,2098.0,16.0,16.0,8758,32300,33270,1251,567,76146,107152,-31006,64276
seco,2027-09-14,2098.0,15.5,15.5,8583,32300,33270,1251,567,75972,107175,-31204,64474
seco,2027-09-15,2098.0,15.5,15.5,8497,32300,33270,1251,567,75885,107198,-31313,64584
seco,2027-09-16,2098.0,15.5,15.5,8583,32300,33270,1251,567,75972,107222,-31250,64520
seco,2027-09-17,2098.0,16.0,16.0,8669,32300,33270,1251,567,76057,107245,-31188,64458
seco,2027-09-18,2098.0,16.3,16.3,8693,32300,33270,1251,567,76081,107268,-31188,64458
seco,2027-09-19,2098.0,16.3,16.3,8415,32300,33270,1251,567,75803,107292,-31489,64759
seco,2027-09-20,2098.0,15.8,15.8,8277,32300,33270,1251,567,75666,107315,-31649,64920
seco,2027-09-21,2098.0,15.3,15.3,8009,32300,33270,1251,567,75397,107338,-31942,65212
seco,2027-09-22,2098.0,15.2,15.2,7981,32300,33270,1251,567,75369,107362,-31993,65263
seco,2027-09-23,2098.0,15.2,15.2,7964,32300,33270,1251,567,75353,107385,-32033,65303
seco,2027-09-24,2098.0,14.8,14.8,7727,32300,33270,1251,567,75115,107408,-32294,65564
seco,2027-09-25,2098.0,14.8,14.8,7634,32300,33270,1251,567,75022,107432,-32410,65680
seco,2027-09-26,2098.0,14.8,14.8,7526,32300,33270,1251,567,74914,107455,-32541,65811
seco,2027-09-27,2098.0,14.8,14.8,7413,32300,33270,1251,567,74801,107479,-32677,65947
seco,2027-09-28,2098.0,14.5,14.5,7248,32300,33270,1251,567,74636,107502,-32866,66136
seco,2027-09-29,2098.0,14.7,14.7,7304,32300,33270,1251,567,74692,107525,-32833,66103
seco,2027-09-30,2098.0,14.8,14.8,7326,32300,33270,1251,567,74714,107549,-32835,66105
seco,2027-10-01,2098.0,14.8,14.8,7361,32353,33270,1251,567,74802,106358,-31556,64826
seco,2027-10-02,2098.0,15.0,15.0,7398,32353,33270,1251,567,74839,106381,-31542,64812
seco,2027-10-03,2098.0,15.0,15.0,7342,32353,33270,1251,567,74784,106404,-31621,64891
seco,2027-10-04,2098.0,14.9,14.9,7326,32353,33270,1251,567,74767,106427,-31660,64931
seco,2027-10-05,2098.0,14.8,14.8,7227,32353,33270,1251,567,74668,106451,-31783,65053
seco,2027-10-06,2098.0,14.3,14.3,7067,32353,33270,1251,567,74508,106474,-31965,65235
seco,2027-10-07,2098.0,13.6,13.6,6876,32353,33270,1251,567,74317,106497,-32180,65450
estiaje_2024,2026-10-08,2130.29,40.0,66.8,23980,46915,33270,1251,567,105983,98390,7593,25677
estiaje_2024,2026-10-09,2129.81,38.1,66.8,23719,45775,33270,1251,567,104583,98412,6171,27099
estiaje_2024,2026-10-10,2129.31,36.6,66.8,23599,44636,33270,1251,567,103323,98433,4890,28380
estiaje_2024,2026-10-11,2128.82,37.1,66.8,23465,43496,33270,1251,567,102048,98454,3594,29676
estiaje_2024,2026-10-12,2128.32,36.4,66.8,23183,42356,33270,1251,567,100627,98476,2151,31119
estiaje_2024,2026-10-13,2127.83,36.6,66.8,23275,41216,33270,1251,567,99579,98497,1082,32188
estiaje_2024,2026-10-14,2127.35,43.3,66.8,23304,40077,33270,1251,567,98468,98519,-50,33320
estiaje_2024,2026-10-15,2127.12,59.0,66.8,24315,38937,33270,1251,567,98340,98540,-200,33470
estiaje_2024,2026-10-16,2126.6,40.0,66.8,23593,37797,33270,1251,567,96478,98562,-2083,35354
estiaje_2024,2026-10-17,2125.89,27.9,66.8,22603,36658,33270,1251,567,94349,98583,-4234,37504
estiaje_2024,2026-10-18,2125.1,23.0,66.8,22069,35518,33270,1251,567,92675,98604,-5929,39199
estiaje_2024,2026-10-19,2124.25,19.1,66.8,21726,34378,33270,1251,567,91192,98626,-7433,40704
estiaje_2024,2026-10-20,2123.33,15.2,66.8,21691,33239,33270,1251,567,90018,98647,-8630,41900
estiaje_2024,2026-10-21,2122.39,13.0,66.8,21307,32099,33270,1251,567,88494,98669,-10175,43445
estiaje_2024,2026-10-22,2121.22,6.8,66.8,20129,30959,33270,1251,567,86176,98690,-12514,45784
estiaje_2024,2026-10-23,2120.12,10.7,66.8,20082,30959,33270,1251,567,86129,98712,-12583,45853
estiaje_2024,2026-10-24,2118.99,8.6,66.8,21350,30959,33270,1251,567,87397,98733,-11336,44606
estiaje_2024,2026-10-25,2117.9,11.4,66.8,21868,30959,33270,1251,567,87915,98755,-10839,44109
estiaje_2024,2026-10-26,2116.88,15.8,66.8,20719,30959,33270,1251,567,86766,98776,-12010,45280
estiaje_2024,2026-10-27,2115.84,14.5,66.8,21012,30959,33270,1251,567,87060,98798,-11738,45008
estiaje_2024,2026-10-28,2115.23,37.7,66.8,21842,30959,33270,1251,567,87889,98819,-10930,44200
estiaje_2024,2026-10-29,2114.62,37.7,66.8,21833,30959,33270,1251,567,87880,98841,-10960,44231
estiaje_2024,2026-10-30,2114.6,37.7,35.0,13395,30959,33270,1251,567,79442,98862,-19420,52691
estiaje_2024,2026-10-31,2114.58,37.7,35.0,13394,30959,33270,1251,567,79442,98884,-19442,52712
estiaje_2024,2026-11-01,2114.23,19.9,35.0,12963,20304,33270,1251,567,68355,101445,-33090,66360
estiaje_2024,2026-11-02,2113.94,23.2,35.0,12854,20304,33270,1251,567,68246,101467,-33221,66491
estiaje_2024,2026-11-03,2113.69,25.8,35.0,12407,20304,33270,1251,567,67799,101489,-33690,66960
estiaje_2024,2026-11-04,2113.34,19.6,35.0,12165,20304,33270,1251,567,67557,101511,-33955,67225
estiaje_2024,2026-11-05,2112.91,15.9,35.0,12103,20304,33270,1251,567,67495,101534,-34038,67308
estiaje_2024,2026-11-06,2112.4,13.7,35.0,13256,20304,33270,1251,567,68649,101556,-32907,66177
estiaje_2024,2026-11-07,2111.73,5.8,35.0,12357,20304,33270,1251,567,67750,101578,-33828,67098
estiaje_2024,2026-11-08,2111.05,4.8,35.0,12738,20304,33270,1251,567,68130,101600,-33470,66740
estiaje_2024,2026-11-09,2110.42,7.9,35.0,11614,20304,33270,1251,567,67006,101622,-34616,67886
estiaje_2024,2026-11-10,2109.89,12.4,35.0,12194,20304,33270,1251,567,67586,101644,-34058,67328
estiaje_2024,2026-11-11,2109.34,12.0,35.0,12069,20304,33270,1251,567,67461,101666,-34205,67475
estiaje_2024,2026-11-12,2108.75,9.7,35.0,12151,20304,33270,1251,567,67543,101688,-34145,67415
estiaje_2024,2026-11-13,2108.14,8.2,35.0,12136,20304,33270,1251,567,67528,101710,-34182,67453
estiaje_2024,2026-11-14,2107.49,6.7,35.0,12544,20304,33270,1251,567,67936,101732,-33796,67067
estiaje_2024,2026-11-15,2106.84,6.8,35.0,12313,20304,33270,1251,567,67706,101755,-34049,67319
estiaje_2024,2026-11-16,2106.27,10.7,35.0,11587,20304,33270,1251,567,66980,101777,-34797,68067
estiaje_2024,2026-11-17,2105.72,11.7,35.0,11521,20304,33270,1251,567,66913,101799,-34885,68156
estiaje_2024,2026-11-18,2105.15,10.4,35.0,11992,20304,33270,1251,567,67384,101821,-34437,67707
estiaje_2024,2026-11-19,2104.55,9.6,35.0,12008,20304,33270,1251,567,67401,101843,-34442,67713
estiaje_2024,2026-11-20,2103.97,9.8,35.0,11704,20304,33270,1251,567,67097,101865,-34769,68039
estiaje_2024,2026-11-21,2103.33,7.5,35.0,12015,20304,33270,1251,567,67408,101887,-34480,67750
estiaje_2024,2026-11-22,2102.75,10.1,35.0,11726,20304,33270,1251,567,67119,101910,-34791,68061
estiaje_2024,2026-11-23,2102.25,13.9,35.0,11817,20304,33270,1251,567,67209,101932,-34723,67993
estiaje_2024,2026-11-24,2101.78,15.9,35.0,11628,20304,33270,1251,567,67020,101954,-34934,68204
estiaje_2024,2026-11-25,2101.2,10.4,35.0,11778,20304,33270,1251,567,67170,101976,-34806,68076
estiaje_2024,2026-11-26,2100.62,10.2,35.0,12119,20304,33270,1251,567,67512,101998,-34487,67757
estiaje_2024,2026-11-27,2100.32,24.4,35.0,12581,20304,33270,1251,567,67974,102021,-34047,67317
estiaje_2024,2026-11-28,2100.06,26.8,35.0,12963,20304,33270,1251,567,68355,102043,-33688,66958
estiaje_2024,2026-11-29,2099.81,26.8,35.0,12961,20304,33270,1251,567,68353,102065,-33712,66982
estiaje_2024,2026-11-30,2099.55,26.8,35.0,12959,20304,33270,1251,567,68351,102087,-33736,67006
estiaje_2024,2026-12-01,2099.16,20.0,35.0,12023,40466,33270,1251,567,87577,103893,-16316,49586
estiaje_2024,2026-12-02,2098.64,13.3,35.0,11752,40466,33270,1251,567,87306,103916,-16610,49880
estiaje_2024,2026-12-03,2098.0,5.6,5.6,4603,40466,33270,1251,567,80157,103938,-23782,57052
estiaje_2024,2026-12-04,2098.0,13.8,13.8,5938,40466,33270,1251,567,81492,103961,-22469,55739
estiaje_2024,2026-12-05,2098.0,26.5,26.5,10999,40466,33270,1251,567,86553,103983,-17431,50701
estiaje_2024,2026-12-06,2098.0,30.6,30.6,12599,40466,33270,1251,567,88153,104006,-15853,49123
estiaje_2024,2026-12-07,2098.01,40.6,35.0,17529,40466,33270,1251,567,93083,104029,-10946,44216
estiaje_2024,2026-12-08,2098.0,36.3,35.0,14475,40466,33270,1251,567,90029,104051,-14022,47293
estiaje_2024,2026-12-09,2098.0,38.2,35.0,13522,40466,33270,1251,567,89076,104074,-14998,48268
estiaje_2024,2026-12-10,2098.0,30.8,30.8,12186,40466,33270,1251,567,87740,104097,-16356,49627
estiaje_2024,2026-12-11,2098.1,44.9,35.0,14575,40466,33270,1251,567,90129,104119,-13990,47260
estiaje_2024,2026-12-12,2098.0,28.5,28.5,12390,40466,33270,1251,567,87944,104142,-16198,49468
estiaje_2024,2026-12-13,2098.0,25.1,25.1,10655,40466,33270,1251,567,86209,104165,-17956,51226
estiaje_2024,2026-12-14,2098.19,49.5,35.0,13836,40466,33270,1251,567,89390,104187,-14797,48067
estiaje_2024,2026-12-15,2098.05,32.9,35.0,13095,40466,33270,1251,567,88649,104210,-15561,48831
estiaje_2024,2026-12-16,2098.3,52.7,35.0,13840,40466,33270,1251,567,89394,104233,-14838,48108
estiaje_2024,2026-12-17,2098.09,28.9,35.0,13733,40466,33270,1251,567,89287,104255,-14968,48238
estiaje_2024,2026-12-18,2098.21,46.4,35.0,16579,40466,33270,1251,567,92133,104278,-12145,45415
estiaje_2024,2026-12-19,2098.22,40.1,35.0,15253,40466,33270,1251,567,90807,104301,-13493,46764
estiaje_2024,2026-12-20,2098.0,26.3,26.3,12219,40466,33270,1251,567,87773,104323,-16551,49821
estiaje_2024,2026-12-21,2098.0,22.4,22.4,10574,40466,33270,1251,567,86128,104346,-18218,51488
estiaje_2024,2026-12-22,2098.0,20.6,20.6,11334,40466,33270,1251,567,86888,104369,-17481,50751
estiaje_2024,2026-12-23,2098.0,32.2,32.2,14564,40466,33270,1251,567,90118,104391,-14273,47543
estiaje_2024,2026-12-24,2098.0,36.0,35.0,13935,40466,33270,1251,567,89489,104414,-14925,48195
estiaje_2024,2026-12-25,2098.0,38.2,35.0,13867,40466,33270,1251,567,89421,104437,-15016,48286
estiaje_2024,2026-12-26,2098.24,52.1,35.0,14900,40466,33270,1251,567,90454,104459,-14005,47275
estiaje_2024,2026-12-27,2099.59,108.9,35.0,15001,40466,33270,1251,567,90555,104482,-13927,47197
estiaje_2024,2026-12-28,2100.46,84.6,35.0,15158,40466,33270,1251,567,90712,104505,-13793,47063
estiaje_2024,2026-12-29,2101.33,84.6,35.0,15164,40466,33270,1251,567,90719,104528,-13809,47079
estiaje_2024,2026-12-30,2102.2,84.6,35.0,15171,40466,33270,1251,567,90725,104550,-13825,47096
estiaje_2024,2026-12-31,2103.08,84.6,35.0,15177,40466,33270,1251,567,90732,104573,-13842,47112
estiaje_2024,2027-01-01,2104.49,112.0,35.0,15920,50511,33270,1251,567,101520,101075,445,32825
estiaje_2024,2027-01-02,2106.41,138.3,35.0,18025,50511,33270,1251,567,103624,101097,2527,30743
estiaje_2024,2027-01-03,2108.56,150.1,35.0,16304,50511,33270,1251,567,101903,101119,785,32485
estiaje_2024,2027-01-04,2110.63,146.3,35.0,17024,50511,33270,1251,567,102624,101141,1483,31787
estiaje_2024,2027-01-05,2113.0,160.9,35.0,16447,50511,33270,1251,567,102046,101163,884,32386
estiaje_2024,2027-01-06,2114.36,110.0,35.0,16078,50511,33270,1251,567,101677,101185,492,32778
estiaje_2024,2027-01-07,2115.19,83.5,35.0,13664,50511,33270,1251,567,99263,101207,-1944,35214
estiaje_2024,2027-01-08,2116.66,149.4,66.8,24437,50511,33270,1251,567,110037,101229,8808,24462
estiaje_2024,2027-01-09,2117.94,139.5,66.8,24668,50511,33270,1251,567,110267,101251,9016,24254
estiaje_2024,2027-01-10,2118.78,115.9,66.8,25302,50511,33270,1251,567,110901,101273,9629,23642
estiaje_2024,2027-01-11,2119.01,86.2,66.8,23468,50511,33270,1251,567,109067,101295,7772,25498
estiaje_2024,2027-01-12,2118.96,70.0,66.8,23005,50511,33270,1251,567,108604,101317,7287,25983
estiaje_2024,2027-01-13,2118.66,55.6,66.8,22359,50511,33270,1251,567,107958,101339,6619,26651
estiaje_2024,2027-01-14,2118.18,46.2,66.8,23260,50511,33270,1251,567,108859,101361,7498,25772
estiaje_2024,2027-01-15,2117.8,51.0,66.8,23980,50511,33270,1251,567,109579,101383,8196,25074
estiaje_2024,2027-01-16,2117.37,47.9,66.8,22819,50511,33270,1251,567,108418,101405,7013,26257
estiaje_2024,2027-01-17,2116.93,46.9,66.8,22346,50511,33270,1251,567,107945,101427,6518,26752
estiaje_2024,2027-01-18,2116.62,53.6,66.8,22538,50511,33270,1251,567,108137,101449,6688,26582
estiaje_2024,2027-01-19,2116.26,51.3,66.8,21868,50511,33270,1251,567,107467,101471,5996,27274
estiaje_2024,2027-01-20,2116.01,57.5,66.8,23738,50511,33270,1251,567,109337,101493,7844,25427
estiaje_2024,2027-01-21,2115.67,51.8,66.8,23971,50511,33270,1251,567,109570,101515,8054,25216
estiaje_2024,2027-01-22,2115.52,62.9,66.8,23520,50511,33270,1251,567,109119,101537,7582,25688
estiaje_2024,2027-01-23,2115.39,63.5,66.8,21936,50511,33270,1251,567,107535,101559,5976,27294
estiaje_2024,2027-01-24,2114.86,42.0,66.8,22561,50511,33270,1251,567,108161,101582,6579,26691
estiaje_2024,2027-01-25,2114.84,37.5,35.0,17196,50511,33270,1251,567,102796,101604,1192,32078
estiaje_2024,2027-01-26,2114.98,46.7,35.0,16653,50511,33270,1251,567,102252,101626,627,32644
estiaje_2024,2027-01-27,2115.14,47.4,35.0,15367,50511,33270,1251,567,100966,101648,-682,33952
estiaje_2024,2027-01-28,2114.67,45.2,66.8,23384,50511,33270,1251,567,108983,101670,7313,25957
estiaje_2024,2027-01-29,2114.79,45.2,35.0,14947,50511,33270,1251,567,100546,101692,-1146,34416
estiaje_2024,2027-01-30,2114.91,45.2,35.0,14948,50511,33270,1251,567,100547,101714,-1167,34438
estiaje_2024,2027-01-31,2115.02,45.2,35.0,14948,50511,33270,1251,567,100548,101736,-1189,34459
estiaje_2024,2027-02-01,2114.59,47.1,66.8,25200,56457,33270,1251,567,116745,105280,11465,21805
estiaje_2024,2027-02-02,2114.64,41.4,35.0,15332,56457,33270,1251,567,106877,105303,1574,31696
estiaje_2024,2027-02-03,2114.5,31.3,35.0,14702,56457,33270,1251,567,106247,105326,922,32348
estiaje_2024,2027-02-04,2114.48,37.9,35.0,12922,56457,33270,1251,567,104467,105349,-882,34152
estiaje_2024,2027-02-05,2114.51,40.5,35.0,14736,56457,33270,1251,567,106281,105371,910,32360
estiaje_2024,2027-02-06,2114.45,35.3,35.0,13808,56457,33270,1251,567,105353,105394,-42,33312
estiaje_2024,2027-02-07,2114.46,39.5,35.0,14948,56457,33270,1251,567,106493,105417,1075,32195
estiaje_2024,2027-02-08,2114.57,44.3,35.0,15901,56457,33270,1251,567,107446,105440,2005,31265
estiaje_2024,2027-02-09,2115.04,64.4,35.0,14507,56457,33270,1251,567,106052,105463,589,32681
estiaje_2024,2027-02-10,2114.79,57.0,66.8,21304,56457,33270,1251,567,112849,105486,7363,25907
estiaje_2024,2027-02-11,2115.57,80.7,35.0,17011,56457,33270,1251,567,108556,105509,3047,30224
estiaje_2024,2027-02-12,2116.59,125.7,66.8,28270,56457,33270,1251,567,119815,105532,14283,18987
estiaje_2024,2027-02-13,2117.64,127.3,66.8,27807,56457,33270,1251,567,119352,105555,13797,19474
estiaje_2024,2027-02-14,2120.15,205.9,66.8,28379,56457,33270,1251,567,119924,105578,14346,18924
estiaje_2024,2027-02-15,2121.95,174.6,66.8,21143,56457,33270,1251,567,112688,105601,7087,26183
estiaje_2024,2027-02-16,2123.94,185.4,66.8,24884,56457,33270,1251,567,116429,105624,10805,22465
estiaje_2024,2027-02-17,2125.51,174.7,66.8,27475,56457,33270,1251,567,119019,105647,13373,19898
estiaje_2024,2027-02-18,2128.97,295.3,66.8,35630,56457,33270,1251,567,127175,105670,21505,11765
estiaje_2024,2027-02-19,2131.1,239.8,66.8,30349,56457,33270,1251,567,121894,105693,16201,17069
estiaje_2024,2027-02-20,2132.59,189.9,66.8,29001,56457,33270,1251,567,120546,105716,14830,18440
estiaje_2024,2027-02-21,2133.61,153.9,66.8,26535,56457,33270,1251,567,118080,105739,12341,20929
estiaje_2024,2027-02-22,2134.24,120.7,66.8,25766,56457,33270,1251,567,117311,105762,11550,21721
estiaje_2024,2027-02-23,2134.73,110.3,66.8,24794,56457,33270,1251,567,116339,105785,10554,22716
estiaje_2024,2027-02-24,2135.0,93.3,66.8,25301,56457,33270,1251,567,116846,105808,11038,22232
estiaje_2024,2027-02-25,2135.2,87.8,66.8,24461,56457,33270,1251,567,116006,105831,10175,23095
estiaje_2024,2027-02-26,2135.59,103.1,66.8,24179,56457,33270,1251,567,115724,105854,9870,23400
estiaje_2024,2027-02-27,2135.93,98.8,66.8,23021,56457,33270,1251,567,114566,105877,8689,24581
estiaje_2024,2027-02-28,2136.34,103.7,66.8,23532,56457,33270,1251,567,115077,105900,9177,24093
estiaje_2024,2027-03-01,2137.53,164.8,66.8,20914,57832,33270,1251,567,113834,111084,2750,30520
estiaje_2024,2027-03-02,2139.48,223.5,66.8,29037,57832,33270,1251,567,121957,111108,10849,22422
estiaje_2024,2027-03-03,2142.67,355.3,66.8,31817,57832,33270,1251,567,124736,111132,13604,19666
estiaje_2024,2027-03-04,2144.52,236.3,66.8,28892,57832,33270,1251,567,121811,111157,10655,22615
estiaje_2024,2027-03-05,2145.84,189.2,66.8,26847,57832,33270,1251,567,119767,111181,8586,24684
estiaje_2024,2027-03-06,2147.04,177.2,66.8,24883,57832,33270,1251,567,117803,111205,6598,26672
estiaje_2024,2027-03-07,2147.92,149.7,66.8,23951,57832,33270,1251,567,116870,111229,5641,27629
estiaje_2024,2027-03-08,2148.5,122.0,66.8,25097,57832,33270,1251,567,118017,111253,6764,26507
estiaje_2024,2027-03-09,2148.9,114.3,66.8,24780,57832,33270,1251,567,117700,111277,6423,26847
estiaje_2024,2027-03-10,2149.04,85.4,66.8,24100,57832,33270,1251,567,117020,111302,5718,27552
estiaje_2024,2027-03-11,2149.31,100.0,66.8,23710,57832,33270,1251,567,116630,111326,5304,27966
estiaje_2024,2027-03-12,2149.44,83.1,66.8,23726,57832,33270,1251,567,116646,111350,5296,27974
estiaje_2024,2027-03-13,2149.51,77.4,66.8,24330,57832,33270,1251,567,117250,111374,5875,27395
estiaje_2024,2027-03-14,2149.83,106.0,66.8,25374,57832,33270,1251,567,118294,111399,6895,26375
estiaje_2024,2027-03-15,2150.27,118.7,66.8,22999,57832,33270,1251,567,115919,111423,4496,28774
estiaje_2024,2027-03-16,2150.51,96.4,66.8,21133,57832,33270,1251,567,114053,111447,2606,30664
estiaje_2024,2027-03-17,2150.75,95.9,66.8,21042,57832,33270,1251,567,113962,111471,2491,30779
estiaje_2024,2027-03-18,2150.92,89.4,66.8,22159,57832,33270,1251,567,115079,111496,3583,29687
estiaje_2024,2027-03-19,2150.93,69.9,66.8,23079,57832,33270,1251,567,115999,111520,4479,28791
estiaje_2024,2027-03-20,2150.85,61.3,66.8,23840,57832,33270,1251,567,116760,111544,5216,28054
estiaje_2024,2027-03-21,2150.8,63.9,66.8,24018,57832,33270,1251,567,116938,111568,5369,27901
estiaje_2024,2027-03-22,2151.0,91.9,66.8,26472,57832,33270,1251,567,119392,111593,7799,25471
estiaje_2024,2027-03-23,2151.47,122.2,66.8,25285,57832,33270,1251,567,118205,111617,6588,26682
estiaje_2024,2027-03-24,2151.5,73.3,66.8,24694,57832,33270,1251,567,117614,111641,5972,27298
estiaje_2024,2027-03-25,2151.39,56.7,66.8,24373,57832,33270,1251,567,117292,111665,5627,27643
estiaje_2024,2027-03-26,2151.22,51.4,66.8,25304,57832,33270,1251,567,118224,111690,6534,26736
estiaje_2024,2027-03-27,2151.29,76.9,66.8,23549,57832,33270,1251,567,116469,111714,4755,28515
estiaje_2024,2027-03-28,2151.44,86.5,66.8,24651,57832,33270,1251,567,117571,111738,5833,27438
estiaje_2024,2027-03-29,2151.59,86.5,66.8,24653,57832,33270,1251,567,117573,111763,5810,27460
estiaje_2024,2027-03-30,2151.74,86.5,66.8,24655,57832,33270,1251,567,117575,111787,5788,27482
estiaje_2024,2027-03-31,2151.89,86.5,66.8,24658,57832,33270,1251,567,117577,111811,5766,27504
estiaje_2024,2027-04-01,2152.97,190.1,66.8,26696,55901,33270,1251,567,117686,113037,4649,28622
estiaje_2024,2027-04-02,2153.0,255.1,66.8,26892,55901,33270,1251,567,117882,113062,4820,28450
estiaje_2024,2027-04-03,2153.0,176.7,66.8,24927,55901,33270,1251,567,115917,113086,2830,30440
estiaje_2024,2027-04-04,2153.0,189.4,66.8,24858,55901,33270,1251,567,115847,113111,2736,30534
estiaje_2024,2027-04-05,2153.0,191.1,66.8,25281,55901,33270,1251,567,116270,113136,3135,30136
estiaje_2024,2027-04-06,2153.0,365.0,66.8,40466,55901,33270,1251,567,131456,113160,18296,14974
estiaje_2024,2027-04-07,2153.0,294.8,66.8,39351,55901,33270,1251,567,130340,113185,17156,16114
estiaje_2024,2027-04-08,2153.0,171.6,66.8,32380,55901,33270,1251,567,123369,113209,10160,23111
estiaje_2024,2027-04-09,2153.0,145.9,66.8,26480,55901,33270,1251,567,117469,113234,4235,29035
estiaje_2024,2027-04-10,2153.0,191.6,66.8,26201,55901,33270,1251,567,117191,113259,3932,29338
estiaje_2024,2027-04-11,2153.0,318.6,66.8,26508,55901,33270,1251,567,117497,113283,4214,29056
estiaje_2024,2027-04-12,2153.0,300.7,66.8,35036,55901,33270,1251,567,126026,113308,12718,20552
estiaje_2024,2027-04-13,2153.0,274.7,66.8,36997,55901,33270,1251,567,127987,113333,14654,18616
estiaje_2024,2027-04-14,2153.0,188.8,66.8,28790,55901,33270,1251,567,119779,113357,6422,26848
estiaje_2024,2027-04-15,2153.0,135.1,66.8,24937,55901,33270,1251,567,115927,113382,2545,30725
estiaje_2024,2027-04-16,2153.0,105.5,66.8,22583,55901,33270,1251,567,113573,113407,166,33104
estiaje_2024,2027-04-17,2153.0,127.3,66.8,21514,55901,33270,1251,567,112504,113431,-928,34198
estiaje_2024,2027-04-18,2153.0,185.8,66.8,25830,55901,33270,1251,567,116819,113456,3364,29907
estiaje_2024,2027-04-19,2153.0,129.6,66.8,22120,55901,33270,1251,567,113109,113481,-371,33642
estiaje_2024,2027-04-20,2153.0,103.2,66.8,22734,55901,33270,1251,567,113723,113505,218,33052
estiaje_2024,2027-04-21,2153.0,84.1,66.8,23506,55901,33270,1251,567,114495,113530,965,32305
estiaje_2024,2027-04-22,2152.97,66.3,66.8,24237,55901,33270,1251,567,115226,113555,1672,31599
estiaje_2024,2027-04-23,2152.91,63.2,66.8,24533,55901,33270,1251,567,115523,113579,1943,31327
estiaje_2024,2027-04-24,2152.93,71.6,66.8,25136,55901,33270,1251,567,116125,113604,2521,30749
estiaje_2024,2027-04-25,2153.0,87.8,66.8,23527,55901,33270,1251,567,114516,113629,887,32383
estiaje_2024,2027-04-26,2153.0,107.0,66.8,24350,55901,33270,1251,567,115340,113653,1686,31584
estiaje_2024,2027-04-27,2153.0,152.7,66.8,21452,55901,33270,1251,567,112441,113678,-1237,34507
estiaje_2024,2027-04-28,2153.0,234.7,66.8,23771,55901,33270,1251,567,114760,113703,1057,32213
estiaje_2024,2027-04-29,2153.0,234.7,66.8,23771,55901,33270,1251,567,114760,113728,1032,32238
estiaje_2024,2027-04-30,2153.0,234.7,66.8,23771,55901,33270,1251,567,114760,113752,1008,32262
estiaje_2024,2027-05-01,2153.0,139.3,66.8,20822,57875,33270,1251,567,113785,111455,2330,30941
estiaje_2024,2027-05-02,2153.0,167.7,66.8,24479,57875,33270,1251,567,117443,111480,5963,27307
estiaje_2024,2027-05-03,2153.0,121.0,66.8,23535,57875,33270,1251,567,116498,111504,4994,28276
estiaje_2024,2027-05-04,2153.0,98.4,66.8,20874,57875,33270,1251,567,113837,111528,2309,30961
estiaje_2024,2027-05-05,2153.0,129.8,66.8,24515,57875,33270,1251,567,117479,111552,5926,27344
estiaje_2024,2027-05-06,2153.0,142.5,66.8,26611,57875,33270,1251,567,119574,111577,7998,25273
estiaje_2024,2027-05-07,2153.0,102.3,66.8,24130,57875,33270,1251,567,117094,111601,5493,27777
estiaje_2024,2027-05-08,2153.0,87.3,66.8,21033,57875,33270,1251,567,113996,111625,2371,30899
estiaje_2024,2027-05-09,2153.0,83.3,66.8,21258,57875,33270,1251,567,114222,111649,2572,30698
estiaje_2024,2027-05-10,2153.0,198.6,66.8,28313,57875,33270,1251,567,121276,111674,9602,23668
estiaje_2024,2027-05-11,2153.0,397.2,66.8,40466,57875,33270,1251,567,133430,111698,21732,11538
estiaje_2024,2027-05-12,2153.0,728.8,66.8,40466,57875,33270,1251,567,133430,111722,21707,11563
estiaje_2024,2027-05-13,2153.0,525.8,66.8,40466,57875,33270,1251,567,133430,111747,21683,11587
estiaje_2024,2027-05-14,2153.0,231.0,66.8,33787,57875,33270,1251,567,126751,111771,14980,18291
estiaje_2024,2027-05-15,2153.0,166.4,66.8,31712,57875,33270,1251,567,124675,111795,12880,20390
estiaje_2024,2027-05-16,2153.0,134.4,66.8,26645,57875,33270,1251,567,119608,111820,7788,25482
estiaje_2024,2027-05-17,2153.0,131.9,66.8,29357,57875,33270,1251,567,122321,111844,10477,22793
estiaje_2024,2027-05-18,2153.0,145.1,66.8,26276,57875,33270,1251,567,119239,111868,7371,25899
estiaje_2024,2027-05-19,2153.0,248.8,66.8,25734,57875,33270,1251,567,118697,111893,6805,26466
estiaje_2024,2027-05-20,2153.0,239.1,66.8,28622,57875,33270,1251,567,121586,111917,9669,23602
estiaje_2024,2027-05-21,2153.0,188.4,66.8,31743,57875,33270,1251,567,124707,111941,12765,20505
estiaje_2024,2027-05-22,2153.0,183.1,66.8,32492,57875,33270,1251,567,125456,111966,13490,19780
estiaje_2024,2027-05-23,2153.0,149.6,66.8,31504,57875,33270,1251,567,124468,111990,12478,20793
estiaje_2024,2027-05-24,2153.0,139.1,66.8,29968,57875,33270,1251,567,122931,112014,10917,22353
estiaje_2024,2027-05-25,2153.0,119.8,66.8,34992,57875,33270,1251,567,127955,112039,15916,17354
estiaje_2024,2027-05-26,2153.0,151.6,66.8,30618,57875,33270,1251,567,123581,112063,11518,21752
estiaje_2024,2027-05-27,2153.0,112.3,66.8,26617,57875,33270,1251,567,119580,112087,7493,25778
estiaje_2024,2027-05-28,2153.0,126.3,66.8,28278,57875,33270,1251,567,121241,112112,9129,24141
estiaje_2024,2027-05-29,2153.0,126.3,66.8,28278,57875,33270,1251,567,121241,112136,9105,24165
estiaje_2024,2027-05-30,2153.0,126.3,66.8,28278,57875,33270,1251,567,121241,112161,9080,24190
estiaje_2024,2027-05-31,2153.0,126.3,66.8,28278,57875,33270,1251,567,121241,112185,9056,24214
estiaje_2024,2027-06-01,2153.0,120.9,66.8,25692,52908,33270,1251,567,113687,107540,6147,27123
estiaje_2024,2027-06-02,2153.0,103.3,66.8,24935,52908,33270,1251,567,112931,107563,5368,27903
estiaje_2024,2027-06-03,2153.0,97.7,66.8,24265,52908,33270,1251,567,112261,107587,4674,28596
estiaje_2024,2027-06-04,2153.0,217.6,66.8,31360,52908,33270,1251,567,119355,107610,11745,21525
estiaje_2024,2027-06-05,2153.0,207.7,66.8,30462,52908,33270,1251,567,118458,107634,10824,22446
estiaje_2024,2027-06-06,2153.0,185.7,66.8,31376,52908,33270,1251,567,119372,107657,11715,21555
estiaje_2024,2027-06-07,2153.0,168.8,66.8,33484,52908,33270,1251,567,121480,107680,13799,19471
estiaje_2024,2027-06-08,2153.0,126.2,66.8,27227,52908,33270,1251,567,115223,107704,7519,25751
estiaje_2024,2027-06-09,2153.0,165.1,66.8,31247,52908,33270,1251,567,119243,107727,11515,21755
estiaje_2024,2027-06-10,2153.0,127.3,66.8,26873,52908,33270,1251,567,114869,107751,7118,26152
estiaje_2024,2027-06-11,2153.0,104.3,66.8,23920,52908,33270,1251,567,111916,107774,4142,29128
estiaje_2024,2027-06-12,2153.0,81.8,66.8,25627,52908,33270,1251,567,113623,107798,5825,27445
estiaje_2024,2027-06-13,2153.0,69.7,66.8,26309,52908,33270,1251,567,114305,107821,6484,26786
estiaje_2024,2027-06-14,2152.96,65.0,66.8,25806,52908,33270,1251,567,113801,107844,5957,27313
estiaje_2024,2027-06-15,2153.0,75.7,66.8,25421,52908,33270,1251,567,113417,107868,5549,27721
estiaje_2024,2027-06-16,2153.0,112.0,66.8,25415,52908,33270,1251,567,113410,107891,5519,27751
estiaje_2024,2027-06-17,2153.0,122.1,66.8,26196,52908,33270,1251,567,114192,107915,6277,26993
estiaje_2024,2027-06-18,2153.0,187.9,66.8,31937,52908,33270,1251,567,119933,107938,11994,21276
estiaje_2024,2027-06-19,2153.0,139.5,66.8,31314,52908,33270,1251,567,119310,107962,11348,21922
estiaje_2024,2027-06-20,2153.0,380.3,66.8,40466,52908,33270,1251,567,128462,107985,20477,12793
estiaje_2024,2027-06-21,2153.0,233.1,66.8,34900,52908,33270,1251,567,122896,108009,14887,18383
estiaje_2024,2027-06-22,2153.0,135.4,66.8,25215,52908,33270,1251,567,113211,108032,5179,28091
estiaje_2024,2027-06-23,2153.0,98.7,66.8,25573,52908,33270,1251,567,113568,108056,5513,27758
estiaje_2024,2027-06-24,2153.0,82.7,66.8,26931,52908,33270,1251,567,114927,108079,6847,26423
estiaje_2024,2027-06-25,2153.0,134.0,66.8,29815,52908,33270,1251,567,117811,108103,9708,23562
estiaje_2024,2027-06-26,2153.0,130.8,66.8,33597,52908,33270,1251,567,121592,108126,13466,19804
estiaje_2024,2027-06-27,2153.0,206.3,66.8,28978,52908,33270,1251,567,116974,108150,8824,24446
estiaje_2024,2027-06-28,2153.0,119.7,66.8,30672,52908,33270,1251,567,118668,108173,10495,22775
estiaje_2024,2027-06-29,2153.0,119.7,66.8,30672,52908,33270,1251,567,118668,108197,10471,22799
estiaje_2024,2027-06-30,2153.0,119.7,66.8,30672,52908,33270,1251,567,118668,108220,10448,22822
estiaje_2024,2027-07-01,2153.0,444.1,66.8,40466,42467,33270,1251,567,118021,107309,10712,22558
estiaje_2024,2027-07-02,2153.0,628.6,66.8,40466,42467,33270,1251,567,118021,107332,10689,22581
estiaje_2024,2027-07-03,2153.0,661.1,66.8,40466,42467,33270,1251,567,118021,107356,10665,22605
estiaje_2024,2027-07-04,2153.0,305.1,66.8,40466,42467,33270,1251,567,118021,107379,10642,22628
estiaje_2024,2027-07-05,2153.0,210.4,66.8,33217,42467,33270,1251,567,110771,107402,3369,29901
estiaje_2024,2027-07-06,2153.0,167.8,66.8,27804,42467,33270,1251,567,105359,107426,-2067,35337
estiaje_2024,2027-07-07,2153.0,134.6,66.8,27479,42467,33270,1251,567,105034,107449,-2415,35685
estiaje_2024,2027-07-08,2153.0,144.1,66.8,30276,42467,33270,1251,567,107830,107472,358,32912
estiaje_2024,2027-07-09,2153.0,317.6,66.8,40466,42467,33270,1251,567,118021,107496,10525,22745
estiaje_2024,2027-07-10,2153.0,467.1,66.8,40466,42467,33270,1251,567,118021,107519,10502,22768
estiaje_2024,2027-07-11,2153.0,448.3,66.8,40466,42467,33270,1251,567,118021,107543,10478,22792
estiaje_2024,2027-07-12,2153.0,677.8,66.8,40466,42467,33270,1251,567,118021,107566,10455,22815
estiaje_2024,2027-07-13,2153.0,514.0,66.8,40466,42467,33270,1251,567,118021,107589,10432,22839
estiaje_2024,2027-07-14,2153.0,260.6,66.8,40466,42467,33270,1251,567,118021,107613,10408,22862
estiaje_2024,2027-07-15,2153.0,187.4,66.8,37150,42467,33270,1251,567,114705,107636,7069,26202
estiaje_2024,2027-07-16,2153.0,155.3,66.8,29972,42467,33270,1251,567,107526,107660,-133,33404
estiaje_2024,2027-07-17,2153.0,144.5,66.8,28599,42467,33270,1251,567,106154,107683,-1529,34800
estiaje_2024,2027-07-18,2153.0,385.1,66.8,40466,42467,33270,1251,567,118021,107706,10315,22956
estiaje_2024,2027-07-19,2153.0,492.7,66.8,40466,42467,33270,1251,567,118021,107730,10291,22979
estiaje_2024,2027-07-20,2153.0,354.2,66.8,40466,42467,33270,1251,567,118021,107753,10268,23003
estiaje_2024,2027-07-21,2153.0,189.3,66.8,32364,42467,33270,1251,567,109919,107777,2142,31128
estiaje_2024,2027-07-22,2153.0,142.9,66.8,28282,42467,33270,1251,567,105837,107800,-1964,35234
estiaje_2024,2027-07-23,2153.0,148.6,66.8,27264,42467,33270,1251,567,104818,107824,-3005,36276
estiaje_2024,2027-07-24,2153.0,257.0,66.8,31727,42467,33270,1251,567,109282,107847,1435,31836
estiaje_2024,2027-07-25,2153.0,185.6,66.8,25889,42467,33270,1251,567,103443,107871,-4427,37697
estiaje_2024,2027-07-26,2153.0,135.1,66.8,22931,42467,33270,1251,567,100486,107894,-7409,40679
estiaje_2024,2027-07-27,2153.0,117.7,66.8,23004,42467,33270,1251,567,100559,107918,-7359,40629
estiaje_2024,2027-07-28,2153.0,116.0,66.8,23422,42467,33270,1251,567,100976,107941,-6965,40235
estiaje_2024,2027-07-29,2153.0,116.0,66.8,23422,42467,33270,1251,567,100976,107964,-6988,40258
estiaje_2024,2027-07-30,2153.0,116.0,66.8,23422,42467,33270,1251,567,100976,107988,-7012,40282
estiaje_2024,2027-07-31,2153.0,116.0,66.8,23422,42467,33270,1251,567,100976,108011,-7035,40305
estiaje_2024,2027-08-01,2153.0,85.0,66.8,24468,46024,33270,1251,567,105580,107436,-1856,35126
estiaje_2024,2027-08-02,2153.0,75.4,66.8,25876,46024,33270,1251,567,106988,107459,-471,33741
estiaje_2024,2027-08-03,2153.0,113.0,66.8,28927,46024,33270,1251,567,110039,107482,2557,30714
estiaje_2024,2027-08-04,2153.0,176.7,66.8,31724,46024,33270,1251,567,112836,107506,5331,27940
estiaje_2024,2027-08-05,2153.0,186.3,66.8,33874,46024,33270,1251,567,114986,107529,7457,25813
estiaje_2024,2027-08-06,2153.0,206.0,66.8,30759,46024,33270,1251,567,111872,107553,4319,28951
estiaje_2024,2027-08-07,2153.0,115.2,66.8,25630,46024,33270,1251,567,106742,107576,-834,34104
estiaje_2024,2027-08-08,2153.0,74.7,66.8,27507,46024,33270,1251,567,108619,107599,1020,32250
estiaje_2024,2027-08-09,2152.95,64.0,66.8,25356,46024,33270,1251,567,106468,107623,-1155,34425
estiaje_2024,2027-08-10,2152.86,60.1,66.8,25176,46024,33270,1251,567,106289,107646,-1358,34628
estiaje_2024,2027-08-11,2153.0,85.2,66.8,26941,46024,33270,1251,567,108053,107670,383,32887
estiaje_2024,2027-08-12,2153.0,111.6,66.8,29717,46024,33270,1251,567,110830,107693,3137,30133
estiaje_2024,2027-08-13,2153.0,84.3,66.8,27657,46024,33270,1251,567,108769,107716,1053,32218
estiaje_2024,2027-08-14,2153.0,74.5,66.8,27937,46024,33270,1251,567,109049,107740,1309,31961
estiaje_2024,2027-08-15,2153.0,107.4,66.8,35146,46024,33270,1251,567,116258,107763,8495,24775
estiaje_2024,2027-08-16,2153.0,129.4,66.8,31209,46024,33270,1251,567,112321,107787,4534,28736
estiaje_2024,2027-08-17,2153.0,110.8,66.8,27305,46024,33270,1251,567,108418,107810,607,32663
estiaje_2024,2027-08-18,2153.0,77.9,66.8,27088,46024,33270,1251,567,108200,107834,366,32904
estiaje_2024,2027-08-19,2152.9,59.0,66.8,26840,46024,33270,1251,567,107952,107857,95,33175
estiaje_2024,2027-08-20,2152.78,56.5,66.8,27581,46024,33270,1251,567,108693,107881,813,32457
estiaje_2024,2027-08-21,2152.68,58.5,66.8,27920,46024,33270,1251,567,109032,107904,1128,32142
estiaje_2024,2027-08-22,2152.51,50.8,66.8,28026,46024,33270,1251,567,109138,107927,1210,32060
estiaje_2024,2027-08-23,2152.32,48.4,66.8,27319,46024,33270,1251,567,108431,107951,480,32790
estiaje_2024,2027-08-24,2152.28,64.6,66.8,29622,46024,33270,1251,567,110735,107974,2760,30510
estiaje_2024,2027-08-25,2152.9,139.0,66.8,33881,46024,33270,1251,567,114993,107998,6996,26275
estiaje_2024,2027-08-26,2153.0,154.9,66.8,31975,46024,33270,1251,567,113087,108021,5066,28204
estiaje_2024,2027-08-27,2153.0,203.4,66.8,37137,46024,33270,1251,567,118250,108045,10205,23066
estiaje_2024,2027-08-28,2153.0,88.9,66.8,31848,46024,33270,1251,567,112960,108068,4892,28379
estiaje_2024,2027-08-29,2153.0,88.9,66.8,31848,46024,33270,1251,567,112960,108092,4868,28402
estiaje_2024,2027-08-30,2153.0,88.9,66.8,31848,46024,33270,1251,567,112960,108115,4845,28426
estiaje_2024,2027-08-31,2153.0,88.9,66.8,31848,46024,33270,1251,567,112960,108139,4821,28449
estiaje_2024,2027-09-01,2152.84,51.8,66.8,27259,51603,33270,1251,567,113950,106872,7077,26193
estiaje_2024,2027-09-02,2153.0,137.1,66.8,31068,51603,33270,1251,567,117760,106896,10864,22406
estiaje_2024,2027-09-03,2153.0,91.4,66.8,29543,51603,33270,1251,567,116234,106919,9316,23955
estiaje_2024,2027-09-04,2152.9,58.6,66.8,27423,51603,33270,1251,567,114114,106942,7172,26098
estiaje_2024,2027-09-05,2152.76,53.8,66.8,26377,51603,33270,1251,567,113068,106966,6103,27168
estiaje_2024,2027-09-06,2152.58,50.1,66.8,27184,51603,33270,1251,567,113875,106989,6887,26384
estiaje_2024,2027-09-07,2152.4,49.9,66.8,26880,51603,33270,1251,567,113571,107012,6559,26711
estiaje_2024,2027-09-08,2152.16,42.8,66.8,25553,51603,33270,1251,567,112244,107035,5209,28061
estiaje_2024,2027-09-09,2152.08,60.2,66.8,26444,51603,33270,1251,567,113135,107059,6077,27193
estiaje_2024,2027-09-10,2152.77,147.2,66.8,34154,51603,33270,1251,567,120845,107082,13763,19507
estiaje_2024,2027-09-11,2153.0,122.0,66.8,29594,51603,33270,1251,567,116286,107105,9180,24090
estiaje_2024,2027-09-12,2153.0,98.5,66.8,27219,51603,33270,1251,567,113910,107128,6781,26489
estiaje_2024,2027-09-13,2153.0,86.2,66.8,25709,51603,33270,1251,567,112400,107152,5248,28022
estiaje_2024,2027-09-14,2153.0,97.4,66.8,23287,51603,33270,1251,567,109978,107175,2803,30467
estiaje_2024,2027-09-15,2152.97,66.4,66.8,25126,51603,33270,1251,567,111818,107198,4619,28651
estiaje_2024,2027-09-16,2153.0,82.7,66.8,27247,51603,33270,1251,567,113938,107222,6716,26554
estiaje_2024,2027-09-17,2153.0,74.7,66.8,27984,51603,33270,1251,567,114676,107245,7430,25840
estiaje_2024,2027-09-18,2152.92,60.8,66.8,28536,51603,33270,1251,567,115227,107268,7958,25312
estiaje_2024,2027-09-19,2152.84,60.4,66.8,26640,51603,33270,1251,567,113331,107292,6039,27231
estiaje_2024,2027-09-20,2152.69,53.6,66.8,26779,51603,33270,1251,567,113470,107315,6155,27115
estiaje_2024,2027-09-21,2152.56,55.2,66.8,26322,51603,33270,1251,567,113013,107338,5675,27595
estiaje_2024,2027-09-22,2152.51,64.3,66.8,28191,51603,33270,1251,567,114882,107362,7520,25750
estiaje_2024,2027-09-23,2152.52,69.8,66.8,26751,51603,33270,1251,567,113442,107385,6057,27213
estiaje_2024,2027-09-24,2152.51,68.7,66.8,27410,51603,33270,1251,567,114102,107408,6693,26577
estiaje_2024,2027-09-25,2153.0,158.4,66.8,30384,51603,33270,1251,567,117076,107432,9644,23626
estiaje_2024,2027-09-26,2153.0,330.1,66.8,39588,51603,33270,1251,567,126279,107455,18824,14447
estiaje_2024,2027-09-27,2153.0,146.6,66.8,27923,51603,33270,1251,567,114614,107479,7136,26134
estiaje_2024,2027-09-28,2153.0,92.6,66.8,25038,51603,33270,1251,567,111729,107502,4227,29043
estiaje_2024,2027-09-29,2153.0,92.6,66.8,25038,51603,33270,1251,567,111729,107525,4204,29066
estiaje_2024,2027-09-30,2153.0,92.6,66.8,25038,51603,33270,1251,567,111729,107549,4180,29090
estiaje_2024,2027-10-01,2152.69,35.7,66.8,23255,30959,33270,1251,567,89302,106358,-17056,50326
estiaje_2024,2027-10-02,2152.29,25.1,66.8,22342,30959,33270,1251,567,88389,106381,-17992,51262
estiaje_2024,2027-10-03,2151.9,26.4,66.8,21996,30959,33270,1251,567,88044,106404,-18361,51631
estiaje_2024,2027-10-04,2151.41,15.2,66.8,22715,30959,33270,1251,567,88762,106427,-17666,50936
estiaje_2024,2027-10-05,2150.92,14.8,66.8,22045,30959,33270,1251,567,88092,106451,-18359,51629
estiaje_2024,2027-10-06,2150.41,12.6,66.8,21557,30959,33270,1251,567,87604,106474,-18870,52140
estiaje_2024,2027-10-07,2149.87,9.8,66.8,21869,30959,33270,1251,567,87916,106497,-18581,51851
normal,2026-10-08,2130.29,40.0,66.8,23980,46915,33270,1251,567,105983,98390,7593,25677
normal,2026-10-09,2129.83,39.3,66.8,23969,46273,33270,1251,567,105330,98412,6919,26352
normal,2026-10-10,2129.35,38.6,66.8,23942,45631,33270,1251,567,104662,98433,6229,27042
normal,2026-10-11,2128.87,37.8,66.8,23922,44990,33270,1251,567,104000,98454,5545,27725
normal,2026-10-12,2128.38,37.0,66.8,23903,44348,33270,1251,567,103339,98476,4864,28407
normal,2026-10-13,2127.88,36.4,66.8,23923,43706,33270,1251,567,102717,98497,4220,29050
normal,2026-10-14,2127.3,36.1,66.8,23912,43064,33270,1251,567,102065,98519,3546,29724
normal,2026-10-15,2126.71,35.8,66.8,23941,42423,33270,1251,567,101452,98540,2912,30358
normal,2026-10-16,2126.12,36.2,66.8,23887,41781,33270,1251,567,100756,98562,2194,31076
normal,2026-10-17,2125.53,35.4,66.8,23823,41139,33270,1251,567,100050,98583,1467,31803
normal,2026-10-18,2124.91,33.9,66.8,23836,40497,33270,1251,567,99421,98604,817,32453
normal,2026-10-19,2124.28,33.4,66.8,23831,39856,33270,1251,567,98775,98626,149,33121
normal,2026-10-20,2123.64,32.8,66.8,23828,39214,33270,1251,567,98130,98647,-517,33788
normal,2026-10-21,2123.0,32.2,66.8,23860,38572,33270,1251,567,97520,98669,-1149,34419
normal,2026-10-22,2122.32,34.5,66.8,23898,37930,33270,1251,567,96917,98690,-1773,35044
normal,2026-10-23,2121.64,34.6,66.8,23839,37930,33270,1251,567,96858,98712,-1854,35124
normal,2026-10-24,2120.96,34.6,66.8,23709,37930,33270,1251,567,96727,98733,-2006,35276
normal,2026-10-25,2120.26,33.0,66.8,23544,37930,33270,1251,567,96562,98755,-2192,35463
normal,2026-10-26,2119.58,34.6,66.8,23656,37930,33270,1251,567,96675,98776,-2102,35372
normal,2026-10-27,2118.91,34.6,66.8,23690,37930,33270,1251,567,96709,98798,-2089,35359
normal,2026-10-28,2118.23,34.7,66.8,23680,37930,33270,1251,567,96699,98819,-2120,35390
normal,2026-10-29,2117.55,34.7,66.8,23627,37930,33270,1251,567,96646,98841,-2195,35465
normal,2026-10-30,2116.89,34.7,66.8,23552,37930,33270,1251,567,96570,98862,-2292,35562
normal,2026-10-31,2116.22,34.7,66.8,23485,37930,33270,1251,567,96504,98884,-2380,35650
normal,2026-11-01,2115.55,34.7,66.8,23476,44425,33270,1251,567,102989,101445,1543,31727
normal,2026-11-02,2114.88,34.4,66.8,23467,44425,33270,1251,567,102979,101467,1512,31758
normal,2026-11-03,2114.8,34.5,35.0,15025,44425,33270,1251,567,94538,101489,-6951,40222
normal,2026-11-04,2114.72,34.5,35.0,14979,44425,33270,1251,567,94492,101511,-7019,40290
normal,2026-11-05,2114.59,31.9,35.0,14910,44425,33270,1251,567,94423,101534,-7111,40381
normal,2026-11-06,2114.45,31.3,35.0,14909,44425,33270,1251,567,94422,101556,-7134,40404
normal,2026-11-07,2114.31,31.3,35.0,14835,44425,33270,1251,567,94347,101578,-7230,40500
normal,2026-11-08,2114.17,31.3,35.0,14759,44425,33270,1251,567,94272,101600,-7328,40598
normal,2026-11-09,2114.03,31.3,35.0,14833,44425,33270,1251,567,94345,101622,-7277,40547
normal,2026-11-10,2113.91,32.2,35.0,14757,44425,33270,1251,567,94270,101644,-7374,40644
normal,2026-11-11,2113.81,33.2,35.0,14683,44425,33270,1251,567,94196,101666,-7470,40740
normal,2026-11-12,2113.7,33.2,35.0,14649,44425,33270,1251,567,94162,101688,-7526,40797
normal,2026-11-13,2113.6,33.2,35.0,14648,44425,33270,1251,567,94161,101710,-7549,40819
normal,2026-11-14,2113.48,32.2,35.0,14608,44425,33270,1251,567,94120,101732,-7612,40882
normal,2026-11-15,2113.34,31.3,35.0,14511,44425,33270,1251,567,94023,101755,-7731,41001
normal,2026-11-16,2113.18,30.2,35.0,14405,44425,33270,1251,567,93918,101777,-7859,41129
normal,2026-11-17,2113.02,30.1,35.0,14404,44425,33270,1251,567,93917,101799,-7882,41152
normal,2026-11-18,2112.85,30.0,35.0,14354,44425,33270,1251,567,93867,101821,-7954,41225
normal,2026-11-19,2112.65,29.3,35.0,14327,44425,33270,1251,567,93840,101843,-8003,41273
normal,2026-11-20,2112.43,28.6,35.0,14326,44425,33270,1251,567,93839,101865,-8027,41297
normal,2026-11-21,2112.21,28.6,35.0,14324,44425,33270,1251,567,93837,101887,-8051,41321
normal,2026-11-22,2111.99,28.6,35.0,14243,44425,33270,1251,567,93755,101910,-8154,41424
normal,2026-11-23,2111.77,28.6,35.0,14293,44425,33270,1251,567,93806,101932,-8126,41396
normal,2026-11-24,2111.55,28.6,35.0,14319,44425,33270,1251,567,93832,101954,-8122,41392
normal,2026-11-25,2111.33,28.7,35.0,14132,44425,33270,1251,567,93645,101976,-8331,41601
normal,2026-11-26,2111.11,28.7,35.0,14023,44425,33270,1251,567,93535,101998,-8463,41733
normal,2026-11-27,2110.89,28.7,35.0,13960,44425,33270,1251,567,93473,102021,-8548,41818
normal,2026-11-28,2110.67,28.5,35.0,13900,44425,33270,1251,567,93413,102043,-8630,41900
normal,2026-11-29,2110.42,27.2,35.0,13898,44425,33270,1251,567,93411,102065,-8654,41924
normal,2026-11-30,2110.18,27.5,35.0,13914,44425,33270,1251,567,93427,102087,-8660,41930
normal,2026-12-01,2109.94,27.5,35.0,13895,42379,33270,1251,567,91362,103893,-12531,45802
normal,2026-12-02,2109.69,27.5,35.0,13911,42379,33270,1251,567,91378,103916,-12538,45808
normal,2026-12-03,2109.46,28.1,35.0,13891,42379,33270,1251,567,91358,103938,-12580,45850
normal,2026-12-04,2109.24,28.6,35.0,13907,42379,33270,1251,567,91374,103961,-12587,45857
normal,2026-12-05,2109.02,28.7,35.0,13921,42379,33270,1251,567,91388,103983,-12595,45866
normal,2026-12-06,2108.8,28.6,35.0,13961,42379,33270,1251,567,91427,104006,-12579,45849
normal,2026-12-07,2108.58,28.5,35.0,13971,42379,33270,1251,567,91438,104029,-12591,45861
normal,2026-12-08,2108.36,28.5,35.0,14008,42379,33270,1251,567,91475,104051,-12577,45847
normal,2026-12-09,2108.13,28.1,35.0,14042,42379,33270,1251,567,91509,104074,-12565,45836
normal,2026-12-10,2107.9,28.1,35.0,14013,42379,33270,1251,567,91480,104097,-12617,45887
normal,2026-12-11,2107.67,28.1,35.0,14000,42379,33270,1251,567,91467,104119,-12653,45923
normal,2026-12-12,2107.42,27.5,35.0,14010,42379,33270,1251,567,91476,104142,-12665,45936
normal,2026-12-13,2107.18,27.5,35.0,14008,42379,33270,1251,567,91475,104165,-12690,45960
normal,2026-12-14,2106.93,27.0,35.0,14006,42379,33270,1251,567,91473,104187,-12714,45984
normal,2026-12-15,2106.68,26.9,35.0,14031,42379,33270,1251,567,91498,104210,-12712,45982
normal,2026-12-16,2106.45,28.1,35.0,14056,42379,33270,1251,567,91523,104233,-12710,45980
normal,2026-12-17,2106.23,28.7,35.0,14084,42379,33270,1251,567,91550,104255,-12705,45975
normal,2026-12-18,2106.01,28.9,35.0,14105,42379,33270,1251,567,91572,104278,-12706,45976
normal,2026-12-19,2105.82,29.8,35.0,14120,42379,33270,1251,567,91586,104301,-12714,45984
normal,2026-12-20,2105.64,30.7,35.0,14236,42379,33270,1251,567,91703,104323,-12621,45891
normal,2026-12-21,2105.47,31.5,35.0,14276,42379,33270,1251,567,91743,104346,-12603,45873
normal,2026-12-22,2105.34,32.9,35.0,14392,42379,33270,1251,567,91859,104369,-12510,45780
normal,2026-12-23,2105.2,33.0,35.0,14401,42379,33270,1251,567,91868,104391,-12523,45793
normal,2026-12-24,2105.06,33.0,35.0,14390,42379,33270,1251,567,91857,104414,-12557,45827
normal,2026-12-25,2104.93,33.0,35.0,14203,42379,33270,1251,567,91670,104437,-12767,46037
normal,2026-12-26,2104.79,33.0,35.0,14408,42379,33270,1251,567,91875,104459,-12584,45854
normal,2026-12-27,2104.66,33.0,35.0,14421,42379,33270,1251,567,91888,104482,-12594,45864
normal,2026-12-28,2104.53,33.0,35.0,14423,42379,33270,1251,567,91890,104505,-12615,45885
normal,2026-12-29,2104.4,33.5,35.0,14430,42379,33270,1251,567,91897,104528,-12631,45901
normal,2026-12-30,2104.28,34.0,35.0,14485,42379,33270,1251,567,91952,104550,-12599,45869
normal,2026-12-31,2104.19,35.3,35.0,14557,42379,33270,1251,567,92024,104573,-12549,45820
normal,2027-01-01,2104.13,36.6,35.0,14653,48931,33270,1251,567,98673,101075,-2402,35672
normal,2027-01-02,2104.07,37.0,35.0,14607,48931,33270,1251,567,98626,101097,-2471,35741
normal,2027-01-03,2104.04,38.2,35.0,14560,48931,33270,1251,567,98579,101119,-2539,35809
normal,2027-01-04,2104.01,38.5,35.0,14504,48931,33270,1251,567,98523,101141,-2618,35888
normal,2027-01-05,2104.0,39.4,35.0,14482,48931,33270,1251,567,98501,101163,-2661,35932
normal,2027-01-06,2104.01,40.0,35.0,14472,48931,33270,1251,567,98492,101185,-2693,35963
normal,2027-01-07,2104.09,44.0,35.0,14550,48931,33270,1251,567,98569,101207,-2637,35908
normal,2027-01-08,2104.19,45.3,35.0,14507,48931,33270,1251,567,98526,101229,-2702,35973
normal,2027-01-09,2104.31,46.2,35.0,14561,48931,33270,1251,567,98580,101251,-2670,35941
normal,2027-01-10,2104.46,47.3,35.0,14668,48931,33270,1251,567,98687,101273,-2586,35856
normal,2027-01-11,2104.61,47.7,35.0,14691,48931,33270,1251,567,98711,101295,-2584,35854
normal,2027-01-12,2104.75,47.2,35.0,14695,48931,33270,1251,567,98715,101317,-2602,35872
normal,2027-01-13,2104.89,46.7,35.0,14699,48931,33270,1251,567,98719,101339,-2620,35890
normal,2027-01-14,2105.02,46.8,35.0,14697,48931,33270,1251,567,98717,101361,-2644,35914
normal,2027-01-15,2105.15,46.7,35.0,14687,48931,33270,1251,567,98706,101383,-2677,35947
normal,2027-01-16,2105.28,46.4,35.0,14699,48931,33270,1251,567,98719,101405,-2686,35957
normal,2027-01-17,2105.39,45.7,35.0,14697,48931,33270,1251,567,98717,101427,-2710,35981
normal,2027-01-18,2105.49,45.0,35.0,14662,48931,33270,1251,567,98681,101449,-2768,36038
normal,2027-01-19,2105.59,44.9,35.0,14562,48931,33270,1251,567,98582,101471,-2890,36160
normal,2027-01-20,2105.68,44.9,35.0,14475,48931,33270,1251,567,98494,101493,-3000,36270
normal,2027-01-21,2105.78,44.9,35.0,14447,48931,33270,1251,567,98466,101515,-3049,36320
normal,2027-01-22,2105.88,44.9,35.0,14429,48931,33270,1251,567,98448,101537,-3089,36360
normal,2027-01-23,2105.98,44.9,35.0,14429,48931,33270,1251,567,98449,101559,-3111,36381
normal,2027-01-24,2106.08,45.2,35.0,14430,48931,33270,1251,567,98449,101582,-3132,36402
normal,2027-01-25,2106.19,45.7,35.0,14428,48931,33270,1251,567,98447,101604,-3156,36427
normal,2027-01-26,2106.31,46.2,35.0,14394,48931,33270,1251,567,98413,101626,-3213,36483
normal,2027-01-27,2106.45,46.7,35.0,14395,48931,33270,1251,567,98414,101648,-3234,36504
normal,2027-01-28,2106.57,46.2,35.0,14423,48931,33270,1251,567,98443,101670,-3228,36498
normal,2027-01-29,2106.69,46.2,35.0,14455,48931,33270,1251,567,98474,101692,-3218,36488
normal,2027-01-30,2106.82,46.7,35.0,14456,48931,33270,1251,567,98475,101714,-3239,36509
normal,2027-01-31,2106.95,46.7,35.0,14450,48931,33270,1251,567,98469,101736,-3267,36537
normal,2027-02-01,2107.07,45.8,35.0,14451,54538,33270,1251,567,104077,105280,-1203,34473
normal,2027-02-02,2107.18,45.7,35.0,14459,54538,33270,1251,567,104084,105303,-1218,34489
normal,2027-02-03,2107.29,45.2,35.0,14460,54538,33270,1251,567,104085,105326,-1240,34511
normal,2027-02-04,2107.38,44.9,35.0,14461,54538,33270,1251,567,104087,105349,-1262,34532
normal,2027-02-05,2107.48,44.9,35.0,14461,54538,33270,1251,567,104087,105371,-1285,34555
normal,2027-02-06,2107.58,44.9,35.0,14455,54538,33270,1251,567,104080,105394,-1314,34584
normal,2027-02-07,2107.66,44.4,35.0,14432,54538,33270,1251,567,104057,105417,-1360,34630
normal,2027-02-08,2107.75,44.4,35.0,14432,54538,33270,1251,567,104058,105440,-1382,34653
normal,2027-02-09,2107.84,44.3,35.0,14418,54538,33270,1251,567,104043,105463,-1420,34690
normal,2027-02-10,2107.92,44.4,35.0,14392,54538,33270,1251,567,104017,105486,-1469,34739
normal,2027-02-11,2108.01,44.4,35.0,14369,54538,33270,1251,567,103994,105509,-1515,34785
normal,2027-02-12,2108.11,45.2,35.0,14335,54538,33270,1251,567,103961,105532,-1571,34842
normal,2027-02-13,2108.25,47.1,35.0,14297,54538,33270,1251,567,103923,105555,-1632,34903
normal,2027-02-14,2108.42,48.4,35.0,14305,54538,33270,1251,567,103930,105578,-1648,34918
normal,2027-02-15,2108.59,48.4,35.0,14306,54538,33270,1251,567,103931,105601,-1669,34940
normal,2027-02-16,2108.77,49.2,35.0,14339,54538,33270,1251,567,103965,105624,-1659,34929
normal,2027-02-17,2108.98,50.9,35.0,14358,54538,33270,1251,567,103983,105647,-1663,34934
normal,2027-02-18,2109.2,51.2,35.0,14400,54538,33270,1251,567,104026,105670,-1644,34914
normal,2027-02-19,2109.44,52.3,35.0,14428,54538,33270,1251,567,104054,105693,-1639,34909
normal,2027-02-20,2109.69,52.5,35.0,14469,54538,33270,1251,567,104095,105716,-1621,34891
normal,2027-02-21,2109.95,53.1,35.0,14479,54538,33270,1251,567,104105,105739,-1634,34904
normal,2027-02-22,2110.24,54.9,35.0,14751,54538,33270,1251,567,104376,105762,-1385,34656
normal,2027-02-23,2110.56,56.4,35.0,14787,54538,33270,1251,567,104413,105785,-1372,34642
normal,2027-02-24,2110.89,57.0,35.0,14817,54538,33270,1251,567,104443,105808,-1365,34635
normal,2027-02-25,2111.25,58.0,35.0,14861,54538,33270,1251,567,104487,105831,-1344,34614
normal,2027-02-26,2111.65,60.7,35.0,14915,54538,33270,1251,567,104541,105854,-1313,34583
normal,2027-02-27,2112.09,62.4,35.0,14959,54538,33270,1251,567,104585,105877,-1292,34562
normal,2027-02-28,2112.6,66.0,35.0,14999,54538,33270,1251,567,104625,105900,-1275,34545
normal,2027-03-01,2113.13,66.8,35.0,14966,53626,33270,1251,567,103681,111084,-7403,40674
normal,2027-03-02,2113.65,66.8,35.0,14925,53626,33270,1251,567,103639,111108,-7469,40739
normal,2027-03-03,2114.15,66.0,35.0,14929,53626,33270,1251,567,103643,111132,-7489,40759
normal,2027-03-04,2114.66,66.0,35.0,14885,53626,33270,1251,567,103600,111157,-7557,40827
normal,2027-03-05,2115.12,63.6,35.0,14889,53626,33270,1251,567,103604,111181,-7577,40847
normal,2027-03-06,2114.96,61.8,66.8,23333,53626,33270,1251,567,112048,111205,843,32427
normal,2027-03-07,2115.38,61.8,35.0,14939,53626,33270,1251,567,103653,111229,-7576,40846
normal,2027-03-08,2115.21,61.6,66.8,23381,53626,33270,1251,567,112095,111253,842,32428
normal,2027-03-09,2115.04,61.4,66.8,23420,53626,33270,1251,567,112134,111277,856,32414
normal,2027-03-10,2114.88,61.6,66.8,23418,53626,33270,1251,567,112132,111302,830,32440
normal,2027-03-11,2115.3,61.6,35.0,14984,53626,33270,1251,567,103698,111326,-7628,40898
normal,2027-03-12,2115.13,61.6,66.8,23380,53626,33270,1251,567,112094,111350,744,32526
normal,2027-03-13,2115.0,63.6,66.8,23418,53626,33270,1251,567,112133,111374,758,32512
normal,2027-03-14,2114.87,63.6,66.8,23417,53626,33270,1251,567,112131,111399,733,32537
normal,2027-03-15,2115.33,63.6,35.0,15064,53626,33270,1251,567,103778,111423,-7645,40915
normal,2027-03-16,2115.2,63.6,66.8,23524,53626,33270,1251,567,112238,111447,791,32479
normal,2027-03-17,2115.08,63.9,66.8,23525,53626,33270,1251,567,112239,111471,768,32502
normal,2027-03-18,2114.95,63.9,66.8,23523,53626,33270,1251,567,112237,111496,742,32528
normal,2027-03-19,2115.42,63.9,35.0,15086,53626,33270,1251,567,103801,111520,-7719,40989
normal,2027-03-20,2115.28,63.1,66.8,23503,53626,33270,1251,567,112217,111544,673,32597
normal,2027-03-21,2115.11,61.4,66.8,23464,53626,33270,1251,567,112179,111568,611,32660
normal,2027-03-22,2114.93,61.3,66.8,23462,53626,33270,1251,567,112176,111593,584,32686
normal,2027-03-23,2115.35,61.3,35.0,15028,53626,33270,1251,567,103742,111617,-7875,41145
normal,2027-03-24,2115.18,61.3,66.8,23515,53626,33270,1251,567,112230,111641,589,32682
normal,2027-03-25,2115.01,61.4,66.8,23463,53626,33270,1251,567,112177,111665,512,32758
normal,2027-03-26,2114.84,61.4,66.8,23510,53626,33270,1251,567,112225,111690,535,32735
normal,2027-03-27,2115.29,63.1,35.0,15085,53626,33270,1251,567,103800,111714,-7914,41184
normal,2027-03-28,2115.12,61.4,66.8,23577,53626,33270,1251,567,112291,111738,553,32717
normal,2027-03-29,2114.94,61.4,66.8,23750,53626,33270,1251,567,112464,111763,702,32568
normal,2027-03-30,2115.33,59.8,35.0,15191,53626,33270,1251,567,103905,111787,-7882,41152
normal,2027-03-31,2115.11,58.6,66.8,23804,53626,33270,1251,567,112519,111811,708,32563
normal,2027-04-01,2114.89,58.6,66.8,23828,54921,33270,1251,567,113838,113037,800,32470
normal,2027-04-02,2115.26,58.7,35.0,15403,54921,33270,1251,567,105412,113062,-7650,40920
normal,2027-04-03,2115.05,59.5,66.8,23859,54921,33270,1251,567,113869,113086,782,32488
normal,2027-04-04,2114.85,59.8,66.8,24064,54921,33270,1251,567,114073,113111,963,32308
normal,2027-04-05,2115.27,61.4,35.0,15739,54921,33270,1251,567,105748,113136,-7388,40658
normal,2027-04-06,2115.1,61.4,66.8,24181,54921,33270,1251,567,114190,113160,1030,32240
normal,2027-04-07,2114.96,63.1,66.8,24232,54921,33270,1251,567,114241,113185,1056,32214
normal,2027-04-08,2115.44,64.5,35.0,15938,54921,33270,1251,567,105948,113209,-7262,40532
normal,2027-04-09,2115.33,65.1,66.8,24449,54921,33270,1251,567,114458,113234,1224,32046
normal,2027-04-10,2115.24,65.7,66.8,24535,54921,33270,1251,567,114544,113259,1286,31984
normal,2027-04-11,2115.17,66.8,66.8,24534,54921,33270,1251,567,114543,113283,1260,32010
normal,2027-04-12,2115.1,66.8,66.8,24665,54921,33270,1251,567,114674,113308,1367,31904
normal,2027-04-13,2115.03,66.8,66.8,24748,54921,33270,1251,567,114757,113333,1424,31846
normal,2027-04-14,2114.96,67.0,66.8,24766,54921,33270,1251,567,114775,113357,1418,31852
normal,2027-04-15,2115.53,69.5,35.0,16445,54921,33270,1251,567,106454,113382,-6928,40198
normal,2027-04-16,2115.56,71.9,66.8,24931,54921,33270,1251,567,114940,113407,1533,31737
normal,2027-04-17,2115.6,72.8,66.8,25111,54921,33270,1251,567,115120,113431,1689,31581
normal,2027-04-18,2115.64,72.8,66.8,25198,54921,33270,1251,567,115207,113456,1751,31519
normal,2027-04-19,2115.68,72.8,66.8,25224,54921,33270,1251,567,115233,113481,1753,31518
normal,2027-04-20,2115.76,75.0,66.8,25310,54921,33270,1251,567,115319,113505,1814,31457
normal,2027-04-21,2115.87,76.4,66.8,25456,54921,33270,1251,567,115465,113530,1935,31335
normal,2027-04-22,2116.07,81.4,66.8,25525,54921,33270,1251,567,115534,113555,1979,31291
normal,2027-04-23,2116.32,84.1,66.8,25678,54921,33270,1251,567,115688,113579,2108,31162
normal,2027-04-24,2116.55,83.1,66.8,25682,54921,33270,1251,567,115691,113604,2087,31183
normal,2027-04-25,2116.79,83.3,66.8,25747,54921,33270,1251,567,115756,113629,2127,31143
normal,2027-04-26,2117.04,84.1,66.8,25863,54921,33270,1251,567,115872,113653,2218,31052
normal,2027-04-27,2117.3,84.7,66.8,25902,54921,33270,1251,567,115911,113678,2233,31038
normal,2027-04-28,2117.57,85.3,66.8,26104,54921,33270,1251,567,116113,113703,2410,30860
normal,2027-04-29,2117.86,85.9,66.8,26270,54921,33270,1251,567,116279,113728,2551,30719
normal,2027-04-30,2118.17,87.3,66.8,26326,54921,33270,1251,567,116335,113752,2583,30687
normal,2027-05-01,2118.42,87.3,66.8,26331,58026,33270,1251,567,119445,111455,7989,25281
normal,2027-05-02,2118.68,87.5,66.8,26379,58026,33270,1251,567,119493,111480,8013,25257
normal,2027-05-03,2118.94,87.5,66.8,26447,58026,33270,1251,567,119561,111504,8057,25213
normal,2027-05-04,2119.2,87.8,66.8,26547,58026,33270,1251,567,119661,111528,8133,25138
normal,2027-05-05,2119.46,87.8,66.8,26844,58026,33270,1251,567,119958,111552,8406,24865
normal,2027-05-06,2119.73,87.8,66.8,27451,58026,33270,1251,567,120565,111577,8988,24282
normal,2027-05-07,2120.02,89.4,66.8,27627,58026,33270,1251,567,120741,111601,9140,24130
normal,2027-05-08,2120.34,91.0,66.8,27787,58026,33270,1251,567,120901,111625,9276,23994
normal,2027-05-09,2120.66,91.0,66.8,27835,58026,33270,1251,567,120950,111649,9300,23970
normal,2027-05-10,2120.98,91.0,66.8,27898,58026,33270,1251,567,121012,111674,9338,23932
normal,2027-05-11,2121.32,92.2,66.8,27987,58026,33270,1251,567,121101,111698,9403,23867
normal,2027-05-12,2121.66,92.2,66.8,27907,58026,33270,1251,567,121021,111722,9299,23971
normal,2027-05-13,2122.0,92.2,66.8,28037,58026,33270,1251,567,121151,111747,9405,23866
normal,2027-05-14,2122.34,92.2,66.8,28183,58026,33270,1251,567,121297,111771,9526,23744
normal,2027-05-15,2122.66,91.0,66.8,28283,58026,33270,1251,567,121398,111795,9602,23668
normal,2027-05-16,2122.98,91.0,66.8,28298,58026,33270,1251,567,121412,111820,9593,23677
normal,2027-05-17,2123.3,91.0,66.8,28313,58026,33270,1251,567,121428,111844,9584,23686
normal,2027-05-18,2123.58,91.9,66.8,28361,58026,33270,1251,567,121475,111868,9607,23663
normal,2027-05-19,2123.85,91.0,66.8,28365,58026,33270,1251,567,121479,111893,9587,23684
normal,2027-05-20,2124.12,91.0,66.8,28445,58026,33270,1251,567,121559,111917,9642,23628
normal,2027-05-21,2124.37,89.6,66.8,28514,58026,33270,1251,567,121628,111941,9687,23584
normal,2027-05-22,2124.62,89.6,66.8,28543,58026,33270,1251,567,121657,111966,9691,23579
normal,2027-05-23,2124.89,91.0,66.8,28562,58026,33270,1251,567,121676,111990,9686,23584
normal,2027-05-24,2125.19,92.8,66.8,28566,58026,33270,1251,567,121680,112014,9666,23605
normal,2027-05-25,2125.52,94.9,66.8,28579,58026,33270,1251,567,121693,112039,9654,23616
normal,2027-05-26,2125.86,95.1,66.8,28657,58026,33270,1251,567,121771,112063,9708,23562
normal,2027-05-27,2126.18,94.4,66.8,28579,58026,33270,1251,567,121694,112087,9606,23664
normal,2027-05-28,2126.49,93.4,66.8,28584,58026,33270,1251,567,121698,112112,9586,23684
normal,2027-05-29,2126.79,92.7,66.8,28547,58026,33270,1251,567,121661,112136,9525,23745
normal,2027-05-30,2127.06,91.0,66.8,28486,58026,33270,1251,567,121600,112161,9440,23830
normal,2027-05-31,2127.32,90.8,66.8,28297,58026,33270,1251,567,121411,112185,9226,24044
normal,2027-06-01,2127.6,91.0,66.8,28301,55484,33270,1251,567,118873,107540,11333,21938
normal,2027-06-02,2127.87,91.2,66.8,28305,55484,33270,1251,567,118876,107563,11313,21957
normal,2027-06-03,2128.17,92.7,66.8,28592,55484,33270,1251,567,119164,107587,11577,21693
normal,2027-06-04,2128.38,91.2,66.8,28597,55484,33270,1251,567,119168,107610,11558,21712
normal,2027-06-05,2128.58,90.8,66.8,28316,55484,33270,1251,567,118887,107634,11254,22016
normal,2027-06-06,2128.77,89.6,66.8,28150,55484,33270,1251,567,118722,107657,11065,22205
normal,2027-06-07,2128.96,89.4,66.8,28080,55484,33270,1251,567,118652,107680,10971,22299
normal,2027-06-08,2129.14,89.4,66.8,27981,55484,33270,1251,567,118552,107704,10849,22422
normal,2027-06-09,2129.29,86.1,66.8,27979,55484,33270,1251,567,118551,107727,10823,22447
normal,2027-06-10,2129.43,86.3,66.8,27942,55484,33270,1251,567,118513,107751,10763,22507
normal,2027-06-11,2129.58,86.1,66.8,27983,55484,33270,1251,567,118555,107774,10781,22490
normal,2027-06-12,2129.72,86.3,66.8,28091,55484,33270,1251,567,118663,107798,10865,22405
normal,2027-06-13,2129.91,89.4,66.8,28093,55484,33270,1251,567,118665,107821,10844,22426
normal,2027-06-14,2130.1,89.4,66.8,28169,55484,33270,1251,567,118741,107844,10896,22374
normal,2027-06-15,2130.29,89.9,66.8,28172,55484,33270,1251,567,118744,107868,10876,22395
normal,2027-06-16,2130.48,89.9,66.8,28101,55484,33270,1251,567,118673,107891,10782,22489
normal,2027-06-17,2130.68,89.9,66.8,28102,55484,33270,1251,567,118674,107915,10759,22511
normal,2027-06-18,2130.87,89.9,66.8,28180,55484,33270,1251,567,118752,107938,10813,22457
normal,2027-06-19,2131.07,90.5,66.8,28665,55484,33270,1251,567,119236,107962,11274,21996
normal,2027-06-20,2131.28,90.8,66.8,28667,55484,33270,1251,567,119239,107985,11254,22016
normal,2027-06-21,2131.49,91.2,66.8,28485,55484,33270,1251,567,119057,108009,11048,22222
normal,2027-06-22,2131.69,90.8,66.8,28118,55484,33270,1251,567,118690,108032,10658,22613
normal,2027-06-23,2131.9,90.8,66.8,28491,55484,33270,1251,567,119063,108056,11007,22263
normal,2027-06-24,2132.1,90.8,66.8,28589,55484,33270,1251,567,119160,108079,11081,22189
normal,2027-06-25,2132.3,90.5,66.8,28682,55484,33270,1251,567,119254,108103,11151,22119
normal,2027-06-26,2132.49,89.4,66.8,28701,55484,33270,1251,567,119273,108126,11147,22124
normal,2027-06-27,2132.69,90.5,66.8,28715,55484,33270,1251,567,119286,108150,11136,22134
normal,2027-06-28,2132.89,90.5,66.8,28717,55484,33270,1251,567,119289,108173,11116,22155
normal,2027-06-29,2133.1,91.3,66.8,28783,55484,33270,1251,567,119355,108197,11158,22112
normal,2027-06-30,2133.35,91.3,66.8,29019,55484,33270,1251,567,119591,108220,11370,21900
normal,2027-07-01,2133.59,91.3,66.8,29156,52059,33270,1251,567,116304,107309,8995,24275
normal,2027-07-02,2133.83,91.3,66.8,29160,52059,33270,1251,567,116307,107332,8975,24295
normal,2027-07-03,2134.1,92.8,66.8,29208,52059,33270,1251,567,116356,107356,9000,24270
normal,2027-07-04,2134.37,93.4,66.8,29212,52059,33270,1251,567,116359,107379,8980,24290
normal,2027-07-05,2134.66,95.1,66.8,29216,52059,33270,1251,567,116363,107402,8961,24309
normal,2027-07-06,2134.99,97.7,66.8,29279,52059,33270,1251,567,116427,107426,9001,24269
normal,2027-07-07,2135.32,98.5,66.8,29225,52059,33270,1251,567,116372,107449,8923,24347
normal,2027-07-08,2135.66,98.5,66.8,29289,52059,33270,1251,567,116436,107472,8964,24307
normal,2027-07-09,2135.97,96.6,66.8,29561,52059,33270,1251,567,116708,107496,9212,24058
normal,2027-07-10,2136.29,96.6,66.8,29565,52059,33270,1251,567,116713,107519,9193,24077
normal,2027-07-11,2136.6,96.6,66.8,29479,52059,33270,1251,567,116626,107543,9083,24187
normal,2027-07-12,2136.89,95.1,66.8,29121,52059,33270,1251,567,116268,107566,8702,24568
normal,2027-07-13,2137.16,93.4,66.8,28766,52059,33270,1251,567,115913,107589,8324,24946
normal,2027-07-14,2137.43,93.4,66.8,28663,52059,33270,1251,567,115811,107613,8198,25072
normal,2027-07-15,2137.7,93.4,66.8,28567,52059,33270,1251,567,115714,107636,8078,25192
normal,2027-07-16,2137.97,93.0,66.8,28419,52059,33270,1251,567,115566,107660,7907,25363
normal,2027-07-17,2138.2,90.3,66.8,28386,52059,33270,1251,567,115533,107683,7850,25420
normal,2027-07-18,2138.39,89.2,66.8,28381,52059,33270,1251,567,115528,107706,7821,25449
normal,2027-07-19,2138.59,89.2,66.8,28362,52059,33270,1251,567,115509,107730,7780,25491
normal,2027-07-20,2138.75,86.4,66.8,28217,52059,33270,1251,567,115364,107753,7611,25659
normal,2027-07-21,2138.91,86.3,66.8,28211,52059,33270,1251,567,115358,107777,7582,25688
normal,2027-07-22,2139.06,85.3,66.8,28214,52059,33270,1251,567,115361,107800,7561,25710
normal,2027-07-23,2139.2,85.0,66.8,28085,52059,33270,1251,567,115232,107824,7408,25862
normal,2027-07-24,2139.32,82.1,66.8,27641,52059,33270,1251,567,114788,107847,6941,26329
normal,2027-07-25,2139.42,80.8,66.8,27384,52059,33270,1251,567,114531,107871,6660,26610
normal,2027-07-26,2139.5,79.6,66.8,27318,52059,33270,1251,567,114465,107894,6571,26699
normal,2027-07-27,2139.58,79.6,66.8,27316,52059,33270,1251,567,114463,107918,6546,26724
normal,2027-07-28,2139.67,79.6,66.8,27213,52059,33270,1251,567,114360,107941,6419,26851
normal,2027-07-29,2139.75,79.6,66.8,27094,52059,33270,1251,567,114241,107964,6277,26994
normal,2027-07-30,2139.81,77.0,66.8,26952,52059,33270,1251,567,114100,107988,6112,27158
normal,2027-07-31,2139.86,76.2,66.8,26756,52059,33270,1251,567,113903,108011,5892,27378
normal,2027-08-01,2139.89,75.4,66.8,26608,46024,33270,1251,567,107720,107436,284,32986
normal,2027-08-02,2139.93,74.9,66.8,26514,46024,33270,1251,567,107626,107459,167,33103
normal,2027-08-03,2139.94,73.6,66.8,26268,46024,33270,1251,567,107380,107482,-102,33373
normal,2027-08-04,2139.94,71.4,66.8,26268,46024,33270,1251,567,107380,107506,-126,33396
normal,2027-08-05,2139.9,68.5,66.8,26265,46024,33270,1251,567,107378,107529,-152,33422
normal,2027-08-06,2139.84,66.8,66.8,26514,46024,33270,1251,567,107626,107553,73,33197
normal,2027-08-07,2139.77,65.8,66.8,26607,46024,33270,1251,567,107719,107576,144,33127
normal,2027-08-08,2139.66,62.3,66.8,26512,46024,33270,1251,567,107624,107599,25,33245
normal,2027-08-09,2139.54,61.3,66.8,26510,46024,33270,1251,567,107623,107623,0,33270
normal,2027-08-10,2139.4,60.1,66.8,26603,46024,33270,1251,567,107715,107646,69,33201
normal,2027-08-11,2139.26,59.4,66.8,26647,46024,33270,1251,567,107759,107670,90,33180
normal,2027-08-12,2139.11,58.9,66.8,26645,46024,33270,1251,567,107757,107693,64,33206
normal,2027-08-13,2138.95,58.1,66.8,26699,46024,33270,1251,567,107811,107716,94,33176
normal,2027-08-14,2138.8,57.9,66.8,26799,46024,33270,1251,567,107911,107740,171,33099
normal,2027-08-15,2138.63,57.5,66.8,26886,46024,33270,1251,567,107999,107763,235,33035
normal,2027-08-16,2138.46,56.9,66.8,26877,46024,33270,1251,567,107989,107787,202,33068
normal,2027-08-17,2138.26,54.4,66.8,26792,46024,33270,1251,567,107904,107810,94,33177
normal,2027-08-18,2138.06,53.7,66.8,26789,46024,33270,1251,567,107901,107834,67,33203
normal,2027-08-19,2137.85,53.5,66.8,26731,46024,33270,1251,567,107843,107857,-14,33284
normal,2027-08-20,2137.6,53.5,66.8,26783,46024,33270,1251,567,107895,107881,15,33256
normal,2027-08-21,2137.36,53.5,66.8,26767,46024,33270,1251,567,107879,107904,-25,33295
normal,2027-08-22,2137.1,52.9,66.8,26776,46024,33270,1251,567,107888,107927,-39,33310
normal,2027-08-23,2136.84,52.3,66.8,26760,46024,33270,1251,567,107872,107951,-79,33349
normal,2027-08-24,2136.57,51.5,66.8,26714,46024,33270,1251,567,107826,107974,-148,33419
normal,2027-08-25,2136.3,51.4,66.8,26678,46024,33270,1251,567,107790,107998,-208,33478
normal,2027-08-26,2136.03,51.4,66.8,26659,46024,33270,1251,567,107771,108021,-250,33521
normal,2027-08-27,2135.74,50.1,66.8,26597,46024,33270,1251,567,107709,108045,-336,33606
normal,2027-08-28,2135.45,49.9,66.8,26334,46024,33270,1251,567,107446,108068,-622,33893
normal,2027-08-29,2135.14,48.4,66.8,26208,46024,33270,1251,567,107320,108092,-772,34042
normal,2027-08-30,2134.8,46.8,66.8,26163,46024,33270,1251,567,107275,108115,-840,34110
normal,2027-08-31,2134.47,46.5,66.8,26118,46024,33270,1251,567,107230,108139,-909,34179
normal,2027-09-01,2134.13,46.5,66.8,26113,39570,33270,1251,567,100772,106872,-6101,39371
normal,2027-09-02,2133.78,45.5,66.8,26109,39570,33270,1251,567,100767,106896,-6129,39399
normal,2027-09-03,2133.43,45.1,66.8,26104,39570,33270,1251,567,100762,106919,-6157,39427
normal,2027-09-04,2133.08,45.1,66.8,26050,39570,33270,1251,567,100708,106942,-6234,39504
normal,2027-09-05,2132.72,45.1,66.8,25985,39570,33270,1251,567,100644,106966,-6322,39592
normal,2027-09-06,2132.33,44.5,66.8,25765,39570,33270,1251,567,100423,106989,-6565,39836
normal,2027-09-07,2131.92,43.5,66.8,25735,39570,33270,1251,567,100393,107012,-6619,39889
normal,2027-09-08,2131.51,42.8,66.8,25729,39570,33270,1251,567,100388,107035,-6648,39918
normal,2027-09-09,2131.08,41.7,66.8,25639,39570,33270,1251,567,100298,107059,-6761,40031
normal,2027-09-10,2130.63,40.7,66.8,25399,39570,33270,1251,567,100057,107082,-7025,40295
normal,2027-09-11,2130.18,40.1,66.8,25373,39570,33270,1251,567,100031,107105,-7074,40344
normal,2027-09-12,2129.72,39.6,66.8,25285,39570,33270,1251,567,99944,107128,-7185,40455
normal,2027-09-13,2129.27,39.6,66.8,25089,39570,33270,1251,567,99747,107152,-7405,40675
normal,2027-09-14,2128.8,38.9,66.8,24953,39570,33270,1251,567,99611,107175,-7564,40834
normal,2027-09-15,2128.31,37.0,66.8,24880,39570,33270,1251,567,99538,107198,-7660,40930
normal,2027-09-16,2127.81,36.0,66.8,24781,39570,33270,1251,567,99439,107222,-7783,41053
normal,2027-09-17,2127.21,35.7,66.8,24695,39570,33270,1251,567,99353,107245,-7892,41162
normal,2027-09-18,2126.62,35.4,66.8,24687,39570,33270,1251,567,99345,107268,-7924,41194
normal,2027-09-19,2126.02,35.4,66.8,24678,39570,33270,1251,567,99336,107292,-7956,41226
normal,2027-09-20,2125.42,34.9,66.8,24656,39570,33270,1251,567,99314,107315,-8001,41271
normal,2027-09-21,2124.81,34.5,66.8,24599,39570,33270,1251,567,99257,107338,-8082,41352
normal,2027-09-22,2124.17,32.8,66.8,24505,39570,33270,1251,567,99163,107362,-8198,41469
normal,2027-09-23,2123.52,32.4,66.8,24475,39570,33270,1251,567,99133,107385,-8252,41522
normal,2027-09-24,2122.88,32.3,66.8,24445,39570,33270,1251,567,99103,107408,-8305,41576
normal,2027-09-25,2122.16,32.2,66.8,24240,39570,33270,1251,567,98898,107432,-8534,41804
normal,2027-09-26,2121.44,31.9,66.8,24106,39570,33270,1251,567,98764,107455,-8691,41962
normal,2027-09-27,2120.7,31.3,66.8,23962,39570,33270,1251,567,98620,107479,-8858,42128
normal,2027-09-28,2119.96,31.0,66.8,23942,39570,33270,1251,567,98600,107502,-8902,42172
normal,2027-09-29,2119.22,30.8,66.8,23908,39570,33270,1251,567,98566,107525,-8959,42230
normal,2027-09-30,2118.48,31.0,66.8,23921,39570,33270,1251,567,98579,107549,-8970,42240
normal,2027-10-01,2117.74,30.9,66.8,23920,37930,33270,1251,567,96939,106358,-9419,42689
normal,2027-10-02,2117.0,30.8,66.8,23853,37930,33270,1251,567,96871,106381,-9510,42780
normal,2027-10-03,2116.26,30.8,66.8,23811,37930,33270,1251,567,96829,106404,-9575,42845
normal,2027-10-04,2115.52,30.8,66.8,23769,37930,33270,1251,567,96788,106427,-9640,42910
normal,2027-10-05,2114.78,30.8,66.8,23748,37930,33270,1251,567,96767,106451,-9684,42954
normal,2027-10-06,2114.64,31.0,35.0,15259,37930,33270,1251,567,88278,106474,-18196,51466
normal,2027-10-07,2114.5,31.1,35.0,15337,37930,33270,1251,567,88355,106497,-18142,51412
humedo,2026-10-08,2130.29,40.0,66.8,23980,46915,33270,1251,567,105983,98390,7593,25677
humedo,2026-10-09,2129.86,42.3,66.8,24209,47151,33270,1251,567,106447,98412,8036,25234
humedo,2026-10-10,2129.48,45.2,66.8,24446,47386,33270,1251,567,106920,98433,8487,24783
humedo,2026-10-11,2129.13,48.0,66.8,24681,47622,33270,1251,567,107391,98454,8936,24334
humedo,2026-10-12,2128.81,50.0,66.8,24906,47858,33270,1251,567,107852,98476,9376,23894
humedo,2026-10-13,2128.52,52.6,66.8,25377,48094,33270,1251,567,108559,98497,10062,23208
humedo,2026-10-14,2128.26,55.3,66.8,25667,48329,33270,1251,567,109085,98519,10566,22704
humedo,2026-10-15,2128.04,58.1,66.8,25953,48565,33270,1251,567,109606,98540,11066,22205
humedo,2026-10-16,2127.89,62.7,66.8,26239,48801,33270,1251,567,110128,98562,11567,21704
humedo,2026-10-17,2127.8,68.0,66.8,26510,49037,33270,1251,567,110634,98583,12051,21219
humedo,2026-10-18,2127.76,70.9,66.8,26796,49272,33270,1251,567,111156,98604,12552,20719
humedo,2026-10-19,2127.77,74.3,66.8,27046,49508,33270,1251,567,111642,98626,13016,20254
humedo,2026-10-20,2127.83,77.6,66.8,27358,49744,33270,1251,567,112190,98647,13542,19728
humedo,2026-10-21,2127.96,82.1,66.8,27664,49979,33270,1251,567,112731,98669,14063,19207
humedo,2026-10-22,2128.17,87.3,66.8,27935,50215,33270,1251,567,113238,98690,14548,18722
humedo,2026-10-23,2128.34,87.5,66.8,27635,50215,33270,1251,567,112938,98712,14226,19044
humedo,2026-10-24,2128.5,87.5,66.8,27637,50215,33270,1251,567,112940,98733,14207,19063
humedo,2026-10-25,2128.66,87.5,66.8,27245,50215,33270,1251,567,112548,98755,13794,19477
humedo,2026-10-26,2128.82,87.5,66.8,27642,50215,33270,1251,567,112945,98776,14169,19101
humedo,2026-10-27,2128.98,87.5,66.8,27644,50215,33270,1251,567,112947,98798,14150,19120
humedo,2026-10-28,2129.14,87.4,66.8,27646,50215,33270,1251,567,112950,98819,14131,19140
humedo,2026-10-29,2129.31,87.4,66.8,27649,50215,33270,1251,567,112952,98841,14111,19159
humedo,2026-10-30,2129.45,86.2,66.8,27256,50215,33270,1251,567,112560,98862,13698,19573
humedo,2026-10-31,2129.57,84.3,66.8,26803,50215,33270,1251,567,112106,98884,13223,20047
humedo,2026-11-01,2129.75,88.6,66.8,27057,52080,33270,1251,567,114226,101445,12780,20490
humedo,2026-11-02,2129.94,90.0,66.8,27060,52080,33270,1251,567,114228,101467,12761,20509
humedo,2026-11-03,2130.14,90.0,66.8,27062,52080,33270,1251,567,114231,101489,12741,20529
humedo,2026-11-04,2130.33,90.0,66.8,26712,52080,33270,1251,567,113880,101511,12369,20902
humedo,2026-11-05,2130.53,90.0,66.8,26615,52080,33270,1251,567,113783,101534,12250,21020
humedo,2026-11-06,2130.7,88.6,66.8,26548,52080,33270,1251,567,113716,101556,12160,21110
humedo,2026-11-07,2130.85,86.7,66.8,26476,52080,33270,1251,567,113645,101578,12067,21203
humedo,2026-11-08,2131.0,86.7,66.8,26400,52080,33270,1251,567,113569,101600,11969,21301
humedo,2026-11-09,2131.13,84.8,66.8,26323,52080,33270,1251,567,113491,101622,11869,21401
humedo,2026-11-10,2131.24,83.1,66.8,26193,52080,33270,1251,567,113362,101644,11718,21553
humedo,2026-11-11,2131.34,83.1,66.8,26195,52080,33270,1251,567,113363,101666,11697,21573
humedo,2026-11-12,2131.45,83.1,66.8,26130,52080,33270,1251,567,113298,101688,11610,21660
humedo,2026-11-13,2131.55,83.1,66.8,25756,52080,33270,1251,567,112925,101710,11214,22056
humedo,2026-11-14,2131.66,83.1,66.8,25731,52080,33270,1251,567,112900,101732,11167,22103
humedo,2026-11-15,2131.76,83.1,66.8,25733,52080,33270,1251,567,112901,101755,11147,22123
humedo,2026-11-16,2131.85,81.8,66.8,25734,52080,33270,1251,567,112903,101777,11126,22144
humedo,2026-11-17,2131.93,81.0,66.8,25736,52080,33270,1251,567,112904,101799,11105,22165
humedo,2026-11-18,2132.01,80.9,66.8,25626,52080,33270,1251,567,112795,101821,10974,22297
humedo,2026-11-19,2132.08,80.4,66.8,25505,52080,33270,1251,567,112673,101843,10830,22440
humedo,2026-11-20,2132.12,78.4,66.8,25493,52080,33270,1251,567,112661,101865,10796,22474
humedo,2026-11-21,2132.14,76.2,66.8,25416,52080,33270,1251,567,112585,101887,10697,22573
humedo,2026-11-22,2132.15,75.7,66.8,25115,52080,33270,1251,567,112283,101910,10374,22896
humedo,2026-11-23,2132.14,74.3,66.8,25115,52080,33270,1251,567,112283,101932,10352,22919
humedo,2026-11-24,2132.11,72.5,66.8,25115,52080,33270,1251,567,112283,101954,10329,22941
humedo,2026-11-25,2132.06,71.4,66.8,25044,52080,33270,1251,567,112212,101976,10236,23034
humedo,2026-11-26,2132.0,70.2,66.8,24983,52080,33270,1251,567,112152,101998,10154,23117
humedo,2026-11-27,2131.91,68.3,66.8,24930,52080,33270,1251,567,112099,102021,10078,23192
humedo,2026-11-28,2131.79,65.7,66.8,24845,52080,33270,1251,567,112014,102043,9971,23299
humedo,2026-11-29,2131.67,65.7,66.8,24705,52080,33270,1251,567,111873,102065,9808,23462
humedo,2026-11-30,2131.52,63.3,66.8,24548,52080,33270,1251,567,111717,102087,9630,23641
humedo,2026-12-01,2131.32,59.1,66.8,24701,49034,33270,1251,567,108823,103893,4930,28340
humedo,2026-12-02,2131.07,56.2,66.8,24317,49034,33270,1251,567,108438,103916,4523,28747
humedo,2026-12-03,2130.8,54.0,66.8,24111,49034,33270,1251,567,108233,103938,4295,28975
humedo,2026-12-04,2130.51,52.6,66.8,24191,49034,33270,1251,567,108313,103961,4352,28918
humedo,2026-12-05,2130.22,52.6,66.8,24047,49034,33270,1251,567,108168,103983,4185,29085
humedo,2026-12-06,2129.93,52.3,66.8,24042,49034,33270,1251,567,108164,104006,4158,29112
humedo,2026-12-07,2129.63,51.8,66.8,24054,49034,33270,1251,567,108176,104029,4147,29123
humedo,2026-12-08,2129.31,50.2,66.8,23964,49034,33270,1251,567,108086,104051,4035,29235
humedo,2026-12-09,2128.97,48.8,66.8,23960,49034,33270,1251,567,108082,104074,4008,29263
humedo,2026-12-10,2128.6,46.3,66.8,23924,49034,33270,1251,567,108046,104097,3950,29321
humedo,2026-12-11,2128.22,45.6,66.8,23919,49034,33270,1251,567,108041,104119,3922,29348
humedo,2026-12-12,2127.84,45.7,66.8,23914,49034,33270,1251,567,108036,104142,3894,29376
humedo,2026-12-13,2127.43,47.2,66.8,23908,49034,33270,1251,567,108030,104165,3866,29404
humedo,2026-12-14,2127.04,48.8,66.8,23898,49034,33270,1251,567,108020,104187,3833,29437
humedo,2026-12-15,2126.67,50.2,66.8,24005,49034,33270,1251,567,108126,104210,3916,29354
humedo,2026-12-16,2126.33,51.4,66.8,24062,49034,33270,1251,567,108184,104233,3951,29319
humedo,2026-12-17,2126.0,52.6,66.8,24214,49034,33270,1251,567,108335,104255,4080,29190
humedo,2026-12-18,2125.69,53.7,66.8,24350,49034,33270,1251,567,108472,104278,4194,29076
humedo,2026-12-19,2125.43,57.0,66.8,24467,49034,33270,1251,567,108589,104301,4288,28982
humedo,2026-12-20,2125.3,65.3,66.8,24521,49034,33270,1251,567,108643,104323,4319,28951
humedo,2026-12-21,2125.26,70.9,66.8,24635,49034,33270,1251,567,108757,104346,4411,28859
humedo,2026-12-22,2125.29,75.6,66.8,24708,49034,33270,1251,567,108829,104369,4461,28809
humedo,2026-12-23,2125.4,80.8,66.8,24697,49034,33270,1251,567,108819,104391,4427,28843
humedo,2026-12-24,2125.54,82.9,66.8,24665,49034,33270,1251,567,108787,104414,4373,28898
humedo,2026-12-25,2125.7,83.6,66.8,24678,49034,33270,1251,567,108800,104437,4363,28907
humedo,2026-12-26,2125.87,84.5,66.8,24744,49034,33270,1251,567,108865,104459,4406,28864
humedo,2026-12-27,2126.05,85.2,66.8,24787,49034,33270,1251,567,108909,104482,4426,28844
humedo,2026-12-28,2126.23,85.1,66.8,24783,49034,33270,1251,567,108905,104505,4400,28871
humedo,2026-12-29,2126.4,85.0,66.8,24779,49034,33270,1251,567,108900,104528,4373,28898
humedo,2026-12-30,2126.58,84.9,66.8,24840,49034,33270,1251,567,108962,104550,4411,28859
humedo,2026-12-31,2126.75,84.7,66.8,24825,49034,33270,1251,567,108947,104573,4374,28896
humedo,2027-01-01,2126.92,84.6,66.8,24811,52234,33270,1251,567,112132,101075,11058,22212
humedo,2027-01-02,2127.12,86.1,66.8,24865,52234,33270,1251,567,112187,101097,11091,22180
humedo,2027-01-03,2127.31,86.0,66.8,24865,52234,33270,1251,567,112187,101119,11068,22202
humedo,2027-01-04,2127.5,85.8,66.8,24862,52234,33270,1251,567,112184,101141,11043,22227
humedo,2027-01-05,2127.72,87.6,66.8,24904,52234,33270,1251,567,112226,101163,11063,22207
humedo,2027-01-06,2127.99,90.7,66.8,24940,52234,33270,1251,567,112261,101185,11077,22193
humedo,2027-01-07,2128.24,90.2,66.8,24952,52234,33270,1251,567,112274,101207,11067,22203
humedo,2027-01-08,2128.43,89.6,66.8,24986,52234,33270,1251,567,112308,101229,11079,22191
humedo,2027-01-09,2128.62,89.1,66.8,25082,52234,33270,1251,567,112404,101251,11153,22117
humedo,2027-01-10,2128.81,90.0,66.8,25260,52234,33270,1251,567,112582,101273,11310,21961
humedo,2027-01-11,2129.0,90.0,66.8,25287,52234,33270,1251,567,112609,101295,11314,21956
humedo,2027-01-12,2129.17,87.4,66.8,25288,52234,33270,1251,567,112610,101317,11293,21977
humedo,2027-01-13,2129.3,85.6,66.8,25289,52234,33270,1251,567,112611,101339,11272,21998
humedo,2027-01-14,2129.44,85.4,66.8,25303,52234,33270,1251,567,112625,101361,11264,22006
humedo,2027-01-15,2129.57,84.9,66.8,25299,52234,33270,1251,567,112621,101383,11238,22032
humedo,2027-01-16,2129.68,83.4,66.8,25300,52234,33270,1251,567,112622,101405,11217,22053
humedo,2027-01-17,2129.78,83.0,66.8,25303,52234,33270,1251,567,112625,101427,11198,22073
humedo,2027-01-18,2129.88,83.0,66.8,25289,52234,33270,1251,567,112611,101449,11162,22108
humedo,2027-01-19,2129.98,82.8,66.8,25306,52234,33270,1251,567,112628,101471,11156,22114
humedo,2027-01-20,2130.09,82.8,66.8,25292,52234,33270,1251,567,112614,101493,11120,22150
humedo,2027-01-21,2130.19,82.7,66.8,25293,52234,33270,1251,567,112615,101515,11100,22170
humedo,2027-01-22,2130.29,82.7,66.8,25295,52234,33270,1251,567,112617,101537,11079,22191
humedo,2027-01-23,2130.38,82.0,66.8,25296,52234,33270,1251,567,112618,101559,11058,22212
humedo,2027-01-24,2130.47,82.0,66.8,25297,52234,33270,1251,567,112619,101582,11038,22233
humedo,2027-01-25,2130.54,80.6,66.8,25299,52234,33270,1251,567,112621,101604,11017,22253
humedo,2027-01-26,2130.59,78.4,66.8,25215,52234,33270,1251,567,112537,101626,10911,22359
humedo,2027-01-27,2130.63,78.4,66.8,25216,52234,33270,1251,567,112537,101648,10890,22381
humedo,2027-01-28,2130.67,78.4,66.8,25400,52234,33270,1251,567,112722,101670,11052,22218
humedo,2027-01-29,2130.75,80.4,66.8,25421,52234,33270,1251,567,112742,101692,11050,22220
humedo,2027-01-30,2130.84,82.0,66.8,25510,52234,33270,1251,567,112832,101714,11118,22152
humedo,2027-01-31,2130.94,83.0,66.8,25627,52234,33270,1251,567,112949,101736,11213,22057
humedo,2027-02-01,2131.04,83.0,66.8,25667,57322,33270,1251,567,118077,105280,12798,20473
humedo,2027-02-02,2131.17,84.5,66.8,25669,57322,33270,1251,567,118079,105303,12776,20494
humedo,2027-02-03,2131.3,85.0,66.8,25671,57322,33270,1251,567,118081,105326,12755,20515
humedo,2027-02-04,2131.44,86.4,66.8,25832,57322,33270,1251,567,118242,105349,12894,20376
humedo,2027-02-05,2131.64,89.8,66.8,25835,57322,33270,1251,567,118245,105371,12873,20397
humedo,2027-02-06,2131.83,89.8,66.8,25837,57322,33270,1251,567,118247,105394,12853,20417
humedo,2027-02-07,2132.03,90.8,66.8,25735,57322,33270,1251,567,118145,105417,12728,20542
humedo,2027-02-08,2132.26,92.1,66.8,25683,57322,33270,1251,567,118093,105440,12653,20617
humedo,2027-02-09,2132.49,93.2,66.8,25686,57322,33270,1251,567,118096,105463,12633,20637
humedo,2027-02-10,2132.76,95.6,66.8,25668,57322,33270,1251,567,118078,105486,12592,20678
humedo,2027-02-11,2133.06,98.2,66.8,25672,57322,33270,1251,567,118082,105509,12573,20698
humedo,2027-02-12,2133.4,98.7,66.8,25676,57322,33270,1251,567,118086,105532,12554,20716
humedo,2027-02-13,2133.74,98.7,66.8,25456,57322,33270,1251,567,117866,105555,12311,20959
humedo,2027-02-14,2134.08,99.1,66.8,25284,57322,33270,1251,567,117694,105578,12116,21154
humedo,2027-02-15,2134.48,102.9,66.8,25418,57322,33270,1251,567,117828,105601,12227,21043
humedo,2027-02-16,2134.89,104.4,66.8,25472,57322,33270,1251,567,117882,105624,12258,21012
humedo,2027-02-17,2135.41,112.1,66.8,25779,57322,33270,1251,567,118189,105647,12542,20728
humedo,2027-02-18,2135.92,112.1,66.8,25963,57322,33270,1251,567,118373,105670,12704,20567
humedo,2027-02-19,2136.48,116.0,66.8,25971,57322,33270,1251,567,118381,105693,12688,20582
humedo,2027-02-20,2137.05,116.0,66.8,26530,57322,33270,1251,567,118940,105716,13224,20046
humedo,2027-02-21,2137.66,119.8,66.8,26658,57322,33270,1251,567,119068,105739,13329,19941
humedo,2027-02-22,2138.27,120.0,66.8,26667,57322,33270,1251,567,119077,105762,13315,19955
humedo,2027-02-23,2138.81,120.0,66.8,26751,57322,33270,1251,567,119161,105785,13376,19894
humedo,2027-02-24,2139.36,120.7,66.8,26767,57322,33270,1251,567,119177,105808,13369,19902
humedo,2027-02-25,2139.91,121.0,66.8,26841,57322,33270,1251,567,119251,105831,13420,19850
humedo,2027-02-26,2140.47,121.9,66.8,27258,57322,33270,1251,567,119668,105854,13814,19456
humedo,2027-02-27,2141.07,125.3,66.8,27693,57322,33270,1251,567,120103,105877,14226,19044
humedo,2027-02-28,2141.63,121.9,66.8,27702,57322,33270,1251,567,120112,105900,14212,19058
humedo,2027-03-01,2142.18,121.0,66.8,27710,55997,33270,1251,567,118795,111084,7711,25559
humedo,2027-03-02,2142.73,121.0,66.8,27554,55997,33270,1251,567,118640,111108,7532,25738
humedo,2027-03-03,2143.28,120.7,66.8,27345,55997,33270,1251,567,118430,111132,7298,25972
humedo,2027-03-04,2143.84,120.0,66.8,27308,55997,33270,1251,567,118394,111157,7237,26033
humedo,2027-03-05,2144.37,118.2,66.8,26838,55997,33270,1251,567,117923,111181,6742,26528
humedo,2027-03-06,2144.86,114.2,66.8,26845,55997,33270,1251,567,117930,111205,6725,26545
humedo,2027-03-07,2145.35,113.4,66.8,26839,55997,33270,1251,567,117925,111229,6695,26575
humedo,2027-03-08,2145.83,113.4,66.8,26776,55997,33270,1251,567,117861,111253,6608,26662
humedo,2027-03-09,2146.3,112.1,66.8,26777,55997,33270,1251,567,117862,111277,6585,26685
humedo,2027-03-10,2146.74,110.1,66.8,26784,55997,33270,1251,567,117869,111302,6567,26703
humedo,2027-03-11,2147.16,107.6,66.8,26790,55997,33270,1251,567,117875,111326,6549,26721
humedo,2027-03-12,2147.58,107.6,66.8,26796,55997,33270,1251,567,117881,111350,6531,26739
humedo,2027-03-13,2148.0,107.6,66.8,26693,55997,33270,1251,567,117778,111374,6404,26866
humedo,2027-03-14,2148.41,107.6,66.8,26808,55997,33270,1251,567,117893,111399,6495,26776
humedo,2027-03-15,2148.81,114.2,66.8,26889,55997,33270,1251,567,117975,111423,6552,26718
humedo,2027-03-16,2149.25,118.2,66.8,26895,55997,33270,1251,567,117980,111447,6533,26737
humedo,2027-03-17,2149.69,118.7,66.8,26901,55997,33270,1251,567,117987,111471,6515,26755
humedo,2027-03-18,2150.13,118.7,66.8,26908,55997,33270,1251,567,117993,111496,6498,26773
humedo,2027-03-19,2150.57,118.2,66.8,26729,55997,33270,1251,567,117814,111520,6295,26976
humedo,2027-03-20,2150.97,114.2,66.8,26674,55997,33270,1251,567,117760,111544,6216,27054
humedo,2027-03-21,2151.37,114.2,66.8,26470,55997,33270,1251,567,117555,111568,5987,27283
humedo,2027-03-22,2151.76,113.0,66.8,26475,55997,33270,1251,567,117561,111593,5968,27302
humedo,2027-03-23,2152.15,113.0,66.8,26481,55997,33270,1251,567,117566,111617,5949,27321
humedo,2027-03-24,2152.49,107.5,66.8,26746,55997,33270,1251,567,117831,111641,6190,27080
humedo,2027-03-25,2152.92,117.6,66.8,26762,55997,33270,1251,567,117848,111665,6182,27088
humedo,2027-03-26,2153.0,122.1,66.8,26757,55997,33270,1251,567,117842,111690,6153,27118
humedo,2027-03-27,2153.0,122.1,66.8,26769,55997,33270,1251,567,117855,111714,6141,27129
humedo,2027-03-28,2153.0,122.1,66.8,26880,55997,33270,1251,567,117966,111738,6228,27043
humedo,2027-03-29,2153.0,122.1,66.8,26954,55997,33270,1251,567,118040,111763,6277,26993
humedo,2027-03-30,2153.0,122.1,66.8,26954,55997,33270,1251,567,118040,111787,6253,27017
humedo,2027-03-31,2153.0,124.7,66.8,26954,55997,33270,1251,567,118040,111811,6229,27041
humedo,2027-04-01,2153.0,124.7,66.8,27031,55863,33270,1251,567,117982,113037,4945,28325
humedo,2027-04-02,2153.0,124.7,66.8,27031,55863,33270,1251,567,117982,113062,4920,28350
humedo,2027-04-03,2153.0,126.2,66.8,27153,55863,33270,1251,567,118104,113086,5018,28253
humedo,2027-04-04,2153.0,129.4,66.8,27397,55863,33270,1251,567,118349,113111,5238,28032
humedo,2027-04-05,2153.0,130.9,66.8,27498,55863,33270,1251,567,118449,113136,5313,27957
humedo,2027-04-06,2153.0,131.9,66.8,27721,55863,33270,1251,567,118672,113160,5512,27758
humedo,2027-04-07,2153.0,132.5,66.8,27721,55863,33270,1251,567,118672,113185,5488,27783
humedo,2027-04-08,2153.0,132.5,66.8,28078,55863,33270,1251,567,119029,113209,5820,27450
humedo,2027-04-09,2153.0,132.5,66.8,28177,55863,33270,1251,567,119129,113234,5895,27375
humedo,2027-04-10,2153.0,132.5,66.8,28225,55863,33270,1251,567,119176,113259,5918,27352
humedo,2027-04-11,2153.0,132.5,66.8,28430,55863,33270,1251,567,119382,113283,6099,27172
humedo,2027-04-12,2153.0,144.8,66.8,28451,55863,33270,1251,567,119402,113308,6094,27176
humedo,2027-04-13,2153.0,164.7,66.8,28711,55863,33270,1251,567,119662,113333,6330,26941
humedo,2027-04-14,2153.0,171.0,66.8,28785,55863,33270,1251,567,119736,113357,6379,26891
humedo,2027-04-15,2153.0,171.0,66.8,28810,55863,33270,1251,567,119762,113382,6380,26891
humedo,2027-04-16,2153.0,170.1,66.8,29116,55863,33270,1251,567,120068,113407,6661,26609
humedo,2027-04-17,2153.0,166.6,66.8,29340,55863,33270,1251,567,120291,113431,6860,26410
humedo,2027-04-18,2153.0,166.6,66.8,29363,55863,33270,1251,567,120314,113456,6859,26412
humedo,2027-04-19,2153.0,166.6,66.8,29373,55863,33270,1251,567,120324,113481,6844,26426
humedo,2027-04-20,2153.0,166.6,66.8,29614,55863,33270,1251,567,120566,113505,7060,26210
humedo,2027-04-21,2153.0,156.7,66.8,30841,55863,33270,1251,567,121793,113530,8263,25007
humedo,2027-04-22,2153.0,153.6,66.8,30841,55863,33270,1251,567,121793,113555,8238,25032
humedo,2027-04-23,2153.0,152.2,66.8,30534,55863,33270,1251,567,121485,113579,7906,25364
humedo,2027-04-24,2153.0,148.0,66.8,30534,55863,33270,1251,567,121485,113604,7881,25389
humedo,2027-04-25,2153.0,148.0,66.8,30031,55863,33270,1251,567,120982,113629,7353,25917
humedo,2027-04-26,2153.0,148.0,66.8,30842,55863,33270,1251,567,121793,113653,8140,25130
humedo,2027-04-27,2153.0,152.2,66.8,31136,55863,33270,1251,567,122087,113678,8409,24861
humedo,2027-04-28,2153.0,152.2,66.8,31199,55863,33270,1251,567,122151,113703,8448,24822
humedo,2027-04-29,2153.0,152.2,66.8,31282,55863,33270,1251,567,122233,113728,8506,24764
humedo,2027-04-30,2153.0,153.6,66.8,33184,55863,33270,1251,567,124136,113752,10383,22887
humedo,2027-05-01,2153.0,153.6,66.8,33184,58493,33270,1251,567,126765,111455,15310,17961
humedo,2027-05-02,2153.0,156.7,66.8,33492,58493,33270,1251,567,127073,111480,15593,17677
humedo,2027-05-03,2153.0,160.9,66.8,33610,58493,33270,1251,567,127191,111504,15687,17583
humedo,2027-05-04,2153.0,165.8,66.8,33610,58493,33270,1251,567,127191,111528,15663,17607
humedo,2027-05-05,2153.0,165.8,66.8,33492,58493,33270,1251,567,127073,111552,15520,17750
humedo,2027-05-06,2153.0,165.8,66.8,33750,58493,33270,1251,567,127331,111577,15754,17516
humedo,2027-05-07,2153.0,165.8,66.8,33785,58493,33270,1251,567,127366,111601,15765,17505
humedo,2027-05-08,2153.0,165.8,66.8,33785,58493,33270,1251,567,127366,111625,15741,17530
humedo,2027-05-09,2153.0,165.8,66.8,33750,58493,33270,1251,567,127331,111649,15681,17589
humedo,2027-05-10,2153.0,165.8,66.8,33785,58493,33270,1251,567,127366,111674,15692,17578
humedo,2027-05-11,2153.0,165.8,66.8,33806,58493,33270,1251,567,127386,111698,15688,17582
humedo,2027-05-12,2153.0,165.8,66.8,33806,58493,33270,1251,567,127386,111722,15664,17606
humedo,2027-05-13,2153.0,161.3,66.8,34008,58493,33270,1251,567,127589,111747,15842,17428
humedo,2027-05-14,2153.0,156.7,66.8,34008,58493,33270,1251,567,127589,111771,15818,17452
humedo,2027-05-15,2153.0,151.4,66.8,34061,58493,33270,1251,567,127641,111795,15846,17424
humedo,2027-05-16,2153.0,153.4,66.8,34852,58493,33270,1251,567,128433,111820,16613,16657
humedo,2027-05-17,2153.0,153.4,66.8,34061,58493,33270,1251,567,127641,111844,15798,17473
humedo,2027-05-18,2153.0,153.4,66.8,34885,58493,33270,1251,567,128466,111868,16598,16672
humedo,2027-05-19,2153.0,153.4,66.8,34885,58493,33270,1251,567,128466,111893,16574,16697
humedo,2027-05-20,2153.0,153.7,66.8,34344,58493,33270,1251,567,127924,111917,16008,17263
humedo,2027-05-21,2153.0,160.0,66.8,33875,58493,33270,1251,567,127455,111941,15514,17756
humedo,2027-05-22,2153.0,160.8,66.8,33873,58493,33270,1251,567,127453,111966,15488,17782
humedo,2027-05-23,2153.0,160.9,66.8,34344,58493,33270,1251,567,127924,111990,15934,17336
humedo,2027-05-24,2153.0,161.3,66.8,34885,58493,33270,1251,567,128466,112014,16452,16818
humedo,2027-05-25,2153.0,163.1,66.8,34912,58493,33270,1251,567,128493,112039,16454,16816
humedo,2027-05-26,2153.0,161.3,66.8,34912,58493,33270,1251,567,128493,112063,16430,16841
humedo,2027-05-27,2153.0,160.9,66.8,34634,58493,33270,1251,567,128215,112087,16127,17143
humedo,2027-05-28,2153.0,160.2,66.8,34344,58493,33270,1251,567,127924,112112,15813,17458
humedo,2027-05-29,2153.0,155.6,66.8,34344,58493,33270,1251,567,127924,112136,15788,17482
humedo,2027-05-30,2153.0,153.4,66.8,34344,58493,33270,1251,567,127924,112161,15764,17506
humedo,2027-05-31,2153.0,151.4,66.8,34344,58493,33270,1251,567,127924,112185,15739,17531
humedo,2027-06-01,2153.0,153.4,66.8,34634,58506,33270,1251,567,128228,107540,20688,12582
humedo,2027-06-02,2153.0,155.6,66.8,34958,58506,33270,1251,567,128552,107563,20989,12281
humedo,2027-06-03,2153.0,155.6,66.8,34958,58506,33270,1251,567,128552,107587,20966,12305
humedo,2027-06-04,2153.0,151.4,66.8,34958,58506,33270,1251,567,128552,107610,20942,12328
humedo,2027-06-05,2153.0,151.4,66.8,35069,58506,33270,1251,567,128663,107634,21029,12241
humedo,2027-06-06,2153.0,149.4,66.8,34982,58506,33270,1251,567,128576,107657,20919,12351
humedo,2027-06-07,2153.0,147.6,66.8,34876,58506,33270,1251,567,128470,107680,20790,12481
humedo,2027-06-08,2153.0,141.0,66.8,34876,58506,33270,1251,567,128470,107704,20766,12504
humedo,2027-06-09,2153.0,145.1,66.8,34982,58506,33270,1251,567,128576,107727,20849,12421
humedo,2027-06-10,2153.0,147.6,66.8,35060,58506,33270,1251,567,128653,107751,20903,12367
humedo,2027-06-11,2153.0,147.6,66.8,35060,58506,33270,1251,567,128653,107774,20879,12391
humedo,2027-06-12,2153.0,155.6,66.8,35086,58506,33270,1251,567,128680,107798,20883,12388
humedo,2027-06-13,2153.0,160.4,66.8,35086,58506,33270,1251,567,128680,107821,20859,12411
humedo,2027-06-14,2153.0,160.4,66.8,35060,58506,33270,1251,567,128653,107844,20809,12461
humedo,2027-06-15,2153.0,163.0,66.8,34876,58506,33270,1251,567,128470,107868,20602,12668
humedo,2027-06-16,2153.0,163.0,66.8,34659,58506,33270,1251,567,128253,107891,20361,12909
humedo,2027-06-17,2153.0,165.0,66.8,35069,58506,33270,1251,567,128663,107915,20748,12523
humedo,2027-06-18,2153.0,170.8,66.8,36022,58506,33270,1251,567,129615,107938,21677,11593
humedo,2027-06-19,2153.0,185.4,66.8,36977,58506,33270,1251,567,130571,107962,22609,10661
humedo,2027-06-20,2153.0,186.2,66.8,37080,58506,33270,1251,567,130674,107985,22689,10581
humedo,2027-06-21,2153.0,186.2,66.8,37215,58506,33270,1251,567,130808,108009,22800,10471
humedo,2027-06-22,2153.0,187.7,66.8,37215,58506,33270,1251,567,130808,108032,22776,10494
humedo,2027-06-23,2153.0,187.7,66.8,37215,58506,33270,1251,567,130808,108056,22753,10518
humedo,2027-06-24,2153.0,205.8,66.8,37291,58506,33270,1251,567,130885,108079,22806,10465
humedo,2027-06-25,2153.0,210.2,66.8,38555,58506,33270,1251,567,132149,108103,24046,9224
humedo,2027-06-26,2153.0,215.2,66.8,38807,58506,33270,1251,567,132401,108126,24275,8995
humedo,2027-06-27,2153.0,220.2,66.8,38982,58506,33270,1251,567,132576,108150,24426,8844
humedo,2027-06-28,2153.0,231.9,66.8,39199,58506,33270,1251,567,132793,108173,24619,8651
humedo,2027-06-29,2153.0,237.5,66.8,40466,58506,33270,1251,567,134060,108197,25863,7407
humedo,2027-06-30,2153.0,237.5,66.8,40466,58506,33270,1251,567,134060,108220,25840,7430
humedo,2027-07-01,2153.0,237.5,66.8,40466,56645,33270,1251,567,132200,107309,24891,8379
humedo,2027-07-02,2153.0,243.4,66.8,40466,56645,33270,1251,567,132200,107332,24867,8403
humedo,2027-07-03,2153.0,243.4,66.8,40466,56645,33270,1251,567,132200,107356,24844,8426
humedo,2027-07-04,2153.0,252.1,66.8,40466,56645,33270,1251,567,132200,107379,24821,8450
humedo,2027-07-05,2153.0,256.1,66.8,40466,56645,33270,1251,567,132200,107402,24797,8473
humedo,2027-07-06,2153.0,252.9,66.8,40466,56645,33270,1251,567,132200,107426,24774,8496
humedo,2027-07-07,2153.0,252.9,66.8,40466,56645,33270,1251,567,132200,107449,24751,8520
humedo,2027-07-08,2153.0,252.9,66.8,40466,56645,33270,1251,567,132200,107472,24727,8543
humedo,2027-07-09,2153.0,256.1,66.8,40466,56645,33270,1251,567,132200,107496,24704,8566
humedo,2027-07-10,2153.0,252.9,66.8,40466,56645,33270,1251,567,132200,107519,24680,8590
humedo,2027-07-11,2153.0,251.4,66.8,40466,56645,33270,1251,567,132200,107543,24657,8613
humedo,2027-07-12,2153.0,242.8,66.8,40466,56645,33270,1251,567,132200,107566,24634,8637
humedo,2027-07-13,2153.0,242.8,66.8,40466,56645,33270,1251,567,132200,107589,24610,8660
humedo,2027-07-14,2153.0,242.8,66.8,40466,56645,33270,1251,567,132200,107613,24587,8683
humedo,2027-07-15,2153.0,242.8,66.8,40466,56645,33270,1251,567,132200,107636,24563,8707
humedo,2027-07-16,2153.0,226.1,66.8,40466,56645,33270,1251,567,132200,107660,24540,8730
humedo,2027-07-17,2153.0,220.2,66.8,40466,56645,33270,1251,567,132200,107683,24517,8754
humedo,2027-07-18,2153.0,215.4,66.8,40466,56645,33270,1251,567,132200,107706,24493,8777
humedo,2027-07-19,2153.0,198.5,66.8,40143,56645,33270,1251,567,131876,107730,24146,9124
humedo,2027-07-20,2153.0,187.3,66.8,36997,56645,33270,1251,567,128731,107753,20977,12293
humedo,2027-07-21,2153.0,186.2,66.8,35567,56645,33270,1251,567,127301,107777,19524,13746
humedo,2027-07-22,2153.0,186.2,66.8,35048,56645,33270,1251,567,126782,107800,18981,14289
humedo,2027-07-23,2153.0,185.1,66.8,34803,56645,33270,1251,567,126536,107824,18713,14558
humedo,2027-07-24,2153.0,185.1,66.8,34389,56645,33270,1251,567,126122,107847,18275,14996
humedo,2027-07-25,2153.0,175.6,66.8,33800,56645,33270,1251,567,125534,107871,17663,15607
humedo,2027-07-26,2153.0,164.8,66.8,33137,56645,33270,1251,567,124870,107894,16976,16294
humedo,2027-07-27,2153.0,164.8,66.8,33120,56645,33270,1251,567,124853,107918,16936,16335
humedo,2027-07-28,2153.0,163.0,66.8,33120,56645,33270,1251,567,124853,107941,16912,16358
humedo,2027-07-29,2153.0,161.6,66.8,33015,56645,33270,1251,567,124748,107964,16783,16487
humedo,2027-07-30,2153.0,155.3,66.8,32564,56645,33270,1251,567,124297,107988,16309,16961
humedo,2027-07-31,2153.0,155.3,66.8,32870,56645,33270,1251,567,124603,108011,16592,16679
humedo,2027-08-01,2153.0,154.4,66.8,32547,50318,33270,1251,567,117953,107436,10517,22753
humedo,2027-08-02,2153.0,151.7,66.8,32301,50318,33270,1251,567,117707,107459,10248,23022
humedo,2027-08-03,2153.0,142.2,66.8,31727,50318,33270,1251,567,117133,107482,9651,23620
humedo,2027-08-04,2153.0,136.6,66.8,31585,50318,33270,1251,567,116992,107506,9486,23784
humedo,2027-08-05,2153.0,134.7,66.8,31364,50318,33270,1251,567,116770,107529,9241,24029
humedo,2027-08-06,2153.0,130.7,66.8,31364,50318,33270,1251,567,116770,107553,9218,24053
humedo,2027-08-07,2153.0,129.7,66.8,31364,50318,33270,1251,567,116770,107576,9194,24076
humedo,2027-08-08,2153.0,126.2,66.8,31364,50318,33270,1251,567,116770,107599,9171,24099
humedo,2027-08-09,2153.0,117.7,66.8,31186,50318,33270,1251,567,116592,107623,8970,24301
humedo,2027-08-10,2153.0,117.7,66.8,31364,50318,33270,1251,567,116770,107646,9124,24146
humedo,2027-08-11,2153.0,117.5,66.8,31477,50318,33270,1251,567,116883,107670,9213,24057
humedo,2027-08-12,2153.0,115.9,66.8,31710,50318,33270,1251,567,117116,107693,9423,23847
humedo,2027-08-13,2153.0,112.9,66.8,31724,50318,33270,1251,567,117130,107716,9414,23857
humedo,2027-08-14,2153.0,112.9,66.8,31724,50318,33270,1251,567,117130,107740,9390,23880
humedo,2027-08-15,2153.0,112.9,66.8,31835,50318,33270,1251,567,117241,107763,9478,23792
humedo,2027-08-16,2153.0,115.0,66.8,31724,50318,33270,1251,567,117130,107787,9343,23927
humedo,2027-08-17,2153.0,115.0,66.8,31724,50318,33270,1251,567,117130,107810,9320,23950
humedo,2027-08-18,2153.0,116.1,66.8,31724,50318,33270,1251,567,117130,107834,9296,23974
humedo,2027-08-19,2153.0,116.1,66.8,31724,50318,33270,1251,567,117130,107857,9273,23997
humedo,2027-08-20,2153.0,112.2,66.8,31710,50318,33270,1251,567,117116,107881,9235,24035
humedo,2027-08-21,2153.0,111.5,66.8,31710,50318,33270,1251,567,117116,107904,9212,24058
humedo,2027-08-22,2153.0,110.4,66.8,31710,50318,33270,1251,567,117116,107927,9188,24082
humedo,2027-08-23,2153.0,107.2,66.8,31710,50318,33270,1251,567,117116,107951,9165,24105
humedo,2027-08-24,2153.0,107.2,66.8,31710,50318,33270,1251,567,117116,107974,9141,24129
humedo,2027-08-25,2153.0,107.2,66.8,31585,50318,33270,1251,567,116992,107998,8994,24277
humedo,2027-08-26,2153.0,107.2,66.8,31585,50318,33270,1251,567,116992,108021,8970,24300
humedo,2027-08-27,2153.0,105.8,66.8,31474,50318,33270,1251,567,116880,108045,8835,24435
humedo,2027-08-28,2153.0,95.8,66.8,31195,50318,33270,1251,567,116601,108068,8532,24738
humedo,2027-08-29,2153.0,95.8,66.8,31195,50318,33270,1251,567,116601,108092,8509,24761
humedo,2027-08-30,2153.0,97.3,66.8,31195,50318,33270,1251,567,116601,108115,8485,24785
humedo,2027-08-31,2153.0,91.3,66.8,29914,50318,33270,1251,567,115320,108139,7181,26089
humedo,2027-09-01,2153.0,88.7,66.8,29539,47993,33270,1251,567,112620,106872,5747,27523
humedo,2027-09-02,2153.0,86.9,66.8,29492,47993,33270,1251,567,112573,106896,5677,27593
humedo,2027-09-03,2153.0,88.7,66.8,29492,47993,33270,1251,567,112573,106919,5654,27616
humedo,2027-09-04,2153.0,90.5,66.8,29539,47993,33270,1251,567,112620,106942,5678,27592
humedo,2027-09-05,2153.0,88.7,66.8,29492,47993,33270,1251,567,112573,106966,5607,27663
humedo,2027-09-06,2153.0,86.4,66.8,29148,47993,33270,1251,567,112230,106989,5241,28029
humedo,2027-09-07,2153.0,85.2,66.8,29047,47993,33270,1251,567,112128,107012,5116,28154
humedo,2027-09-08,2153.0,84.0,66.8,29047,47993,33270,1251,567,112128,107035,5093,28177
humedo,2027-09-09,2153.0,84.0,66.8,28998,47993,33270,1251,567,112079,107059,5021,28249
humedo,2027-09-10,2153.0,82.3,66.8,28737,47993,33270,1251,567,111818,107082,4737,28534
humedo,2027-09-11,2153.0,82.3,66.8,28533,47993,33270,1251,567,111614,107105,4509,28761
humedo,2027-09-12,2153.0,79.3,66.8,28289,47993,33270,1251,567,111370,107128,4242,29028
humedo,2027-09-13,2153.0,79.3,66.8,28179,47993,33270,1251,567,111261,107152,4109,29161
humedo,2027-09-14,2153.0,78.9,66.8,27910,47993,33270,1251,567,110991,107175,3816,29454
humedo,2027-09-15,2153.0,77.6,66.8,27775,47993,33270,1251,567,110856,107198,3658,29612
humedo,2027-09-16,2153.0,75.8,66.8,27775,47993,33270,1251,567,110856,107222,3635,29636
humedo,2027-09-17,2153.0,75.8,66.8,27910,47993,33270,1251,567,110991,107245,3746,29524
humedo,2027-09-18,2153.0,75.8,66.8,27775,47993,33270,1251,567,110856,107268,3588,29682
humedo,2027-09-19,2153.0,74.7,66.8,27424,47993,33270,1251,567,110505,107292,3213,30057
humedo,2027-09-20,2153.0,71.1,66.8,27383,47993,33270,1251,567,110465,107315,3150,30121
humedo,2027-09-21,2153.0,69.5,66.8,27383,47993,33270,1251,567,110465,107338,3126,30144
humedo,2027-09-22,2152.99,68.6,66.8,27383,47993,33270,1251,567,110465,107362,3103,30167
humedo,2027-09-23,2152.98,68.8,66.8,27351,47993,33270,1251,567,110432,107385,3047,30223
humedo,2027-09-24,2152.97,68.9,66.8,27362,47993,33270,1251,567,110444,107408,3035,30235
humedo,2027-09-25,2152.97,69.6,66.8,27381,47993,33270,1251,567,110462,107432,3030,30240
humedo,2027-09-26,2152.97,69.1,66.8,27389,47993,33270,1251,567,110470,107455,3015,30255
humedo,2027-09-27,2152.96,69.3,66.8,27357,47993,33270,1251,567,110438,107479,2959,30311
humedo,2027-09-28,2152.96,69.4,66.8,27359,47993,33270,1251,567,110440,107502,2938,30332
humedo,2027-09-29,2152.96,69.5,66.8,27414,47993,33270,1251,567,110495,107525,2970,30300
humedo,2027-09-30,2152.96,69.6,66.8,27681,47993,33270,1251,567,110763,107549,3214,30056
humedo,2027-10-01,2152.96,69.7,66.8,27529,50215,33270,1251,567,112833,106358,6475,26796
humedo,2027-10-02,2152.96,69.6,66.8,27554,50215,33270,1251,567,112858,106381,6477,26794
humedo,2027-10-03,2152.95,69.2,66.8,27456,50215,33270,1251,567,112759,106404,6355,26915
humedo,2027-10-04,2152.95,69.3,66.8,27466,50215,33270,1251,567,112770,106427,6342,26928
humedo,2027-10-05,2152.95,69.4,66.8,27477,50215,33270,1251,567,112780,106451,6330,26941
humedo,2027-10-06,2152.95,69.6,66.8,27553,50215,33270,1251,567,112856,106474,6382,26888
humedo,2027-10-07,2152.95,70.0,66.8,27563,50215,33270,1251,567,112866,106497,6370,26901
